Sl.No.,Subject,"No. of Questions asked","No. of Questions orally answered","No. of Supplementaries asked"
1,A.S.I.,3,0,0
2,Bio-Tourism,1,0,0
3,"Birsa Munda",1,0,0
4,"Cultural programme",4,0,0
5,"Development of tourism",8,0,0
6,"Heritage hotels",1,0,0
7,Invitations,1,0,0
8,I.T.D.C.,8,0,0
9,"Kohinoor Diamonds",2,0,0
10,Museum/Monuments,15,0,0
11,N.G.M.A.,1,0,0
11A.,"National Tourism Advisory Council",1,0,0
12,"Overseas Tourist Offices",3,0,0
13,"Printing of books",1,0,0
13A.,"Rock Garden",1,0,0
14,"Science city",4,0,0
15,"SC/ST candidates",1,0,0
16,"Sahitya Academy",3,0,0
17,"Sound and Light show",5,0,0
18,Temples,2,0,0
18A.,"Terrorism attack",2,0,0
19,"Tourism in Hilly areas",8,0,0
20,"Tourism inflow",15,0,0
21,"Tourism Policy",9,0,0
22,"Tourist Protection Force",2,0,0
23,"Yatri Niwas",4,0,0
TOTAL:,TOTAL:,106,0,0
