StateName,DistrictName,BlockName,GramPanchayatName,IHHLTotalAsPerDetails,IHHLTotalAch,Date
"Uttar Pradesh","SANT RAVIDAS NAGAR( BHADOHI)",ABHAULI,ABHOLI,456,456,"7/22/2019 12:00:00 AM"
"Uttar Pradesh","SANT RAVIDAS NAGAR( BHADOHI)",ABHAULI,AMILHARA,583,583,"7/22/2019 12:00:00 AM"
"Uttar Pradesh","SANT RAVIDAS NAGAR( BHADOHI)",ABHAULI,ANANDDEEH,642,642,"7/22/2019 12:00:00 AM"
"Uttar Pradesh","SANT RAVIDAS NAGAR( BHADOHI)",ABHAULI,ASAIPUR,366,366,"7/22/2019 12:00:00 AM"
"Uttar Pradesh","SANT RAVIDAS NAGAR( BHADOHI)",ABHAULI,BAVAI,469,469,"7/22/2019 12:00:00 AM"
"Uttar Pradesh","SANT RAVIDAS NAGAR( BHADOHI)",ABHAULI,BHANDA,606,606,"7/22/2019 12:00:00 AM"
"Uttar Pradesh","SANT RAVIDAS NAGAR( BHADOHI)",ABHAULI,BHAUTHAR,91,91,"7/22/2019 12:00:00 AM"
"Uttar Pradesh","SANT RAVIDAS NAGAR( BHADOHI)",ABHAULI,BHIKHAMAPUR,161,161,"7/22/2019 12:00:00 AM"
"Uttar Pradesh","SANT RAVIDAS NAGAR( BHADOHI)",ABHAULI,BIRPUR,447,447,"7/22/2019 12:00:00 AM"
"Uttar Pradesh","SANT RAVIDAS NAGAR( BHADOHI)",ABHAULI,"BISAULI KRIPALPUR",468,468,"7/22/2019 12:00:00 AM"
"Uttar Pradesh","SANT RAVIDAS NAGAR( BHADOHI)",ABHAULI,"BORI BOJH",449,449,"7/22/2019 12:00:00 AM"
"Uttar Pradesh","SANT RAVIDAS NAGAR( BHADOHI)",ABHAULI,"CHAK GUMANI",195,195,"7/22/2019 12:00:00 AM"
"Uttar Pradesh","SANT RAVIDAS NAGAR( BHADOHI)",ABHAULI,"DANPUR PATTI WEST",328,328,"7/22/2019 12:00:00 AM"
"Uttar Pradesh","SANT RAVIDAS NAGAR( BHADOHI)",ABHAULI,"DANUPUR PATTI PURAB",283,283,"7/22/2019 12:00:00 AM"
"Uttar Pradesh","SANT RAVIDAS NAGAR( BHADOHI)",ABHAULI,DASAWATPUR,392,392,"7/22/2019 12:00:00 AM"
"Uttar Pradesh","SANT RAVIDAS NAGAR( BHADOHI)",ABHAULI,DAYALPUR,367,367,"7/22/2019 12:00:00 AM"
"Uttar Pradesh","SANT RAVIDAS NAGAR( BHADOHI)",ABHAULI,"DHANAUPUR Z. BACHHA PATTI",261,261,"7/22/2019 12:00:00 AM"
"Uttar Pradesh","SANT RAVIDAS NAGAR( BHADOHI)",ABHAULI,"FATTUPUR OR BRAHMNAN",60,60,"7/22/2019 12:00:00 AM"
"Uttar Pradesh","SANT RAVIDAS NAGAR( BHADOHI)",ABHAULI,GADAURA,333,333,"7/22/2019 12:00:00 AM"
"Uttar Pradesh","SANT RAVIDAS NAGAR( BHADOHI)",ABHAULI,"GANGA RAMPUR",380,380,"7/22/2019 12:00:00 AM"
"Uttar Pradesh","SANT RAVIDAS NAGAR( BHADOHI)",ABHAULI,"GAURA Z.SHRIPUR",388,388,"7/22/2019 12:00:00 AM"
"Uttar Pradesh","SANT RAVIDAS NAGAR( BHADOHI)",ABHAULI,"GOKUL PATTI",398,398,"7/22/2019 12:00:00 AM"
"Uttar Pradesh","SANT RAVIDAS NAGAR( BHADOHI)",ABHAULI,GOPIPUR,565,565,"7/22/2019 12:00:00 AM"
"Uttar Pradesh","SANT RAVIDAS NAGAR( BHADOHI)",ABHAULI,GOWALI,493,493,"7/22/2019 12:00:00 AM"
"Uttar Pradesh","SANT RAVIDAS NAGAR( BHADOHI)",ABHAULI,HARDUA,624,624,"7/22/2019 12:00:00 AM"
"Uttar Pradesh","SANT RAVIDAS NAGAR( BHADOHI)",ABHAULI,HARIPATTI,144,144,"7/22/2019 12:00:00 AM"
"Uttar Pradesh","SANT RAVIDAS NAGAR( BHADOHI)",ABHAULI,JAGATPUR,287,287,"7/22/2019 12:00:00 AM"
"Uttar Pradesh","SANT RAVIDAS NAGAR( BHADOHI)",ABHAULI,KANAKPUR,287,287,"7/22/2019 12:00:00 AM"
"Uttar Pradesh","SANT RAVIDAS NAGAR( BHADOHI)",ABHAULI,KARANPUR,430,430,"7/22/2019 12:00:00 AM"
"Uttar Pradesh","SANT RAVIDAS NAGAR( BHADOHI)",ABHAULI,KHEOKHAR,616,616,"7/22/2019 12:00:00 AM"
"Uttar Pradesh","SANT RAVIDAS NAGAR( BHADOHI)",ABHAULI,KURHWA,412,412,"7/22/2019 12:00:00 AM"
"Uttar Pradesh","SANT RAVIDAS NAGAR( BHADOHI)",ABHAULI,LOKMANPUR,100,100,"7/22/2019 12:00:00 AM"
"Uttar Pradesh","SANT RAVIDAS NAGAR( BHADOHI)",ABHAULI,"MAKANPUR ROHI",318,318,"7/22/2019 12:00:00 AM"
"Uttar Pradesh","SANT RAVIDAS NAGAR( BHADOHI)",ABHAULI,MASUDHI,348,348,"7/22/2019 12:00:00 AM"
"Uttar Pradesh","SANT RAVIDAS NAGAR( BHADOHI)",ABHAULI,MATETHU,198,198,"7/22/2019 12:00:00 AM"
"Uttar Pradesh","SANT RAVIDAS NAGAR( BHADOHI)",ABHAULI,"MAU RAMSHALA",332,332,"7/22/2019 12:00:00 AM"
"Uttar Pradesh","SANT RAVIDAS NAGAR( BHADOHI)",ABHAULI,MISRAINPUR,480,480,"7/22/2019 12:00:00 AM"
"Uttar Pradesh","SANT RAVIDAS NAGAR( BHADOHI)",ABHAULI,NAGMANPUR,502,502,"7/22/2019 12:00:00 AM"
"Uttar Pradesh","SANT RAVIDAS NAGAR( BHADOHI)",ABHAULI,"NAVAL KAPURA OR NAVALPUR",272,272,"7/22/2019 12:00:00 AM"
"Uttar Pradesh","SANT RAVIDAS NAGAR( BHADOHI)",ABHAULI,"NEWADA ROHI",586,586,"7/22/2019 12:00:00 AM"
"Uttar Pradesh","SANT RAVIDAS NAGAR( BHADOHI)",ABHAULI,NIBI,362,362,"7/22/2019 12:00:00 AM"
"Uttar Pradesh","SANT RAVIDAS NAGAR( BHADOHI)",ABHAULI,PARAUPUR,400,400,"7/22/2019 12:00:00 AM"
"Uttar Pradesh","SANT RAVIDAS NAGAR( BHADOHI)",ABHAULI,PAYAGPUR,180,180,"7/22/2019 12:00:00 AM"
"Uttar Pradesh","SANT RAVIDAS NAGAR( BHADOHI)",ABHAULI,"RAM NAGAR",546,546,"7/22/2019 12:00:00 AM"
"Uttar Pradesh","SANT RAVIDAS NAGAR( BHADOHI)",ABHAULI,RAMCHANDRAPUR,93,93,"7/22/2019 12:00:00 AM"
"Uttar Pradesh","SANT RAVIDAS NAGAR( BHADOHI)",ABHAULI,SADAWPUR,313,313,"7/22/2019 12:00:00 AM"
"Uttar Pradesh","SANT RAVIDAS NAGAR( BHADOHI)",ABHAULI,SAGARPUR,353,353,"7/22/2019 12:00:00 AM"
"Uttar Pradesh","SANT RAVIDAS NAGAR( BHADOHI)",ABHAULI,SAMRA,206,206,"7/22/2019 12:00:00 AM"
"Uttar Pradesh","SANT RAVIDAS NAGAR( BHADOHI)",ABHAULI,"SARAI HOLA",445,445,"7/22/2019 12:00:00 AM"
"Uttar Pradesh","SANT RAVIDAS NAGAR( BHADOHI)",ABHAULI,"SARAI RUDDI",100,100,"7/22/2019 12:00:00 AM"
"Uttar Pradesh","SANT RAVIDAS NAGAR( BHADOHI)",ABHAULI,"SARI KANSRAI",421,421,"7/22/2019 12:00:00 AM"
"Uttar Pradesh","SANT RAVIDAS NAGAR( BHADOHI)",ABHAULI,"SHERPUR GOPALHA",467,467,"7/22/2019 12:00:00 AM"
"Uttar Pradesh","SANT RAVIDAS NAGAR( BHADOHI)",ABHAULI,"SHRIPUR Z.GARAURA",236,236,"7/22/2019 12:00:00 AM"
"Uttar Pradesh","SANT RAVIDAS NAGAR( BHADOHI)",ABHAULI,"VEER BHADRA PATTI",406,406,"7/22/2019 12:00:00 AM"
"Uttar Pradesh","SANT RAVIDAS NAGAR( BHADOHI)",ABHAULI,VEERAMPUR,410,410,"7/22/2019 12:00:00 AM"
"Uttar Pradesh","SANT RAVIDAS NAGAR( BHADOHI)",ABHAULI,VIJAYPUR,98,98,"7/22/2019 12:00:00 AM"
"Uttar Pradesh","SANT RAVIDAS NAGAR( BHADOHI)",AURAI,ACHHAWAR,893,893,"7/22/2019 12:00:00 AM"
"Uttar Pradesh","SANT RAVIDAS NAGAR( BHADOHI)",AURAI,AHIMANPUR,317,317,"7/22/2019 12:00:00 AM"
"Uttar Pradesh","SANT RAVIDAS NAGAR( BHADOHI)",AURAI,ALMAU,222,222,"7/22/2019 12:00:00 AM"
"Uttar Pradesh","SANT RAVIDAS NAGAR( BHADOHI)",AURAI,ALUA,606,606,"7/22/2019 12:00:00 AM"
"Uttar Pradesh","SANT RAVIDAS NAGAR( BHADOHI)",AURAI,"AMVA MAFI",456,456,"7/22/2019 12:00:00 AM"
"Uttar Pradesh","SANT RAVIDAS NAGAR( BHADOHI)",AURAI,AURAI,548,548,"7/22/2019 12:00:00 AM"
"Uttar Pradesh","SANT RAVIDAS NAGAR( BHADOHI)",AURAI,AURANGABAD,136,136,"7/22/2019 12:00:00 AM"
"Uttar Pradesh","SANT RAVIDAS NAGAR( BHADOHI)",AURAI,"BAIRA KHAS",322,322,"7/22/2019 12:00:00 AM"
"Uttar Pradesh","SANT RAVIDAS NAGAR( BHADOHI)",AURAI,BANAULI,567,567,"7/22/2019 12:00:00 AM"
"Uttar Pradesh","SANT RAVIDAS NAGAR( BHADOHI)",AURAI,BANJARI,209,209,"7/22/2019 12:00:00 AM"
"Uttar Pradesh","SANT RAVIDAS NAGAR( BHADOHI)",AURAI,BANWARIPUR,130,130,"7/22/2019 12:00:00 AM"
"Uttar Pradesh","SANT RAVIDAS NAGAR( BHADOHI)",AURAI,BARIGAON,303,303,"7/22/2019 12:00:00 AM"
"Uttar Pradesh","SANT RAVIDAS NAGAR( BHADOHI)",AURAI,BASANTAPUR,488,488,"7/22/2019 12:00:00 AM"
"Uttar Pradesh","SANT RAVIDAS NAGAR( BHADOHI)",AURAI,BASDEOPUR,524,524,"7/22/2019 12:00:00 AM"
"Uttar Pradesh","SANT RAVIDAS NAGAR( BHADOHI)",AURAI,"BAZAR MADHOSINGH",188,188,"7/22/2019 12:00:00 AM"
"Uttar Pradesh","SANT RAVIDAS NAGAR( BHADOHI)",AURAI,BEJAVAN,631,631,"7/22/2019 12:00:00 AM"
"Uttar Pradesh","SANT RAVIDAS NAGAR( BHADOHI)",AURAI,BHABHAURA,578,578,"7/22/2019 12:00:00 AM"
"Uttar Pradesh","SANT RAVIDAS NAGAR( BHADOHI)",AURAI,"BHAGATAPUR URF PURE",208,208,"7/22/2019 12:00:00 AM"
"Uttar Pradesh","SANT RAVIDAS NAGAR( BHADOHI)",AURAI,BHAISHATA,515,515,"7/22/2019 12:00:00 AM"
"Uttar Pradesh","SANT RAVIDAS NAGAR( BHADOHI)",AURAI,BHARATPUR,595,595,"7/22/2019 12:00:00 AM"
"Uttar Pradesh","SANT RAVIDAS NAGAR( BHADOHI)",AURAI,BHATPURWA,146,146,"7/22/2019 12:00:00 AM"
"Uttar Pradesh","SANT RAVIDAS NAGAR( BHADOHI)",AURAI,"BHAWANATH PATTI",101,101,"7/22/2019 12:00:00 AM"
"Uttar Pradesh","SANT RAVIDAS NAGAR( BHADOHI)",AURAI,"BHAWANIPUR   PURAVI",346,346,"7/22/2019 12:00:00 AM"
"Uttar Pradesh","SANT RAVIDAS NAGAR( BHADOHI)",AURAI,"BHAWANIPUR UPARWAR",560,560,"7/22/2019 12:00:00 AM"
"Uttar Pradesh","SANT RAVIDAS NAGAR( BHADOHI)",AURAI,BITTHALPUR,320,320,"7/22/2019 12:00:00 AM"
"Uttar Pradesh","SANT RAVIDAS NAGAR( BHADOHI)",AURAI,"CHAK BEERA",493,493,"7/22/2019 12:00:00 AM"
"Uttar Pradesh","SANT RAVIDAS NAGAR( BHADOHI)",AURAI,"CHAK MASOOD",429,429,"7/22/2019 12:00:00 AM"
"Uttar Pradesh","SANT RAVIDAS NAGAR( BHADOHI)",AURAI,"CHAK NIRANJAN",215,215,"7/22/2019 12:00:00 AM"
"Uttar Pradesh","SANT RAVIDAS NAGAR( BHADOHI)",AURAI,CHAKAPUR,809,809,"7/22/2019 12:00:00 AM"
"Uttar Pradesh","SANT RAVIDAS NAGAR( BHADOHI)",AURAI,CHAKAURA,343,343,"7/22/2019 12:00:00 AM"
"Uttar Pradesh","SANT RAVIDAS NAGAR( BHADOHI)",AURAI,CHAKJURAWAN,493,493,"7/22/2019 12:00:00 AM"
"Uttar Pradesh","SANT RAVIDAS NAGAR( BHADOHI)",AURAI,CHANDRPURA,336,336,"7/22/2019 12:00:00 AM"
"Uttar Pradesh","SANT RAVIDAS NAGAR( BHADOHI)",AURAI,CHINTAMANPUR,389,389,"7/22/2019 12:00:00 AM"
"Uttar Pradesh","SANT RAVIDAS NAGAR( BHADOHI)",AURAI,DABHAKA,332,332,"7/22/2019 12:00:00 AM"
"Uttar Pradesh","SANT RAVIDAS NAGAR( BHADOHI)",AURAI,DALPATPUR,500,500,"7/22/2019 12:00:00 AM"
"Uttar Pradesh","SANT RAVIDAS NAGAR( BHADOHI)",AURAI,DAVANPUR,636,636,"7/22/2019 12:00:00 AM"
"Uttar Pradesh","SANT RAVIDAS NAGAR( BHADOHI)",AURAI,DERAWA,502,502,"7/22/2019 12:00:00 AM"
"Uttar Pradesh","SANT RAVIDAS NAGAR( BHADOHI)",AURAI,DHUDHAV,388,388,"7/22/2019 12:00:00 AM"
"Uttar Pradesh","SANT RAVIDAS NAGAR( BHADOHI)",AURAI,DIGHAWAT,482,482,"7/22/2019 12:00:00 AM"
"Uttar Pradesh","SANT RAVIDAS NAGAR( BHADOHI)",AURAI,DOMANPUR,41,41,"7/22/2019 12:00:00 AM"
"Uttar Pradesh","SANT RAVIDAS NAGAR( BHADOHI)",AURAI,DWARIKAPUR,362,362,"7/22/2019 12:00:00 AM"
"Uttar Pradesh","SANT RAVIDAS NAGAR( BHADOHI)",AURAI,FAUDIPUR,915,915,"7/22/2019 12:00:00 AM"
"Uttar Pradesh","SANT RAVIDAS NAGAR( BHADOHI)",AURAI,GAMBHIRSINGHPUR,802,802,"7/22/2019 12:00:00 AM"
"Uttar Pradesh","SANT RAVIDAS NAGAR( BHADOHI)",AURAI,GARAULI,284,284,"7/22/2019 12:00:00 AM"
"Uttar Pradesh","SANT RAVIDAS NAGAR( BHADOHI)",AURAI,"GAURI     DEEH",644,644,"7/22/2019 12:00:00 AM"
"Uttar Pradesh","SANT RAVIDAS NAGAR( BHADOHI)",AURAI,GHAMAHAPUR,587,587,"7/22/2019 12:00:00 AM"
"Uttar Pradesh","SANT RAVIDAS NAGAR( BHADOHI)",AURAI,"GHATAMAPUR URF CHAKAPUR",315,315,"7/22/2019 12:00:00 AM"
"Uttar Pradesh","SANT RAVIDAS NAGAR( BHADOHI)",AURAI,"GIRD BARAGAON",817,817,"7/22/2019 12:00:00 AM"
"Uttar Pradesh","SANT RAVIDAS NAGAR( BHADOHI)",AURAI,GOPPUR,474,474,"7/22/2019 12:00:00 AM"
"Uttar Pradesh","SANT RAVIDAS NAGAR( BHADOHI)",AURAI,"HAMID PATTI",636,636,"7/22/2019 12:00:00 AM"
"Uttar Pradesh","SANT RAVIDAS NAGAR( BHADOHI)",AURAI,"HARIHARPUR URF SHUKULPUR",401,401,"7/22/2019 12:00:00 AM"
"Uttar Pradesh","SANT RAVIDAS NAGAR( BHADOHI)",AURAI,HARNARAYANPUR,636,636,"7/22/2019 12:00:00 AM"
"Uttar Pradesh","SANT RAVIDAS NAGAR( BHADOHI)",AURAI,HATHIYA,197,197,"7/22/2019 12:00:00 AM"
"Uttar Pradesh","SANT RAVIDAS NAGAR( BHADOHI)",AURAI,HUSSAINIPUR,269,269,"7/22/2019 12:00:00 AM"
"Uttar Pradesh","SANT RAVIDAS NAGAR( BHADOHI)",AURAI,"ITAWA UPARWAR",703,703,"7/22/2019 12:00:00 AM"
"Uttar Pradesh","SANT RAVIDAS NAGAR( BHADOHI)",AURAI,JAGARNATHPUR,780,780,"7/22/2019 12:00:00 AM"
"Uttar Pradesh","SANT RAVIDAS NAGAR( BHADOHI)",AURAI,JAGDARI,539,539,"7/22/2019 12:00:00 AM"
"Uttar Pradesh","SANT RAVIDAS NAGAR( BHADOHI)",AURAI,"JAHAGIRABAD UPARWAR",465,465,"7/22/2019 12:00:00 AM"
"Uttar Pradesh","SANT RAVIDAS NAGAR( BHADOHI)",AURAI,JAIRAMPUR,823,823,"7/22/2019 12:00:00 AM"
"Uttar Pradesh","SANT RAVIDAS NAGAR( BHADOHI)",AURAI,JATHI,276,276,"7/22/2019 12:00:00 AM"
"Uttar Pradesh","SANT RAVIDAS NAGAR( BHADOHI)",AURAI,JETHUPUR,401,401,"7/22/2019 12:00:00 AM"
"Uttar Pradesh","SANT RAVIDAS NAGAR( BHADOHI)",AURAI,JHAUA,834,834,"7/22/2019 12:00:00 AM"
"Uttar Pradesh","SANT RAVIDAS NAGAR( BHADOHI)",AURAI,KAIYARMAU,648,648,"7/22/2019 12:00:00 AM"
"Uttar Pradesh","SANT RAVIDAS NAGAR( BHADOHI)",AURAI,"KANSAPUR OR MAHARAJGANJ",840,840,"7/22/2019 12:00:00 AM"
"Uttar Pradesh","SANT RAVIDAS NAGAR( BHADOHI)",AURAI,KANVIPUR,395,395,"7/22/2019 12:00:00 AM"
"Uttar Pradesh","SANT RAVIDAS NAGAR( BHADOHI)",AURAI,KATEBANA,548,548,"7/22/2019 12:00:00 AM"
"Uttar Pradesh","SANT RAVIDAS NAGAR( BHADOHI)",AURAI,KATHARI,1014,1014,"7/22/2019 12:00:00 AM"
"Uttar Pradesh","SANT RAVIDAS NAGAR( BHADOHI)",AURAI,KHARHGPUR,259,259,"7/22/2019 12:00:00 AM"
"Uttar Pradesh","SANT RAVIDAS NAGAR( BHADOHI)",AURAI,KHETALPUR,549,549,"7/22/2019 12:00:00 AM"
"Uttar Pradesh","SANT RAVIDAS NAGAR( BHADOHI)",AURAI,KOILARA,658,658,"7/22/2019 12:00:00 AM"
"Uttar Pradesh","SANT RAVIDAS NAGAR( BHADOHI)",AURAI,KOTHRA,229,229,"7/22/2019 12:00:00 AM"
"Uttar Pradesh","SANT RAVIDAS NAGAR( BHADOHI)",AURAI,KURAUNA,575,575,"7/22/2019 12:00:00 AM"
"Uttar Pradesh","SANT RAVIDAS NAGAR( BHADOHI)",AURAI,LALANAGAR,712,712,"7/22/2019 12:00:00 AM"
"Uttar Pradesh","SANT RAVIDAS NAGAR( BHADOHI)",AURAI,LASAMARA,251,251,"7/22/2019 12:00:00 AM"
"Uttar Pradesh","SANT RAVIDAS NAGAR( BHADOHI)",AURAI,LASMARIYA,414,414,"7/22/2019 12:00:00 AM"
"Uttar Pradesh","SANT RAVIDAS NAGAR( BHADOHI)",AURAI,MADHOPUR,296,296,"7/22/2019 12:00:00 AM"
"Uttar Pradesh","SANT RAVIDAS NAGAR( BHADOHI)",AURAI,MADHORAMPUR,437,437,"7/22/2019 12:00:00 AM"
"Uttar Pradesh","SANT RAVIDAS NAGAR( BHADOHI)",AURAI,MADNIPUR,93,93,"7/22/2019 12:00:00 AM"
"Uttar Pradesh","SANT RAVIDAS NAGAR( BHADOHI)",AURAI,MAGAINI,100,100,"7/22/2019 12:00:00 AM"
"Uttar Pradesh","SANT RAVIDAS NAGAR( BHADOHI)",AURAI,MAHADAVA,653,653,"7/22/2019 12:00:00 AM"
"Uttar Pradesh","SANT RAVIDAS NAGAR( BHADOHI)",AURAI,MAHADEVA,532,532,"7/22/2019 12:00:00 AM"
"Uttar Pradesh","SANT RAVIDAS NAGAR( BHADOHI)",AURAI,MAHATHUA,613,613,"7/22/2019 12:00:00 AM"
"Uttar Pradesh","SANT RAVIDAS NAGAR( BHADOHI)",AURAI,"MAVAIYA HARDO PATTI",497,497,"7/22/2019 12:00:00 AM"
"Uttar Pradesh","SANT RAVIDAS NAGAR( BHADOHI)",AURAI,MOHAMMADPUR,590,590,"7/22/2019 12:00:00 AM"
"Uttar Pradesh","SANT RAVIDAS NAGAR( BHADOHI)",AURAI,MUKTAPUR,512,512,"7/22/2019 12:00:00 AM"
"Uttar Pradesh","SANT RAVIDAS NAGAR( BHADOHI)",AURAI,"MULAPUR UPARWAR",995,995,"7/22/2019 12:00:00 AM"
"Uttar Pradesh","SANT RAVIDAS NAGAR( BHADOHI)",AURAI,"NAKATA PUR",396,396,"7/22/2019 12:00:00 AM"
"Uttar Pradesh","SANT RAVIDAS NAGAR( BHADOHI)",AURAI,NARAINPUR,356,356,"7/22/2019 12:00:00 AM"
"Uttar Pradesh","SANT RAVIDAS NAGAR( BHADOHI)",AURAI,NARATHUA,397,397,"7/22/2019 12:00:00 AM"
"Uttar Pradesh","SANT RAVIDAS NAGAR( BHADOHI)",AURAI,NATAWA,435,435,"7/22/2019 12:00:00 AM"
"Uttar Pradesh","SANT RAVIDAS NAGAR( BHADOHI)",AURAI,NEWADA,638,638,"7/22/2019 12:00:00 AM"
"Uttar Pradesh","SANT RAVIDAS NAGAR( BHADOHI)",AURAI,NIZAMPUR,196,196,"7/22/2019 12:00:00 AM"
"Uttar Pradesh","SANT RAVIDAS NAGAR( BHADOHI)",AURAI,PARANAPUR,268,268,"7/22/2019 12:00:00 AM"
"Uttar Pradesh","SANT RAVIDAS NAGAR( BHADOHI)",AURAI,PARSOTTAMPUR,647,647,"7/22/2019 12:00:00 AM"
"Uttar Pradesh","SANT RAVIDAS NAGAR( BHADOHI)",AURAI,PARWATPUR,296,296,"7/22/2019 12:00:00 AM"
"Uttar Pradesh","SANT RAVIDAS NAGAR( BHADOHI)",AURAI,PATKHAULI,244,244,"7/22/2019 12:00:00 AM"
"Uttar Pradesh","SANT RAVIDAS NAGAR( BHADOHI)",AURAI,PILKHINI,217,217,"7/22/2019 12:00:00 AM"
"Uttar Pradesh","SANT RAVIDAS NAGAR( BHADOHI)",AURAI,"PIPAR GAON",788,788,"7/22/2019 12:00:00 AM"
"Uttar Pradesh","SANT RAVIDAS NAGAR( BHADOHI)",AURAI,"PURE RAJAI",322,322,"7/22/2019 12:00:00 AM"
"Uttar Pradesh","SANT RAVIDAS NAGAR( BHADOHI)",AURAI,"PURE SHAMBHU",174,174,"7/22/2019 12:00:00 AM"
"Uttar Pradesh","SANT RAVIDAS NAGAR( BHADOHI)",AURAI,RAIPURI,282,282,"7/22/2019 12:00:00 AM"
"Uttar Pradesh","SANT RAVIDAS NAGAR( BHADOHI)",AURAI,RAMAPUR,433,433,"7/22/2019 12:00:00 AM"
"Uttar Pradesh","SANT RAVIDAS NAGAR( BHADOHI)",AURAI,RAMPUR,360,360,"7/22/2019 12:00:00 AM"
"Uttar Pradesh","SANT RAVIDAS NAGAR( BHADOHI)",AURAI,"SAHASEPUR HARCHAHAR PATTI",607,607,"7/22/2019 12:00:00 AM"
"Uttar Pradesh","SANT RAVIDAS NAGAR( BHADOHI)",AURAI,"SAMADHA KHAS",503,503,"7/22/2019 12:00:00 AM"
"Uttar Pradesh","SANT RAVIDAS NAGAR( BHADOHI)",AURAI,"SAMHI BHATANI",245,245,"7/22/2019 12:00:00 AM"
"Uttar Pradesh","SANT RAVIDAS NAGAR( BHADOHI)",AURAI,SARAIBABU,571,571,"7/22/2019 12:00:00 AM"
"Uttar Pradesh","SANT RAVIDAS NAGAR( BHADOHI)",AURAI,"SARAULI OR RAMAULI",274,274,"7/22/2019 12:00:00 AM"
"Uttar Pradesh","SANT RAVIDAS NAGAR( BHADOHI)",AURAI,SARIPUR,533,533,"7/22/2019 12:00:00 AM"
"Uttar Pradesh","SANT RAVIDAS NAGAR( BHADOHI)",AURAI,SAYAR,330,330,"7/22/2019 12:00:00 AM"
"Uttar Pradesh","SANT RAVIDAS NAGAR( BHADOHI)",AURAI,SEUR,731,731,"7/22/2019 12:00:00 AM"
"Uttar Pradesh","SANT RAVIDAS NAGAR( BHADOHI)",AURAI,SHIVRAMPUR,294,294,"7/22/2019 12:00:00 AM"
"Uttar Pradesh","SANT RAVIDAS NAGAR( BHADOHI)",AURAI,SIKANDARA,196,196,"7/22/2019 12:00:00 AM"
"Uttar Pradesh","SANT RAVIDAS NAGAR( BHADOHI)",AURAI,THEGHIPUR,378,378,"7/22/2019 12:00:00 AM"
"Uttar Pradesh","SANT RAVIDAS NAGAR( BHADOHI)",AURAI,TIURI,486,486,"7/22/2019 12:00:00 AM"
"Uttar Pradesh","SANT RAVIDAS NAGAR( BHADOHI)",AURAI,TRILOKPUR,306,306,"7/22/2019 12:00:00 AM"
"Uttar Pradesh","SANT RAVIDAS NAGAR( BHADOHI)",AURAI,"TULAPUR GHATMAPUR URF TULAPUR",246,246,"7/22/2019 12:00:00 AM"
"Uttar Pradesh","SANT RAVIDAS NAGAR( BHADOHI)",AURAI,UDAIKARANPUR,371,371,"7/22/2019 12:00:00 AM"
"Uttar Pradesh","SANT RAVIDAS NAGAR( BHADOHI)",AURAI,UGAPUR,1064,1064,"7/22/2019 12:00:00 AM"
"Uttar Pradesh","SANT RAVIDAS NAGAR( BHADOHI)",AURAI,UMAPUR,270,270,"7/22/2019 12:00:00 AM"
"Uttar Pradesh","SANT RAVIDAS NAGAR( BHADOHI)",AURAI,UMARAHA,551,551,"7/22/2019 12:00:00 AM"
"Uttar Pradesh","SANT RAVIDAS NAGAR( BHADOHI)",AURAI,UPRAUTH,549,549,"7/22/2019 12:00:00 AM"
"Uttar Pradesh","SANT RAVIDAS NAGAR( BHADOHI)",AURAI,"VARJIKALA UPARWAR",830,830,"7/22/2019 12:00:00 AM"
"Uttar Pradesh","SANT RAVIDAS NAGAR( BHADOHI)",AURAI,VIKRAMPUR,488,488,"7/22/2019 12:00:00 AM"
"Uttar Pradesh","SANT RAVIDAS NAGAR( BHADOHI)",AURAI,VISHUNPUR,223,223,"7/22/2019 12:00:00 AM"
"Uttar Pradesh","SANT RAVIDAS NAGAR( BHADOHI)",BHADOHI,AAWSANPUR,248,248,"7/22/2019 12:00:00 AM"
"Uttar Pradesh","SANT RAVIDAS NAGAR( BHADOHI)",BHADOHI,"AHAMADPUR PHULWARIYA",568,568,"7/22/2019 12:00:00 AM"
"Uttar Pradesh","SANT RAVIDAS NAGAR( BHADOHI)",BHADOHI,AJAYPUR,394,394,"7/22/2019 12:00:00 AM"
"Uttar Pradesh","SANT RAVIDAS NAGAR( BHADOHI)",BHADOHI,"AMAWA KHURD",477,477,"7/22/2019 12:00:00 AM"
"Uttar Pradesh","SANT RAVIDAS NAGAR( BHADOHI)",BHADOHI,ANANGPUR,525,525,"7/22/2019 12:00:00 AM"
"Uttar Pradesh","SANT RAVIDAS NAGAR( BHADOHI)",BHADOHI,ARJUNPUR,356,356,"7/22/2019 12:00:00 AM"
"Uttar Pradesh","SANT RAVIDAS NAGAR( BHADOHI)",BHADOHI,ASOGAPUR,284,284,"7/22/2019 12:00:00 AM"
"Uttar Pradesh","SANT RAVIDAS NAGAR( BHADOHI)",BHADOHI,ASTI,361,361,"7/22/2019 12:00:00 AM"
"Uttar Pradesh","SANT RAVIDAS NAGAR( BHADOHI)",BHADOHI,BADAMANPUR,394,394,"7/22/2019 12:00:00 AM"
"Uttar Pradesh","SANT RAVIDAS NAGAR( BHADOHI)",BHADOHI,BADHAUNA,430,430,"7/22/2019 12:00:00 AM"
"Uttar Pradesh","SANT RAVIDAS NAGAR( BHADOHI)",BHADOHI,BADI,230,230,"7/22/2019 12:00:00 AM"
"Uttar Pradesh","SANT RAVIDAS NAGAR( BHADOHI)",BHADOHI,BAHARI,348,348,"7/22/2019 12:00:00 AM"
"Uttar Pradesh","SANT RAVIDAS NAGAR( BHADOHI)",BHADOHI,"BAHUTRA KHURD",130,130,"7/22/2019 12:00:00 AM"
"Uttar Pradesh","SANT RAVIDAS NAGAR( BHADOHI)",BHADOHI,BARAILA,334,334,"7/22/2019 12:00:00 AM"
"Uttar Pradesh","SANT RAVIDAS NAGAR( BHADOHI)",BHADOHI,BARDHA,471,471,"7/22/2019 12:00:00 AM"
"Uttar Pradesh","SANT RAVIDAS NAGAR( BHADOHI)",BHADOHI,"BARWA KHAS",624,624,"7/22/2019 12:00:00 AM"
"Uttar Pradesh","SANT RAVIDAS NAGAR( BHADOHI)",BHADOHI,BASAWANPUR,371,371,"7/22/2019 12:00:00 AM"
"Uttar Pradesh","SANT RAVIDAS NAGAR( BHADOHI)",BHADOHI,"BHAGTAN URF DALASPUR OR DALAPU",328,328,"7/22/2019 12:00:00 AM"
"Uttar Pradesh","SANT RAVIDAS NAGAR( BHADOHI)",BHADOHI,"BHAGWANPUR KANEH0",272,272,"7/22/2019 12:00:00 AM"
"Uttar Pradesh","SANT RAVIDAS NAGAR( BHADOHI)",BHADOHI,"BHAGWATI DASPUR",256,256,"7/22/2019 12:00:00 AM"
"Uttar Pradesh","SANT RAVIDAS NAGAR( BHADOHI)",BHADOHI,BHALLA,189,189,"7/22/2019 12:00:00 AM"
"Uttar Pradesh","SANT RAVIDAS NAGAR( BHADOHI)",BHADOHI,BHULAIPUR,125,125,"7/22/2019 12:00:00 AM"
"Uttar Pradesh","SANT RAVIDAS NAGAR( BHADOHI)",BHADOHI,BIJALA,328,328,"7/22/2019 12:00:00 AM"
"Uttar Pradesh","SANT RAVIDAS NAGAR( BHADOHI)",BHADOHI,"BIRA PATTI",146,146,"7/22/2019 12:00:00 AM"
"Uttar Pradesh","SANT RAVIDAS NAGAR( BHADOHI)",BHADOHI,BISHAPUR,234,234,"7/22/2019 12:00:00 AM"
"Uttar Pradesh","SANT RAVIDAS NAGAR( BHADOHI)",BHADOHI,"CHAK BASUHI",372,372,"7/22/2019 12:00:00 AM"
"Uttar Pradesh","SANT RAVIDAS NAGAR( BHADOHI)",BHADOHI,"CHAK BHUIDHAR",425,425,"7/22/2019 12:00:00 AM"
"Uttar Pradesh","SANT RAVIDAS NAGAR( BHADOHI)",BHADOHI,"CHAK HARBANS BHATAN KALA",100,100,"7/22/2019 12:00:00 AM"
"Uttar Pradesh","SANT RAVIDAS NAGAR( BHADOHI)",BHADOHI,"CHANDAIPUR OR CHANAIPUR",273,273,"7/22/2019 12:00:00 AM"
"Uttar Pradesh","SANT RAVIDAS NAGAR( BHADOHI)",BHADOHI,"CHANDI GAHANA",234,234,"7/22/2019 12:00:00 AM"
"Uttar Pradesh","SANT RAVIDAS NAGAR( BHADOHI)",BHADOHI,CHATNIPUR,67,67,"7/22/2019 12:00:00 AM"
"Uttar Pradesh","SANT RAVIDAS NAGAR( BHADOHI)",BHADOHI,"CHAUBEPUR SUDHIST",656,656,"7/22/2019 12:00:00 AM"
"Uttar Pradesh","SANT RAVIDAS NAGAR( BHADOHI)",BHADOHI,"CHAURI KHAS",508,508,"7/22/2019 12:00:00 AM"
"Uttar Pradesh","SANT RAVIDAS NAGAR( BHADOHI)",BHADOHI,DARIBPUR,541,541,"7/22/2019 12:00:00 AM"
"Uttar Pradesh","SANT RAVIDAS NAGAR( BHADOHI)",BHADOHI,DARUNHA,596,596,"7/22/2019 12:00:00 AM"
"Uttar Pradesh","SANT RAVIDAS NAGAR( BHADOHI)",BHADOHI,DATTIPUR,144,144,"7/22/2019 12:00:00 AM"
"Uttar Pradesh","SANT RAVIDAS NAGAR( BHADOHI)",BHADOHI,"DEEH KOIRAN",388,388,"7/22/2019 12:00:00 AM"
"Uttar Pradesh","SANT RAVIDAS NAGAR( BHADOHI)",BHADOHI,DHANWATIYA,491,491,"7/22/2019 12:00:00 AM"
"Uttar Pradesh","SANT RAVIDAS NAGAR( BHADOHI)",BHADOHI,DHASKARI,311,311,"7/22/2019 12:00:00 AM"
"Uttar Pradesh","SANT RAVIDAS NAGAR( BHADOHI)",BHADOHI,DOMANPUR,506,506,"7/22/2019 12:00:00 AM"
"Uttar Pradesh","SANT RAVIDAS NAGAR( BHADOHI)",BHADOHI,"DOMANPUR CHIWATHIYA",421,421,"7/22/2019 12:00:00 AM"
"Uttar Pradesh","SANT RAVIDAS NAGAR( BHADOHI)",BHADOHI,"DUDAWA KUKRUTHI",696,696,"7/22/2019 12:00:00 AM"
"Uttar Pradesh","SANT RAVIDAS NAGAR( BHADOHI)",BHADOHI,"DUDWA DHARAMPURI",539,539,"7/22/2019 12:00:00 AM"
"Uttar Pradesh","SANT RAVIDAS NAGAR( BHADOHI)",BHADOHI,DULADASPUR,733,733,"7/22/2019 12:00:00 AM"
"Uttar Pradesh","SANT RAVIDAS NAGAR( BHADOHI)",BHADOHI,DURASI,447,447,"7/22/2019 12:00:00 AM"
"Uttar Pradesh","SANT RAVIDAS NAGAR( BHADOHI)",BHADOHI,GANGAPUR,849,849,"7/22/2019 12:00:00 AM"
"Uttar Pradesh","SANT RAVIDAS NAGAR( BHADOHI)",BHADOHI,GARULPUR,149,149,"7/22/2019 12:00:00 AM"
"Uttar Pradesh","SANT RAVIDAS NAGAR( BHADOHI)",BHADOHI,GOBINDPUR,568,568,"7/22/2019 12:00:00 AM"
"Uttar Pradesh","SANT RAVIDAS NAGAR( BHADOHI)",BHADOHI,GOHILAON,317,317,"7/22/2019 12:00:00 AM"
"Uttar Pradesh","SANT RAVIDAS NAGAR( BHADOHI)",BHADOHI,"HARI CHANDANPUR",473,473,"7/22/2019 12:00:00 AM"
"Uttar Pradesh","SANT RAVIDAS NAGAR( BHADOHI)",BHADOHI,HARIRAMPUR,149,149,"7/22/2019 12:00:00 AM"
"Uttar Pradesh","SANT RAVIDAS NAGAR( BHADOHI)",BHADOHI,HARIYAWAN,505,505,"7/22/2019 12:00:00 AM"
"Uttar Pradesh","SANT RAVIDAS NAGAR( BHADOHI)",BHADOHI,"HIRDAY PATTI",422,422,"7/22/2019 12:00:00 AM"
"Uttar Pradesh","SANT RAVIDAS NAGAR( BHADOHI)",BHADOHI,ISMAILA,535,535,"7/22/2019 12:00:00 AM"
"Uttar Pradesh","SANT RAVIDAS NAGAR( BHADOHI)",BHADOHI,"JADUPUR Z.BAHRI",407,407,"7/22/2019 12:00:00 AM"
"Uttar Pradesh","SANT RAVIDAS NAGAR( BHADOHI)",BHADOHI,"JAGDISHPUR SUJAN",338,338,"7/22/2019 12:00:00 AM"
"Uttar Pradesh","SANT RAVIDAS NAGAR( BHADOHI)",BHADOHI,JAGNATHPUR,391,391,"7/22/2019 12:00:00 AM"
"Uttar Pradesh","SANT RAVIDAS NAGAR( BHADOHI)",BHADOHI,JAMUA,268,268,"7/22/2019 12:00:00 AM"
"Uttar Pradesh","SANT RAVIDAS NAGAR( BHADOHI)",BHADOHI,JANGALA,539,539,"7/22/2019 12:00:00 AM"
"Uttar Pradesh","SANT RAVIDAS NAGAR( BHADOHI)",BHADOHI,"JHIGURPUR CHAK VIJAI",444,444,"7/22/2019 12:00:00 AM"
"Uttar Pradesh","SANT RAVIDAS NAGAR( BHADOHI)",BHADOHI,KANDHIYA,408,408,"7/22/2019 12:00:00 AM"
"Uttar Pradesh","SANT RAVIDAS NAGAR( BHADOHI)",BHADOHI,KANSRAIPUR,86,86,"7/22/2019 12:00:00 AM"
"Uttar Pradesh","SANT RAVIDAS NAGAR( BHADOHI)",BHADOHI,KHATALPUR,119,119,"7/22/2019 12:00:00 AM"
"Uttar Pradesh","SANT RAVIDAS NAGAR( BHADOHI)",BHADOHI,KHEMAIPUR,435,435,"7/22/2019 12:00:00 AM"
"Uttar Pradesh","SANT RAVIDAS NAGAR( BHADOHI)",BHADOHI,KOLAHD,374,374,"7/22/2019 12:00:00 AM"
"Uttar Pradesh","SANT RAVIDAS NAGAR( BHADOHI)",BHADOHI,KOM,358,358,"7/22/2019 12:00:00 AM"
"Uttar Pradesh","SANT RAVIDAS NAGAR( BHADOHI)",BHADOHI,KURAIYA,336,336,"7/22/2019 12:00:00 AM"
"Uttar Pradesh","SANT RAVIDAS NAGAR( BHADOHI)",BHADOHI,LACHHAPUR,217,217,"7/22/2019 12:00:00 AM"
"Uttar Pradesh","SANT RAVIDAS NAGAR( BHADOHI)",BHADOHI,"LAKHANPUR URF ABHAYANPUR",444,444,"7/22/2019 12:00:00 AM"
"Uttar Pradesh","SANT RAVIDAS NAGAR( BHADOHI)",BHADOHI,LATIYA,539,539,"7/22/2019 12:00:00 AM"
"Uttar Pradesh","SANT RAVIDAS NAGAR( BHADOHI)",BHADOHI,LILADHARPUR,254,254,"7/22/2019 12:00:00 AM"
"Uttar Pradesh","SANT RAVIDAS NAGAR( BHADOHI)",BHADOHI,"MADHO RAMPUR",568,568,"7/22/2019 12:00:00 AM"
"Uttar Pradesh","SANT RAVIDAS NAGAR( BHADOHI)",BHADOHI,MAHARBHA,314,314,"7/22/2019 12:00:00 AM"
"Uttar Pradesh","SANT RAVIDAS NAGAR( BHADOHI)",BHADOHI,MAHBUBPUR,357,357,"7/22/2019 12:00:00 AM"
"Uttar Pradesh","SANT RAVIDAS NAGAR( BHADOHI)",BHADOHI,"MAIHARDO PATTI",382,382,"7/22/2019 12:00:00 AM"
"Uttar Pradesh","SANT RAVIDAS NAGAR( BHADOHI)",BHADOHI,MAMHAR,406,406,"7/22/2019 12:00:00 AM"
"Uttar Pradesh","SANT RAVIDAS NAGAR( BHADOHI)",BHADOHI,MANIKPATTI,559,559,"7/22/2019 12:00:00 AM"
"Uttar Pradesh","SANT RAVIDAS NAGAR( BHADOHI)",BHADOHI,MANIKPUR,259,259,"7/22/2019 12:00:00 AM"
"Uttar Pradesh","SANT RAVIDAS NAGAR( BHADOHI)",BHADOHI,MARCHWAR,472,472,"7/22/2019 12:00:00 AM"
"Uttar Pradesh","SANT RAVIDAS NAGAR( BHADOHI)",BHADOHI,MARDANPUR,283,283,"7/22/2019 12:00:00 AM"
"Uttar Pradesh","SANT RAVIDAS NAGAR( BHADOHI)",BHADOHI,MULUPUR,731,731,"7/22/2019 12:00:00 AM"
"Uttar Pradesh","SANT RAVIDAS NAGAR( BHADOHI)",BHADOHI,MUSILATPUR,638,638,"7/22/2019 12:00:00 AM"
"Uttar Pradesh","SANT RAVIDAS NAGAR( BHADOHI)",BHADOHI,NAGUWA,132,132,"7/22/2019 12:00:00 AM"
"Uttar Pradesh","SANT RAVIDAS NAGAR( BHADOHI)",BHADOHI,"NAWADA KALA",348,348,"7/22/2019 12:00:00 AM"
"Uttar Pradesh","SANT RAVIDAS NAGAR( BHADOHI)",BHADOHI,NIDIUR,879,879,"7/22/2019 12:00:00 AM"
"Uttar Pradesh","SANT RAVIDAS NAGAR( BHADOHI)",BHADOHI,NOORPUR,388,388,"7/22/2019 12:00:00 AM"
"Uttar Pradesh","SANT RAVIDAS NAGAR( BHADOHI)",BHADOHI,PACHPATIYA,329,329,"7/22/2019 12:00:00 AM"
"Uttar Pradesh","SANT RAVIDAS NAGAR( BHADOHI)",BHADOHI,PALHEYA,478,478,"7/22/2019 12:00:00 AM"
"Uttar Pradesh","SANT RAVIDAS NAGAR( BHADOHI)",BHADOHI,PARGASPUR,472,472,"7/22/2019 12:00:00 AM"
"Uttar Pradesh","SANT RAVIDAS NAGAR( BHADOHI)",BHADOHI,"PARSOTTAMPUR Z.BARGAON",311,311,"7/22/2019 12:00:00 AM"
"Uttar Pradesh","SANT RAVIDAS NAGAR( BHADOHI)",BHADOHI,"PHATUPUR DARGAH",449,449,"7/22/2019 12:00:00 AM"
"Uttar Pradesh","SANT RAVIDAS NAGAR( BHADOHI)",BHADOHI,PIPARI,677,677,"7/22/2019 12:00:00 AM"
"Uttar Pradesh","SANT RAVIDAS NAGAR( BHADOHI)",BHADOHI,PIPRIS,1459,1459,"7/22/2019 12:00:00 AM"
"Uttar Pradesh","SANT RAVIDAS NAGAR( BHADOHI)",BHADOHI,"PURAY MUDIYA",244,244,"7/22/2019 12:00:00 AM"
"Uttar Pradesh","SANT RAVIDAS NAGAR( BHADOHI)",BHADOHI,RADAI,437,437,"7/22/2019 12:00:00 AM"
"Uttar Pradesh","SANT RAVIDAS NAGAR( BHADOHI)",BHADOHI,RAGHOPUR,390,390,"7/22/2019 12:00:00 AM"
"Uttar Pradesh","SANT RAVIDAS NAGAR( BHADOHI)",BHADOHI,RAGHUNATHPUR,430,430,"7/22/2019 12:00:00 AM"
"Uttar Pradesh","SANT RAVIDAS NAGAR( BHADOHI)",BHADOHI,RAIMALPUR,346,346,"7/22/2019 12:00:00 AM"
"Uttar Pradesh","SANT RAVIDAS NAGAR( BHADOHI)",BHADOHI,"RAJAIPUR Z. SAYER",383,383,"7/22/2019 12:00:00 AM"
"Uttar Pradesh","SANT RAVIDAS NAGAR( BHADOHI)",BHADOHI,RAMIPUR,299,299,"7/22/2019 12:00:00 AM"
"Uttar Pradesh","SANT RAVIDAS NAGAR( BHADOHI)",BHADOHI,"RAMPUR Z.SAROI",565,565,"7/22/2019 12:00:00 AM"
"Uttar Pradesh","SANT RAVIDAS NAGAR( BHADOHI)",BHADOHI,RAMRAIPUR,453,453,"7/22/2019 12:00:00 AM"
"Uttar Pradesh","SANT RAVIDAS NAGAR( BHADOHI)",BHADOHI,RAVELI,324,324,"7/22/2019 12:00:00 AM"
"Uttar Pradesh","SANT RAVIDAS NAGAR( BHADOHI)",BHADOHI,RAYA,602,602,"7/22/2019 12:00:00 AM"
"Uttar Pradesh","SANT RAVIDAS NAGAR( BHADOHI)",BHADOHI,"REWADA PARASPUR",191,191,"7/22/2019 12:00:00 AM"
"Uttar Pradesh","SANT RAVIDAS NAGAR( BHADOHI)",BHADOHI,SABARPUR,130,130,"7/22/2019 12:00:00 AM"
"Uttar Pradesh","SANT RAVIDAS NAGAR( BHADOHI)",BHADOHI,SAMALKOT,321,321,"7/22/2019 12:00:00 AM"
"Uttar Pradesh","SANT RAVIDAS NAGAR( BHADOHI)",BHADOHI,"SANAK DEEH",179,179,"7/22/2019 12:00:00 AM"
"Uttar Pradesh","SANT RAVIDAS NAGAR( BHADOHI)",BHADOHI,SAROI,783,783,"7/22/2019 12:00:00 AM"
"Uttar Pradesh","SANT RAVIDAS NAGAR( BHADOHI)",BHADOHI,"SARVAT KHANI",795,795,"7/22/2019 12:00:00 AM"
"Uttar Pradesh","SANT RAVIDAS NAGAR( BHADOHI)",BHADOHI,SERWA,413,413,"7/22/2019 12:00:00 AM"
"Uttar Pradesh","SANT RAVIDAS NAGAR( BHADOHI)",BHADOHI,SEWAPUR,244,244,"7/22/2019 12:00:00 AM"
"Uttar Pradesh","SANT RAVIDAS NAGAR( BHADOHI)",BHADOHI,SONBARSA,97,97,"7/22/2019 12:00:00 AM"
"Uttar Pradesh","SANT RAVIDAS NAGAR( BHADOHI)",BHADOHI,"SONHAR MAHUA PATTI",301,301,"7/22/2019 12:00:00 AM"
"Uttar Pradesh","SANT RAVIDAS NAGAR( BHADOHI)",BHADOHI,SULTANPUR,94,94,"7/22/2019 12:00:00 AM"
"Uttar Pradesh","SANT RAVIDAS NAGAR( BHADOHI)",BHADOHI,SURHAN,622,622,"7/22/2019 12:00:00 AM"
"Uttar Pradesh","SANT RAVIDAS NAGAR( BHADOHI)",BHADOHI,TARAPUR,327,327,"7/22/2019 12:00:00 AM"
"Uttar Pradesh","SANT RAVIDAS NAGAR( BHADOHI)",BHADOHI,TIKAITPUR,296,296,"7/22/2019 12:00:00 AM"
"Uttar Pradesh","SANT RAVIDAS NAGAR( BHADOHI)",BHADOHI,"TULSI CHAND",474,474,"7/22/2019 12:00:00 AM"
"Uttar Pradesh","SANT RAVIDAS NAGAR( BHADOHI)",BHADOHI,"UBHWA MAFI",230,230,"7/22/2019 12:00:00 AM"
"Uttar Pradesh","SANT RAVIDAS NAGAR( BHADOHI)",BHADOHI,UCHETHA,411,411,"7/22/2019 12:00:00 AM"
"Uttar Pradesh","SANT RAVIDAS NAGAR( BHADOHI)",BHADOHI,UMARI,385,385,"7/22/2019 12:00:00 AM"
"Uttar Pradesh","SANT RAVIDAS NAGAR( BHADOHI)",BHADOHI,YAKUBPUR,587,587,"7/22/2019 12:00:00 AM"
"Uttar Pradesh","SANT RAVIDAS NAGAR( BHADOHI)",DEEGH,"AMILAUR UPARWAR",564,564,"7/22/2019 12:00:00 AM"
"Uttar Pradesh","SANT RAVIDAS NAGAR( BHADOHI)",DEEGH,ANAPUR,364,364,"7/22/2019 12:00:00 AM"
"Uttar Pradesh","SANT RAVIDAS NAGAR( BHADOHI)",DEEGH,"ARAI UPARWAR N. BARIPUR",345,345,"7/22/2019 12:00:00 AM"
"Uttar Pradesh","SANT RAVIDAS NAGAR( BHADOHI)",DEEGH,ARATA,723,723,"7/22/2019 12:00:00 AM"
"Uttar Pradesh","SANT RAVIDAS NAGAR( BHADOHI)",DEEGH,"BADARIPUR UPARWAR",677,677,"7/22/2019 12:00:00 AM"
"Uttar Pradesh","SANT RAVIDAS NAGAR( BHADOHI)",DEEGH,"BAHUPURA UPARWAR",715,715,"7/22/2019 12:00:00 AM"
"Uttar Pradesh","SANT RAVIDAS NAGAR( BHADOHI)",DEEGH,"BAINKUNTH PATTI URF SUJATPUR",442,442,"7/22/2019 12:00:00 AM"
"Uttar Pradesh","SANT RAVIDAS NAGAR( BHADOHI)",DEEGH,"BALIPUR N.BARAGAON",250,250,"7/22/2019 12:00:00 AM"
"Uttar Pradesh","SANT RAVIDAS NAGAR( BHADOHI)",DEEGH,"BANKAT KHAS",285,285,"7/22/2019 12:00:00 AM"
"Uttar Pradesh","SANT RAVIDAS NAGAR( BHADOHI)",DEEGH,"BANKAT UPARWAR N. BARPUR",603,603,"7/22/2019 12:00:00 AM"
"Uttar Pradesh","SANT RAVIDAS NAGAR( BHADOHI)",DEEGH,BARAGAON,728,728,"7/22/2019 12:00:00 AM"
"Uttar Pradesh","SANT RAVIDAS NAGAR( BHADOHI)",DEEGH,BARAIPUR,105,105,"7/22/2019 12:00:00 AM"
"Uttar Pradesh","SANT RAVIDAS NAGAR( BHADOHI)",DEEGH,BARIPURUPARWAR,824,824,"7/22/2019 12:00:00 AM"
"Uttar Pradesh","SANT RAVIDAS NAGAR( BHADOHI)",DEEGH,BELHUA,84,84,"7/22/2019 12:00:00 AM"
"Uttar Pradesh","SANT RAVIDAS NAGAR( BHADOHI)",DEEGH,"BERASPUR UPARWAR",345,345,"7/22/2019 12:00:00 AM"
"Uttar Pradesh","SANT RAVIDAS NAGAR( BHADOHI)",DEEGH,"BERWA PAHARPUR UPARWAR",997,997,"7/22/2019 12:00:00 AM"
"Uttar Pradesh","SANT RAVIDAS NAGAR( BHADOHI)",DEEGH,"BHABHAURI UPARWAR",672,672,"7/22/2019 12:00:00 AM"
"Uttar Pradesh","SANT RAVIDAS NAGAR( BHADOHI)",DEEGH,"BHAGWANPUR CHAUTHAR",393,393,"7/22/2019 12:00:00 AM"
"Uttar Pradesh","SANT RAVIDAS NAGAR( BHADOHI)",DEEGH,"BHARATPUR BARAGAON",303,303,"7/22/2019 12:00:00 AM"
"Uttar Pradesh","SANT RAVIDAS NAGAR( BHADOHI)",DEEGH,"BHAVAPUR N. BARAGAON",525,525,"7/22/2019 12:00:00 AM"
"Uttar Pradesh","SANT RAVIDAS NAGAR( BHADOHI)",DEEGH,"BHIKHIPUR N. KOIRAUNA",368,368,"7/22/2019 12:00:00 AM"
"Uttar Pradesh","SANT RAVIDAS NAGAR( BHADOHI)",DEEGH,BICHHIYA,373,373,"7/22/2019 12:00:00 AM"
"Uttar Pradesh","SANT RAVIDAS NAGAR( BHADOHI)",DEEGH,"BIHAROJPUR UPARWAR",561,561,"7/22/2019 12:00:00 AM"
"Uttar Pradesh","SANT RAVIDAS NAGAR( BHADOHI)",DEEGH,BIRNAI,454,454,"7/22/2019 12:00:00 AM"
"Uttar Pradesh","SANT RAVIDAS NAGAR( BHADOHI)",DEEGH,"CHAK MANDHATA",368,368,"7/22/2019 12:00:00 AM"
"Uttar Pradesh","SANT RAVIDAS NAGAR( BHADOHI)",DEEGH,CHANDAPUR,468,468,"7/22/2019 12:00:00 AM"
"Uttar Pradesh","SANT RAVIDAS NAGAR( BHADOHI)",DEEGH,"CHHATMI KHAS",541,541,"7/22/2019 12:00:00 AM"
"Uttar Pradesh","SANT RAVIDAS NAGAR( BHADOHI)",DEEGH,"CHHECHHUA UPARWAR",321,321,"7/22/2019 12:00:00 AM"
"Uttar Pradesh","SANT RAVIDAS NAGAR( BHADOHI)",DEEGH,"DANIPATTI UPARWAR",730,730,"7/22/2019 12:00:00 AM"
"Uttar Pradesh","SANT RAVIDAS NAGAR( BHADOHI)",DEEGH,DARWASI,725,725,"7/22/2019 12:00:00 AM"
"Uttar Pradesh","SANT RAVIDAS NAGAR( BHADOHI)",DEEGH,DEEGHUPARWAR,1107,1107,"7/22/2019 12:00:00 AM"
"Uttar Pradesh","SANT RAVIDAS NAGAR( BHADOHI)",DEEGH,"DHAN TULSI UPARWAR",351,351,"7/22/2019 12:00:00 AM"
"Uttar Pradesh","SANT RAVIDAS NAGAR( BHADOHI)",DEEGH,"DHARA VISAMBHAR PATTI",248,248,"7/22/2019 12:00:00 AM"
"Uttar Pradesh","SANT RAVIDAS NAGAR( BHADOHI)",DEEGH,"DUGUNA UPARWAR",727,727,"7/22/2019 12:00:00 AM"
"Uttar Pradesh","SANT RAVIDAS NAGAR( BHADOHI)",DEEGH,"FULWARIYA UPARWAR",363,363,"7/22/2019 12:00:00 AM"
"Uttar Pradesh","SANT RAVIDAS NAGAR( BHADOHI)",DEEGH,GANDHI,645,645,"7/22/2019 12:00:00 AM"
"Uttar Pradesh","SANT RAVIDAS NAGAR( BHADOHI)",DEEGH,GHANSHYAMPUR,459,459,"7/22/2019 12:00:00 AM"
"Uttar Pradesh","SANT RAVIDAS NAGAR( BHADOHI)",DEEGH,GODHANA,571,571,"7/22/2019 12:00:00 AM"
"Uttar Pradesh","SANT RAVIDAS NAGAR( BHADOHI)",DEEGH,GOLEKKHARA,302,302,"7/22/2019 12:00:00 AM"
"Uttar Pradesh","SANT RAVIDAS NAGAR( BHADOHI)",DEEGH,"GOPALPUR UPARWAR",643,643,"7/22/2019 12:00:00 AM"
"Uttar Pradesh","SANT RAVIDAS NAGAR( BHADOHI)",DEEGH,"GOPALPUR UPARWAR",382,382,"7/22/2019 12:00:00 AM"
"Uttar Pradesh","SANT RAVIDAS NAGAR( BHADOHI)",DEEGH,"GULAURI UPARWAR",270,270,"7/22/2019 12:00:00 AM"
"Uttar Pradesh","SANT RAVIDAS NAGAR( BHADOHI)",DEEGH,"HARI RAMPUR",299,299,"7/22/2019 12:00:00 AM"
"Uttar Pradesh","SANT RAVIDAS NAGAR( BHADOHI)",DEEGH,"IBRAHIMPUR UPARWAR",510,510,"7/22/2019 12:00:00 AM"
"Uttar Pradesh","SANT RAVIDAS NAGAR( BHADOHI)",DEEGH,INARGAON,1231,1231,"7/22/2019 12:00:00 AM"
"Uttar Pradesh","SANT RAVIDAS NAGAR( BHADOHI)",DEEGH,"ITAHARA UPARWAR",742,742,"7/22/2019 12:00:00 AM"
"Uttar Pradesh","SANT RAVIDAS NAGAR( BHADOHI)",DEEGH,JAGAPUR,688,688,"7/22/2019 12:00:00 AM"
"Uttar Pradesh","SANT RAVIDAS NAGAR( BHADOHI)",DEEGH,JANGALPUR,412,412,"7/22/2019 12:00:00 AM"
"Uttar Pradesh","SANT RAVIDAS NAGAR( BHADOHI)",DEEGH,"KALAKA PURA",429,429,"7/22/2019 12:00:00 AM"
"Uttar Pradesh","SANT RAVIDAS NAGAR( BHADOHI)",DEEGH,KALANUA,666,666,"7/22/2019 12:00:00 AM"
"Uttar Pradesh","SANT RAVIDAS NAGAR( BHADOHI)",DEEGH,"KALIK MAVAIYA UPARWAR",274,274,"7/22/2019 12:00:00 AM"
"Uttar Pradesh","SANT RAVIDAS NAGAR( BHADOHI)",DEEGH,"KALIKA NAGAR KOIRAUNA",888,888,"7/22/2019 12:00:00 AM"
"Uttar Pradesh","SANT RAVIDAS NAGAR( BHADOHI)",DEEGH,KANCHANPUR,301,301,"7/22/2019 12:00:00 AM"
"Uttar Pradesh","SANT RAVIDAS NAGAR( BHADOHI)",DEEGH,KAULAPUR,611,611,"7/22/2019 12:00:00 AM"
"Uttar Pradesh","SANT RAVIDAS NAGAR( BHADOHI)",DEEGH,"KEDARPUR UPARWAR",228,228,"7/22/2019 12:00:00 AM"
"Uttar Pradesh","SANT RAVIDAS NAGAR( BHADOHI)",DEEGH,KEWATAHI,564,564,"7/22/2019 12:00:00 AM"
"Uttar Pradesh","SANT RAVIDAS NAGAR( BHADOHI)",DEEGH,KHANAPUR,775,775,"7/22/2019 12:00:00 AM"
"Uttar Pradesh","SANT RAVIDAS NAGAR( BHADOHI)",DEEGH,KHARGAPUR,403,403,"7/22/2019 12:00:00 AM"
"Uttar Pradesh","SANT RAVIDAS NAGAR( BHADOHI)",DEEGH,"KHEDOPUR N. KOIRAUNA",364,364,"7/22/2019 12:00:00 AM"
"Uttar Pradesh","SANT RAVIDAS NAGAR( BHADOHI)",DEEGH,"KHEMAPUR N. DIHUPARWAR",285,285,"7/22/2019 12:00:00 AM"
"Uttar Pradesh","SANT RAVIDAS NAGAR( BHADOHI)",DEEGH,"KISHUN DEOPUR",365,365,"7/22/2019 12:00:00 AM"
"Uttar Pradesh","SANT RAVIDAS NAGAR( BHADOHI)",DEEGH,KORMAICH,568,568,"7/22/2019 12:00:00 AM"
"Uttar Pradesh","SANT RAVIDAS NAGAR( BHADOHI)",DEEGH,KULMANPUR,376,376,"7/22/2019 12:00:00 AM"
"Uttar Pradesh","SANT RAVIDAS NAGAR( BHADOHI)",DEEGH,"KUNDI KALA UPARWAR",752,752,"7/22/2019 12:00:00 AM"
"Uttar Pradesh","SANT RAVIDAS NAGAR( BHADOHI)",DEEGH,"KUNDI KHURD UPARWAR",323,323,"7/22/2019 12:00:00 AM"
"Uttar Pradesh","SANT RAVIDAS NAGAR( BHADOHI)",DEEGH,MADANPUR,100,100,"7/22/2019 12:00:00 AM"
"Uttar Pradesh","SANT RAVIDAS NAGAR( BHADOHI)",DEEGH,MAHUARI,510,510,"7/22/2019 12:00:00 AM"
"Uttar Pradesh","SANT RAVIDAS NAGAR( BHADOHI)",DEEGH,MAILAUNA,487,487,"7/22/2019 12:00:00 AM"
"Uttar Pradesh","SANT RAVIDAS NAGAR( BHADOHI)",DEEGH,MAJHAGAWAN,448,448,"7/22/2019 12:00:00 AM"
"Uttar Pradesh","SANT RAVIDAS NAGAR( BHADOHI)",DEEGH,"MANGA PATTI",31,31,"7/22/2019 12:00:00 AM"
"Uttar Pradesh","SANT RAVIDAS NAGAR( BHADOHI)",DEEGH,MARSARA,360,360,"7/22/2019 12:00:00 AM"
"Uttar Pradesh","SANT RAVIDAS NAGAR( BHADOHI)",DEEGH,"MAVAIYAT THANSINGH UPARWAR",346,346,"7/22/2019 12:00:00 AM"
"Uttar Pradesh","SANT RAVIDAS NAGAR( BHADOHI)",DEEGH,"NAGARDAH UPARWAR",556,556,"7/22/2019 12:00:00 AM"
"Uttar Pradesh","SANT RAVIDAS NAGAR( BHADOHI)",DEEGH,"NAREPAR UPARWAR",1073,1073,"7/22/2019 12:00:00 AM"
"Uttar Pradesh","SANT RAVIDAS NAGAR( BHADOHI)",DEEGH,NAUDHAN,490,490,"7/22/2019 12:00:00 AM"
"Uttar Pradesh","SANT RAVIDAS NAGAR( BHADOHI)",DEEGH,OJHAPUR,391,391,"7/22/2019 12:00:00 AM"
"Uttar Pradesh","SANT RAVIDAS NAGAR( BHADOHI)",DEEGH,"POORE NAGARI",146,146,"7/22/2019 12:00:00 AM"
"Uttar Pradesh","SANT RAVIDAS NAGAR( BHADOHI)",DEEGH,PRAYAGDASPUR,323,323,"7/22/2019 12:00:00 AM"
"Uttar Pradesh","SANT RAVIDAS NAGAR( BHADOHI)",DEEGH,"PURWA UPARWAR",327,327,"7/22/2019 12:00:00 AM"
"Uttar Pradesh","SANT RAVIDAS NAGAR( BHADOHI)",DEEGH,RAIYAPUR,313,313,"7/22/2019 12:00:00 AM"
"Uttar Pradesh","SANT RAVIDAS NAGAR( BHADOHI)",DEEGH,RAJMALA,155,155,"7/22/2019 12:00:00 AM"
"Uttar Pradesh","SANT RAVIDAS NAGAR( BHADOHI)",DEEGH,"RAMKISHUNPUR BASAHI",425,425,"7/22/2019 12:00:00 AM"
"Uttar Pradesh","SANT RAVIDAS NAGAR( BHADOHI)",DEEGH,"SADASHIV PATTI",276,276,"7/22/2019 12:00:00 AM"
"Uttar Pradesh","SANT RAVIDAS NAGAR( BHADOHI)",DEEGH,"SAGAR RAIPUR",513,513,"7/22/2019 12:00:00 AM"
"Uttar Pradesh","SANT RAVIDAS NAGAR( BHADOHI)",DEEGH,"SARAI JAGADISH",755,755,"7/22/2019 12:00:00 AM"
"Uttar Pradesh","SANT RAVIDAS NAGAR( BHADOHI)",DEEGH,"SEMRADHH UPARWAR",380,380,"7/22/2019 12:00:00 AM"
"Uttar Pradesh","SANT RAVIDAS NAGAR( BHADOHI)",DEEGH,"SHIVNATH PATTI",217,217,"7/22/2019 12:00:00 AM"
"Uttar Pradesh","SANT RAVIDAS NAGAR( BHADOHI)",DEEGH,"SHIVSEWAK PATTI",444,444,"7/22/2019 12:00:00 AM"
"Uttar Pradesh","SANT RAVIDAS NAGAR( BHADOHI)",DEEGH,"SIKI CHAURA",174,174,"7/22/2019 12:00:00 AM"
"Uttar Pradesh","SANT RAVIDAS NAGAR( BHADOHI)",DEEGH,SONAICHA,256,256,"7/22/2019 12:00:00 AM"
"Uttar Pradesh","SANT RAVIDAS NAGAR( BHADOHI)",DEEGH,SUDHAVAI,569,569,"7/22/2019 12:00:00 AM"
"Uttar Pradesh","SANT RAVIDAS NAGAR( BHADOHI)",DEEGH,SURAJBHANPUR,190,190,"7/22/2019 12:00:00 AM"
"Uttar Pradesh","SANT RAVIDAS NAGAR( BHADOHI)",DEEGH,TILANGA,381,381,"7/22/2019 12:00:00 AM"
"Uttar Pradesh","SANT RAVIDAS NAGAR( BHADOHI)",DEEGH,"TRIBHUVAN BARAGAON",324,324,"7/22/2019 12:00:00 AM"
"Uttar Pradesh","SANT RAVIDAS NAGAR( BHADOHI)",DEEGH,"TULSI KALA UPARWAR",538,538,"7/22/2019 12:00:00 AM"
"Uttar Pradesh","SANT RAVIDAS NAGAR( BHADOHI)",DEEGH,"TULSI PATTI",551,551,"7/22/2019 12:00:00 AM"
"Uttar Pradesh","SANT RAVIDAS NAGAR( BHADOHI)",DEEGH,UZMUGARAHA,475,475,"7/22/2019 12:00:00 AM"
"Uttar Pradesh","SANT RAVIDAS NAGAR( BHADOHI)",DEEGH,"VAIRI VEESA",887,887,"7/22/2019 12:00:00 AM"
"Uttar Pradesh","SANT RAVIDAS NAGAR( BHADOHI)",GYANPUR,AINACHH,241,241,"7/22/2019 12:00:00 AM"
"Uttar Pradesh","SANT RAVIDAS NAGAR( BHADOHI)",GYANPUR,AKORHA,533,533,"7/22/2019 12:00:00 AM"
"Uttar Pradesh","SANT RAVIDAS NAGAR( BHADOHI)",GYANPUR,BALAPUR,186,186,"7/22/2019 12:00:00 AM"
"Uttar Pradesh","SANT RAVIDAS NAGAR( BHADOHI)",GYANPUR,"BANKAT N. CHHANAURA",620,620,"7/22/2019 12:00:00 AM"
"Uttar Pradesh","SANT RAVIDAS NAGAR( BHADOHI)",GYANPUR,"BARAVAPUR TIWARIPUR",270,270,"7/22/2019 12:00:00 AM"
"Uttar Pradesh","SANT RAVIDAS NAGAR( BHADOHI)",GYANPUR,"BHAGWANPUR KALA KHURD",563,563,"7/22/2019 12:00:00 AM"
"Uttar Pradesh","SANT RAVIDAS NAGAR( BHADOHI)",GYANPUR,BHAGWAS,432,432,"7/22/2019 12:00:00 AM"
"Uttar Pradesh","SANT RAVIDAS NAGAR( BHADOHI)",GYANPUR,BHIDIURA,530,530,"7/22/2019 12:00:00 AM"
"Uttar Pradesh","SANT RAVIDAS NAGAR( BHADOHI)",GYANPUR,BHIRIURA,295,295,"7/22/2019 12:00:00 AM"
"Uttar Pradesh","SANT RAVIDAS NAGAR( BHADOHI)",GYANPUR,BHURAKI,393,393,"7/22/2019 12:00:00 AM"
"Uttar Pradesh","SANT RAVIDAS NAGAR( BHADOHI)",GYANPUR,BHUSAULA,222,222,"7/22/2019 12:00:00 AM"
"Uttar Pradesh","SANT RAVIDAS NAGAR( BHADOHI)",GYANPUR,"CHAK KISHUNDAS",317,317,"7/22/2019 12:00:00 AM"
"Uttar Pradesh","SANT RAVIDAS NAGAR( BHADOHI)",GYANPUR,"CHAK SAHAW",163,163,"7/22/2019 12:00:00 AM"
"Uttar Pradesh","SANT RAVIDAS NAGAR( BHADOHI)",GYANPUR,"CHAK SIKHARI",251,251,"7/22/2019 12:00:00 AM"
"Uttar Pradesh","SANT RAVIDAS NAGAR( BHADOHI)",GYANPUR,"CHAK SUNDAR",391,391,"7/22/2019 12:00:00 AM"
"Uttar Pradesh","SANT RAVIDAS NAGAR( BHADOHI)",GYANPUR,"CHAK TODAR",105,105,"7/22/2019 12:00:00 AM"
"Uttar Pradesh","SANT RAVIDAS NAGAR( BHADOHI)",GYANPUR,CHATARSHAHPUR,465,465,"7/22/2019 12:00:00 AM"
"Uttar Pradesh","SANT RAVIDAS NAGAR( BHADOHI)",GYANPUR,"CHAURA KALA",391,391,"7/22/2019 12:00:00 AM"
"Uttar Pradesh","SANT RAVIDAS NAGAR( BHADOHI)",GYANPUR,DASHARATHPUR,397,397,"7/22/2019 12:00:00 AM"
"Uttar Pradesh","SANT RAVIDAS NAGAR( BHADOHI)",GYANPUR,"DASHARATHPUR II",260,260,"7/22/2019 12:00:00 AM"
"Uttar Pradesh","SANT RAVIDAS NAGAR( BHADOHI)",GYANPUR,"DEHARIYA DAYARAM",169,169,"7/22/2019 12:00:00 AM"
"Uttar Pradesh","SANT RAVIDAS NAGAR( BHADOHI)",GYANPUR,DEVAJITPUR,148,148,"7/22/2019 12:00:00 AM"
"Uttar Pradesh","SANT RAVIDAS NAGAR( BHADOHI)",GYANPUR,DHANAPUR,363,363,"7/22/2019 12:00:00 AM"
"Uttar Pradesh","SANT RAVIDAS NAGAR( BHADOHI)",GYANPUR,DHARAUN,349,349,"7/22/2019 12:00:00 AM"
"Uttar Pradesh","SANT RAVIDAS NAGAR( BHADOHI)",GYANPUR,DUHIYA,320,320,"7/22/2019 12:00:00 AM"
"Uttar Pradesh","SANT RAVIDAS NAGAR( BHADOHI)",GYANPUR,DULHIPUR,245,245,"7/22/2019 12:00:00 AM"
"Uttar Pradesh","SANT RAVIDAS NAGAR( BHADOHI)",GYANPUR,GAHARPUR,273,273,"7/22/2019 12:00:00 AM"
"Uttar Pradesh","SANT RAVIDAS NAGAR( BHADOHI)",GYANPUR,GAJDHARA,542,542,"7/22/2019 12:00:00 AM"
"Uttar Pradesh","SANT RAVIDAS NAGAR( BHADOHI)",GYANPUR,GALHAIYA,339,339,"7/22/2019 12:00:00 AM"
"Uttar Pradesh","SANT RAVIDAS NAGAR( BHADOHI)",GYANPUR,GANESHRAYPUR,750,750,"7/22/2019 12:00:00 AM"
"Uttar Pradesh","SANT RAVIDAS NAGAR( BHADOHI)",GYANPUR,GHATAMPUR,428,428,"7/22/2019 12:00:00 AM"
"Uttar Pradesh","SANT RAVIDAS NAGAR( BHADOHI)",GYANPUR,GHORAHA,449,449,"7/22/2019 12:00:00 AM"
"Uttar Pradesh","SANT RAVIDAS NAGAR( BHADOHI)",GYANPUR,GIRDHARPUR,827,827,"7/22/2019 12:00:00 AM"
"Uttar Pradesh","SANT RAVIDAS NAGAR( BHADOHI)",GYANPUR,GOPIPUR,218,218,"7/22/2019 12:00:00 AM"
"Uttar Pradesh","SANT RAVIDAS NAGAR( BHADOHI)",GYANPUR,"HARIHARPUR N. VAIDA",267,267,"7/22/2019 12:00:00 AM"
"Uttar Pradesh","SANT RAVIDAS NAGAR( BHADOHI)",GYANPUR,HICHCHHANPUR,430,430,"7/22/2019 12:00:00 AM"
"Uttar Pradesh","SANT RAVIDAS NAGAR( BHADOHI)",GYANPUR,HOLPUR,250,250,"7/22/2019 12:00:00 AM"
"Uttar Pradesh","SANT RAVIDAS NAGAR( BHADOHI)",GYANPUR,JAGAPUR,232,232,"7/22/2019 12:00:00 AM"
"Uttar Pradesh","SANT RAVIDAS NAGAR( BHADOHI)",GYANPUR,JAKHAON,864,864,"7/22/2019 12:00:00 AM"
"Uttar Pradesh","SANT RAVIDAS NAGAR( BHADOHI)",GYANPUR,JOHARPUR,409,409,"7/22/2019 12:00:00 AM"
"Uttar Pradesh","SANT RAVIDAS NAGAR( BHADOHI)",GYANPUR,JORAI,432,432,"7/22/2019 12:00:00 AM"
"Uttar Pradesh","SANT RAVIDAS NAGAR( BHADOHI)",GYANPUR,KALIPUR,158,158,"7/22/2019 12:00:00 AM"
"Uttar Pradesh","SANT RAVIDAS NAGAR( BHADOHI)",GYANPUR,KANSAPUR,251,251,"7/22/2019 12:00:00 AM"
"Uttar Pradesh","SANT RAVIDAS NAGAR( BHADOHI)",GYANPUR,"KANTI RAMPUR",148,148,"7/22/2019 12:00:00 AM"
"Uttar Pradesh","SANT RAVIDAS NAGAR( BHADOHI)",GYANPUR,KARIGAON,714,714,"7/22/2019 12:00:00 AM"
"Uttar Pradesh","SANT RAVIDAS NAGAR( BHADOHI)",GYANPUR,KASIDAHA,547,547,"7/22/2019 12:00:00 AM"
"Uttar Pradesh","SANT RAVIDAS NAGAR( BHADOHI)",GYANPUR,KASIYAPUR,396,396,"7/22/2019 12:00:00 AM"
"Uttar Pradesh","SANT RAVIDAS NAGAR( BHADOHI)",GYANPUR,KATHAUTA,761,761,"7/22/2019 12:00:00 AM"
"Uttar Pradesh","SANT RAVIDAS NAGAR( BHADOHI)",GYANPUR,KAWAL,554,554,"7/22/2019 12:00:00 AM"
"Uttar Pradesh","SANT RAVIDAS NAGAR( BHADOHI)",GYANPUR,"KESHOPUR SARPATAHA",326,326,"7/22/2019 12:00:00 AM"
"Uttar Pradesh","SANT RAVIDAS NAGAR( BHADOHI)",GYANPUR,KUSAULI,278,278,"7/22/2019 12:00:00 AM"
"Uttar Pradesh","SANT RAVIDAS NAGAR( BHADOHI)",GYANPUR,"LACHHIMAN PATTI",851,851,"7/22/2019 12:00:00 AM"
"Uttar Pradesh","SANT RAVIDAS NAGAR( BHADOHI)",GYANPUR,LAKHANO,489,489,"7/22/2019 12:00:00 AM"
"Uttar Pradesh","SANT RAVIDAS NAGAR( BHADOHI)",GYANPUR,"LOHARA KHAS",271,271,"7/22/2019 12:00:00 AM"
"Uttar Pradesh","SANT RAVIDAS NAGAR( BHADOHI)",GYANPUR,MADANPUR,416,416,"7/22/2019 12:00:00 AM"
"Uttar Pradesh","SANT RAVIDAS NAGAR( BHADOHI)",GYANPUR,MEENAPUR,352,352,"7/22/2019 12:00:00 AM"
"Uttar Pradesh","SANT RAVIDAS NAGAR( BHADOHI)",GYANPUR,MILKI,377,377,"7/22/2019 12:00:00 AM"
"Uttar Pradesh","SANT RAVIDAS NAGAR( BHADOHI)",GYANPUR,"NANDA KAPURA",233,233,"7/22/2019 12:00:00 AM"
"Uttar Pradesh","SANT RAVIDAS NAGAR( BHADOHI)",GYANPUR,NATHAIPUR,661,661,"7/22/2019 12:00:00 AM"
"Uttar Pradesh","SANT RAVIDAS NAGAR( BHADOHI)",GYANPUR,"PAKARI KALA N. VALAPUR",303,303,"7/22/2019 12:00:00 AM"
"Uttar Pradesh","SANT RAVIDAS NAGAR( BHADOHI)",GYANPUR,"PAKARI KHURD N. MAHATUDA",328,328,"7/22/2019 12:00:00 AM"
"Uttar Pradesh","SANT RAVIDAS NAGAR( BHADOHI)",GYANPUR,PALI,141,141,"7/22/2019 12:00:00 AM"
"Uttar Pradesh","SANT RAVIDAS NAGAR( BHADOHI)",GYANPUR,"PARASHURAMPUR N. UMARAO",113,113,"7/22/2019 12:00:00 AM"
"Uttar Pradesh","SANT RAVIDAS NAGAR( BHADOHI)",GYANPUR,PILKHUNA,339,339,"7/22/2019 12:00:00 AM"
"Uttar Pradesh","SANT RAVIDAS NAGAR( BHADOHI)",GYANPUR,"POORE BAHURIYA",254,254,"7/22/2019 12:00:00 AM"
"Uttar Pradesh","SANT RAVIDAS NAGAR( BHADOHI)",GYANPUR,"POORE BHAN",472,472,"7/22/2019 12:00:00 AM"
"Uttar Pradesh","SANT RAVIDAS NAGAR( BHADOHI)",GYANPUR,"POORE DIWAN",50,50,"7/22/2019 12:00:00 AM"
"Uttar Pradesh","SANT RAVIDAS NAGAR( BHADOHI)",GYANPUR,"POORE GARERIYA",338,338,"7/22/2019 12:00:00 AM"
"Uttar Pradesh","SANT RAVIDAS NAGAR( BHADOHI)",GYANPUR,"POORE GOSAI DAS",296,296,"7/22/2019 12:00:00 AM"
"Uttar Pradesh","SANT RAVIDAS NAGAR( BHADOHI)",GYANPUR,"POORE MATUKA",361,361,"7/22/2019 12:00:00 AM"
"Uttar Pradesh","SANT RAVIDAS NAGAR( BHADOHI)",GYANPUR,"POORE RAZA",379,379,"7/22/2019 12:00:00 AM"
"Uttar Pradesh","SANT RAVIDAS NAGAR( BHADOHI)",GYANPUR,"POORE VISHWANATH",142,142,"7/22/2019 12:00:00 AM"
"Uttar Pradesh","SANT RAVIDAS NAGAR( BHADOHI)",GYANPUR,RAGHURAMPUR,259,259,"7/22/2019 12:00:00 AM"
"Uttar Pradesh","SANT RAVIDAS NAGAR( BHADOHI)",GYANPUR,RAIPUR,391,391,"7/22/2019 12:00:00 AM"
"Uttar Pradesh","SANT RAVIDAS NAGAR( BHADOHI)",GYANPUR,"RAMAIPUR N. KALIPUR",143,143,"7/22/2019 12:00:00 AM"
"Uttar Pradesh","SANT RAVIDAS NAGAR( BHADOHI)",GYANPUR,ROHI,273,273,"7/22/2019 12:00:00 AM"
"Uttar Pradesh","SANT RAVIDAS NAGAR( BHADOHI)",GYANPUR,SAHASIPUR,212,212,"7/22/2019 12:00:00 AM"
"Uttar Pradesh","SANT RAVIDAS NAGAR( BHADOHI)",GYANPUR,"SAMBAIRAJ PUTANI",149,149,"7/22/2019 12:00:00 AM"
"Uttar Pradesh","SANT RAVIDAS NAGAR( BHADOHI)",GYANPUR,SANSARAPUR,418,418,"7/22/2019 12:00:00 AM"
"Uttar Pradesh","SANT RAVIDAS NAGAR( BHADOHI)",GYANPUR,"SARAI MISRANI",390,390,"7/22/2019 12:00:00 AM"
"Uttar Pradesh","SANT RAVIDAS NAGAR( BHADOHI)",GYANPUR,"SARAI RAJPUTANI",813,813,"7/22/2019 12:00:00 AM"
"Uttar Pradesh","SANT RAVIDAS NAGAR( BHADOHI)",GYANPUR,SARIPUR,290,290,"7/22/2019 12:00:00 AM"
"Uttar Pradesh","SANT RAVIDAS NAGAR( BHADOHI)",GYANPUR,"SARIPUR URF UMARPUR",357,357,"7/22/2019 12:00:00 AM"
"Uttar Pradesh","SANT RAVIDAS NAGAR( BHADOHI)",GYANPUR,SHIVRAMPUR,237,237,"7/22/2019 12:00:00 AM"
"Uttar Pradesh","SANT RAVIDAS NAGAR( BHADOHI)",GYANPUR,SINGHPUR,246,246,"7/22/2019 12:00:00 AM"
"Uttar Pradesh","SANT RAVIDAS NAGAR( BHADOHI)",GYANPUR,SOWARI,466,466,"7/22/2019 12:00:00 AM"
"Uttar Pradesh","SANT RAVIDAS NAGAR( BHADOHI)",GYANPUR,THANIPUR,301,301,"7/22/2019 12:00:00 AM"
"Uttar Pradesh","SANT RAVIDAS NAGAR( BHADOHI)",GYANPUR,UMARIYA,88,88,"7/22/2019 12:00:00 AM"
"Uttar Pradesh","SANT RAVIDAS NAGAR( BHADOHI)",GYANPUR,"VAIDA KHAS",468,468,"7/22/2019 12:00:00 AM"
"Uttar Pradesh","SANT RAVIDAS NAGAR( BHADOHI)",GYANPUR,"VAIRI PARAWA",456,456,"7/22/2019 12:00:00 AM"
"Uttar Pradesh","SANT RAVIDAS NAGAR( BHADOHI)",GYANPUR,VARI,795,795,"7/22/2019 12:00:00 AM"
"Uttar Pradesh","SANT RAVIDAS NAGAR( BHADOHI)",GYANPUR,ZIANPUR,702,702,"7/22/2019 12:00:00 AM"
"Uttar Pradesh","SANT RAVIDAS NAGAR( BHADOHI)",SURIYAVAN,ARJUNPUR,338,338,"7/22/2019 12:00:00 AM"
"Uttar Pradesh","SANT RAVIDAS NAGAR( BHADOHI)",SURIYAVAN,AWARANA,294,294,"7/22/2019 12:00:00 AM"
"Uttar Pradesh","SANT RAVIDAS NAGAR( BHADOHI)",SURIYAVAN,"BADLIKAPURA OR BADLIPUR",189,189,"7/22/2019 12:00:00 AM"
"Uttar Pradesh","SANT RAVIDAS NAGAR( BHADOHI)",SURIYAVAN,BAHRAICHI,620,620,"7/22/2019 12:00:00 AM"
"Uttar Pradesh","SANT RAVIDAS NAGAR( BHADOHI)",SURIYAVAN,"BAHUTA CHAKDAHI",471,471,"7/22/2019 12:00:00 AM"
"Uttar Pradesh","SANT RAVIDAS NAGAR( BHADOHI)",SURIYAVAN,BALBHADARPUR,457,457,"7/22/2019 12:00:00 AM"
"Uttar Pradesh","SANT RAVIDAS NAGAR( BHADOHI)",SURIYAVAN,BARHIYANI,281,281,"7/22/2019 12:00:00 AM"
"Uttar Pradesh","SANT RAVIDAS NAGAR( BHADOHI)",SURIYAVAN,BARMOHNI,832,832,"7/22/2019 12:00:00 AM"
"Uttar Pradesh","SANT RAVIDAS NAGAR( BHADOHI)",SURIYAVAN,BHANUPUR,421,421,"7/22/2019 12:00:00 AM"
"Uttar Pradesh","SANT RAVIDAS NAGAR( BHADOHI)",SURIYAVAN,BHAT,328,328,"7/22/2019 12:00:00 AM"
"Uttar Pradesh","SANT RAVIDAS NAGAR( BHADOHI)",SURIYAVAN,BHATEWRA,716,716,"7/22/2019 12:00:00 AM"
"Uttar Pradesh","SANT RAVIDAS NAGAR( BHADOHI)",SURIYAVAN,"BHIKARI RAMPUR",576,576,"7/22/2019 12:00:00 AM"
"Uttar Pradesh","SANT RAVIDAS NAGAR( BHADOHI)",SURIYAVAN,"BHIM SENPUR",572,572,"7/22/2019 12:00:00 AM"
"Uttar Pradesh","SANT RAVIDAS NAGAR( BHADOHI)",SURIYAVAN,BHORI,840,840,"7/22/2019 12:00:00 AM"
"Uttar Pradesh","SANT RAVIDAS NAGAR( BHADOHI)",SURIYAVAN,BIHIYAPUR,612,612,"7/22/2019 12:00:00 AM"
"Uttar Pradesh","SANT RAVIDAS NAGAR( BHADOHI)",SURIYAVAN,"CHAK CHANDRA",385,385,"7/22/2019 12:00:00 AM"
"Uttar Pradesh","SANT RAVIDAS NAGAR( BHADOHI)",SURIYAVAN,"CHAURAPUR BAIDAN",477,477,"7/22/2019 12:00:00 AM"
"Uttar Pradesh","SANT RAVIDAS NAGAR( BHADOHI)",SURIYAVAN,CHHANAURA,597,597,"7/22/2019 12:00:00 AM"
"Uttar Pradesh","SANT RAVIDAS NAGAR( BHADOHI)",SURIYAVAN,CHHATARIPUR,417,417,"7/22/2019 12:00:00 AM"
"Uttar Pradesh","SANT RAVIDAS NAGAR( BHADOHI)",SURIYAVAN,DANGHAR,538,538,"7/22/2019 12:00:00 AM"
"Uttar Pradesh","SANT RAVIDAS NAGAR( BHADOHI)",SURIYAVAN,DUHIYA,148,148,"7/22/2019 12:00:00 AM"
"Uttar Pradesh","SANT RAVIDAS NAGAR( BHADOHI)",SURIYAVAN,EKAUNI,660,660,"7/22/2019 12:00:00 AM"
"Uttar Pradesh","SANT RAVIDAS NAGAR( BHADOHI)",SURIYAVAN,"GOPIPUR (NEW)",131,131,"7/22/2019 12:00:00 AM"
"Uttar Pradesh","SANT RAVIDAS NAGAR( BHADOHI)",SURIYAVAN,"HARI PATTI",305,305,"7/22/2019 12:00:00 AM"
"Uttar Pradesh","SANT RAVIDAS NAGAR( BHADOHI)",SURIYAVAN,HARIHARPUR,349,349,"7/22/2019 12:00:00 AM"
"Uttar Pradesh","SANT RAVIDAS NAGAR( BHADOHI)",SURIYAVAN,HARIPUR,288,288,"7/22/2019 12:00:00 AM"
"Uttar Pradesh","SANT RAVIDAS NAGAR( BHADOHI)",SURIYAVAN,JAGDISHPUR,468,468,"7/22/2019 12:00:00 AM"
"Uttar Pradesh","SANT RAVIDAS NAGAR( BHADOHI)",SURIYAVAN,JAGETIPUR,420,420,"7/22/2019 12:00:00 AM"
"Uttar Pradesh","SANT RAVIDAS NAGAR( BHADOHI)",SURIYAVAN,"JAMUNIPUR ATHAGAWAN",2186,2186,"7/22/2019 12:00:00 AM"
"Uttar Pradesh","SANT RAVIDAS NAGAR( BHADOHI)",SURIYAVAN,KADOR,500,500,"7/22/2019 12:00:00 AM"
"Uttar Pradesh","SANT RAVIDAS NAGAR( BHADOHI)",SURIYAVAN,KAINDA,377,377,"7/22/2019 12:00:00 AM"
"Uttar Pradesh","SANT RAVIDAS NAGAR( BHADOHI)",SURIYAVAN,KANCHANPUR,480,480,"7/22/2019 12:00:00 AM"
"Uttar Pradesh","SANT RAVIDAS NAGAR( BHADOHI)",SURIYAVAN,KARIYAON,358,358,"7/22/2019 12:00:00 AM"
"Uttar Pradesh","SANT RAVIDAS NAGAR( BHADOHI)",SURIYAVAN,"KASTURI PUR",391,391,"7/22/2019 12:00:00 AM"
"Uttar Pradesh","SANT RAVIDAS NAGAR( BHADOHI)",SURIYAVAN,KAUNDAR,321,321,"7/22/2019 12:00:00 AM"
"Uttar Pradesh","SANT RAVIDAS NAGAR( BHADOHI)",SURIYAVAN,KHARAGPUR,504,504,"7/22/2019 12:00:00 AM"
"Uttar Pradesh","SANT RAVIDAS NAGAR( BHADOHI)",SURIYAVAN,"KIRTIPUR Z. KARIYAON",260,260,"7/22/2019 12:00:00 AM"
"Uttar Pradesh","SANT RAVIDAS NAGAR( BHADOHI)",SURIYAVAN,KOCHHIYA,359,359,"7/22/2019 12:00:00 AM"
"Uttar Pradesh","SANT RAVIDAS NAGAR( BHADOHI)",SURIYAVAN,"KOLHUA PANDE PUR",222,222,"7/22/2019 12:00:00 AM"
"Uttar Pradesh","SANT RAVIDAS NAGAR( BHADOHI)",SURIYAVAN,KUSURA,582,582,"7/22/2019 12:00:00 AM"
"Uttar Pradesh","SANT RAVIDAS NAGAR( BHADOHI)",SURIYAVAN,"LAGAN BARI",493,493,"7/22/2019 12:00:00 AM"
"Uttar Pradesh","SANT RAVIDAS NAGAR( BHADOHI)",SURIYAVAN,LALIPUR,573,573,"7/22/2019 12:00:00 AM"
"Uttar Pradesh","SANT RAVIDAS NAGAR( BHADOHI)",SURIYAVAN,MADHUPATTI,304,304,"7/22/2019 12:00:00 AM"
"Uttar Pradesh","SANT RAVIDAS NAGAR( BHADOHI)",SURIYAVAN,MAHDEPUR,675,675,"7/22/2019 12:00:00 AM"
"Uttar Pradesh","SANT RAVIDAS NAGAR( BHADOHI)",SURIYAVAN,MAHJUDA,733,733,"7/22/2019 12:00:00 AM"
"Uttar Pradesh","SANT RAVIDAS NAGAR( BHADOHI)",SURIYAVAN,MAHUAPUR,795,795,"7/22/2019 12:00:00 AM"
"Uttar Pradesh","SANT RAVIDAS NAGAR( BHADOHI)",SURIYAVAN,MAKANPUR,497,497,"7/22/2019 12:00:00 AM"
"Uttar Pradesh","SANT RAVIDAS NAGAR( BHADOHI)",SURIYAVAN,"MANAPUR OR MALEPUR",376,376,"7/22/2019 12:00:00 AM"
"Uttar Pradesh","SANT RAVIDAS NAGAR( BHADOHI)",SURIYAVAN,MANGURA,450,450,"7/22/2019 12:00:00 AM"
"Uttar Pradesh","SANT RAVIDAS NAGAR( BHADOHI)",SURIYAVAN,MANSHAHPUR,571,571,"7/22/2019 12:00:00 AM"
"Uttar Pradesh","SANT RAVIDAS NAGAR( BHADOHI)",SURIYAVAN,"MARDANPUR SHAHPUR",324,324,"7/22/2019 12:00:00 AM"
"Uttar Pradesh","SANT RAVIDAS NAGAR( BHADOHI)",SURIYAVAN,NAROTTAMPUR,389,389,"7/22/2019 12:00:00 AM"
"Uttar Pradesh","SANT RAVIDAS NAGAR( BHADOHI)",SURIYAVAN,NIDIURA,215,215,"7/22/2019 12:00:00 AM"
"Uttar Pradesh","SANT RAVIDAS NAGAR( BHADOHI)",SURIYAVAN,"PATTI BEJWA",780,780,"7/22/2019 12:00:00 AM"
"Uttar Pradesh","SANT RAVIDAS NAGAR( BHADOHI)",SURIYAVAN,"PURE KHUSHAL",298,298,"7/22/2019 12:00:00 AM"
"Uttar Pradesh","SANT RAVIDAS NAGAR( BHADOHI)",SURIYAVAN,"PURE MANOHAR",327,327,"7/22/2019 12:00:00 AM"
"Uttar Pradesh","SANT RAVIDAS NAGAR( BHADOHI)",SURIYAVAN,SANATHPUR,192,192,"7/22/2019 12:00:00 AM"
"Uttar Pradesh","SANT RAVIDAS NAGAR( BHADOHI)",SURIYAVAN,SANDA,539,539,"7/22/2019 12:00:00 AM"
"Uttar Pradesh","SANT RAVIDAS NAGAR( BHADOHI)",SURIYAVAN,"SARAI CHATARSHAH",683,683,"7/22/2019 12:00:00 AM"
"Uttar Pradesh","SANT RAVIDAS NAGAR( BHADOHI)",SURIYAVAN,"SARI BHANSINGHPUR",455,455,"7/22/2019 12:00:00 AM"
"Uttar Pradesh","SANT RAVIDAS NAGAR( BHADOHI)",SURIYAVAN,SINGHPUR,476,476,"7/22/2019 12:00:00 AM"
"Uttar Pradesh","SANT RAVIDAS NAGAR( BHADOHI)",SURIYAVAN,SIYARHA,780,780,"7/22/2019 12:00:00 AM"
"Uttar Pradesh","SANT RAVIDAS NAGAR( BHADOHI)",SURIYAVAN,"TAL SUPAILA",418,418,"7/22/2019 12:00:00 AM"
"Uttar Pradesh","SANT RAVIDAS NAGAR( BHADOHI)",SURIYAVAN,TEZSINGHPUR,221,221,"7/22/2019 12:00:00 AM"
"Uttar Pradesh","SANT RAVIDAS NAGAR( BHADOHI)",SURIYAVAN,"TULAPUR BHADURAN",536,536,"7/22/2019 12:00:00 AM"
"Uttar Pradesh","SANT RAVIDAS NAGAR( BHADOHI)",SURIYAVAN,UGAIPUR,199,199,"7/22/2019 12:00:00 AM"
"Uttar Pradesh","SANT RAVIDAS NAGAR( BHADOHI)",SURIYAVAN,VISHNUPUR,451,451,"7/22/2019 12:00:00 AM"
