ServiceName,RpoName,SchemeType,LastWeekCount,LastMonthCount,YearTillDate,Date
"Applications Received - Scheme wise","RPO Ahmedabad",Normal,14671,59151,286553,"2018-05-27 12:47:18.31014"
"Applications Received - Scheme wise","RPO Ahmedabad",Tatkaal,333,1373,4967,"2018-05-27 12:47:18.31014"
"Applications Received - Gender wise","RPO Ahmedabad",FEMALE,5982,24465,117068,"2018-05-27 12:47:18.31014"
"Applications Received - Gender wise","RPO Ahmedabad",MALE,9019,36058,174440,"2018-05-27 12:47:18.31014"
"Applications Received - Gender wise","RPO Ahmedabad",TRANSGENDER,2,0,5,"2018-05-27 12:47:18.31014"
"Applications with Aadhaar Number","RPO Ahmedabad","Count of Applications",15003,60523,291513,"2018-05-27 12:47:18.31014"
"Applications - Education Wise","RPO Ahmedabad","10TH PASS AND ABOVE",5673,20907,99961,"2018-05-27 12:47:18.31014"
"Applications - Education Wise","RPO Ahmedabad","5TH PASS OR LESS",0,0,0,"2018-05-27 12:47:18.31014"
"Applications - Education Wise","RPO Ahmedabad","BETWEEN 6TH AND 9TH STANDARD",0,0,0,"2018-05-27 12:47:18.31014"
"Applications - Education Wise","RPO Ahmedabad","GRADUATE AND ABOVE",4778,17760,85730,"2018-05-27 12:47:18.31014"
"Applications - Age Wise Wise","RPO Ahmedabad",Between_18_to_35,6619,25768,125965,"2018-05-27 12:47:18.31014"
"Applications - Age Wise Wise","RPO Ahmedabad",Between_36_to_60,4970,20045,95762,"2018-05-27 12:47:18.31014"
"Applications - Age Wise Wise","RPO Ahmedabad",GreaterThan60,1123,5042,25240,"2018-05-27 12:47:18.31014"
"Applications - Age Wise Wise","RPO Ahmedabad",LessThan18,2291,9668,44546,"2018-05-27 12:47:18.31014"
"Application Fee Online Payment - Mode Wise","RPO Ahmedabad",Challan,1164600,6163950,32897600,"2018-05-27 12:47:18.31014"
"Application Fee Online Payment - Mode Wise","RPO Ahmedabad","Credit/ Debit Card",10888050,44470000,219974600,"2018-05-27 12:47:18.31014"
"Application Fee Online Payment - Mode Wise","RPO Ahmedabad",Online,4693300,21667350,108497050,"2018-05-27 12:47:18.31014"
"Applications Received - Service Wise","RPO Ahmedabad",FRESH,9507,37051,181465,"2018-05-27 12:47:18.31014"
"Applications Received - Service Wise","RPO Ahmedabad",PCC,661,2746,12662,"2018-05-27 12:47:18.31014"
"Applications Received - Service Wise","RPO Ahmedabad",REISSUE,4834,20716,97304,"2018-05-27 12:47:18.31014"
"Applications Granted - PV Mode wise","RPO Ahmedabad","No Verification",2134,10581,50321,"2018-05-27 12:47:18.31014"
"Applications Granted - PV Mode wise","RPO Ahmedabad","Post Verification",2022,7686,34717,"2018-05-27 12:47:18.31014"
"Applications Granted - PV Mode wise","RPO Ahmedabad","Pre Verification",8376,34761,168560,"2018-05-27 12:47:18.31014"
"PV Processing Time","RPO Ahmedabad","More than 21 Days",66,213,1017,"2018-05-27 12:47:18.31014"
"PV Processing Time","RPO Ahmedabad","Within 21 Days",9753,40876,202108,"2018-05-27 12:47:18.31014"
"Applications Received - Scheme wise","RPO Amritsar",Normal,4620,18899,88407,"2018-05-27 12:47:18.31014"
"Applications Received - Scheme wise","RPO Amritsar",Tatkaal,87,204,946,"2018-05-27 12:47:18.31014"
"Applications Received - Gender wise","RPO Amritsar",FEMALE,1745,7288,31999,"2018-05-27 12:47:18.31014"
"Applications Received - Gender wise","RPO Amritsar",MALE,2962,11814,57334,"2018-05-27 12:47:18.31014"
"Applications Received - Gender wise","RPO Amritsar",TRANSGENDER,0,0,5,"2018-05-27 12:47:18.31014"
"Applications with Aadhaar Number","RPO Amritsar","Count of Applications",4707,19102,89338,"2018-05-27 12:47:18.31014"
"Applications - Education Wise","RPO Amritsar","10TH PASS AND ABOVE",2789,11257,51183,"2018-05-27 12:47:18.31014"
"Applications - Education Wise","RPO Amritsar","5TH PASS OR LESS",0,0,0,"2018-05-27 12:47:18.31014"
"Applications - Education Wise","RPO Amritsar","BETWEEN 6TH AND 9TH STANDARD",0,0,0,"2018-05-27 12:47:18.31014"
"Applications - Education Wise","RPO Amritsar","GRADUATE AND ABOVE",452,1821,8795,"2018-05-27 12:47:18.31014"
"Applications - Age Wise Wise","RPO Amritsar",Between_18_to_35,2740,10958,51708,"2018-05-27 12:47:18.31014"
"Applications - Age Wise Wise","RPO Amritsar",Between_36_to_60,1203,4937,23080,"2018-05-27 12:47:18.31014"
"Applications - Age Wise Wise","RPO Amritsar",GreaterThan60,214,950,4275,"2018-05-27 12:47:18.31014"
"Applications - Age Wise Wise","RPO Amritsar",LessThan18,550,2257,10275,"2018-05-27 12:47:18.31014"
"Application Fee Online Payment - Mode Wise","RPO Amritsar",Challan,159050,800950,4252700,"2018-05-27 12:47:18.31014"
"Application Fee Online Payment - Mode Wise","RPO Amritsar","Credit/ Debit Card",2244500,8559600,38489750,"2018-05-27 12:47:18.31014"
"Application Fee Online Payment - Mode Wise","RPO Amritsar",Online,3157650,12121700,57850900,"2018-05-27 12:47:18.31014"
"Applications Received - Service Wise","RPO Amritsar",FRESH,3213,12651,60279,"2018-05-27 12:47:18.31014"
"Applications Received - Service Wise","RPO Amritsar",PCC,190,1427,4891,"2018-05-27 12:47:18.31014"
"Applications Received - Service Wise","RPO Amritsar",REISSUE,1304,5023,24162,"2018-05-27 12:47:18.31014"
"Applications Granted - PV Mode wise","RPO Amritsar","No Verification",466,2243,9944,"2018-05-27 12:47:18.31014"
"Applications Granted - PV Mode wise","RPO Amritsar","Post Verification",250,738,3450,"2018-05-27 12:47:18.31014"
"Applications Granted - PV Mode wise","RPO Amritsar","Pre Verification",3948,16209,75910,"2018-05-27 12:47:18.31014"
"PV Processing Time","RPO Amritsar","More than 21 Days",2900,3785,22638,"2018-05-27 12:47:18.31014"
"PV Processing Time","RPO Amritsar","Within 21 Days",2659,8334,52235,"2018-05-27 12:47:18.31014"
"Applications Received - Scheme wise","RPO Bangalore",Normal,15473,15473,57000,"2016-12-25 04:03:38.838183"
"Applications Received - Scheme wise","RPO Bangalore",Tatkaal,923,923,4071,"2016-12-25 04:03:38.838183"
"Applications Received - Gender wise","RPO Bangalore",FEMALE,6642,6642,25471,"2016-12-25 04:03:38.838183"
"Applications Received - Gender wise","RPO Bangalore",MALE,9752,9752,38069,"2016-12-25 04:03:38.838183"
"Applications Received - Gender wise","RPO Bangalore",TRANSGENDER,0,0,0,"2016-12-25 04:03:38.838183"
"Applications with Aadhaar Number","RPO Bangalore","Count of Applications",16394,16394,63540,"2016-12-25 04:03:38.838183"
"Applications - Education Wise","RPO Bangalore","10TH PASS AND ABOVE",5070,5070,19490,"2016-12-25 04:03:38.838183"
"Applications - Education Wise","RPO Bangalore","5TH PASS OR LESS",3512,3512,13588,"2016-12-25 04:03:38.838183"
"Applications - Education Wise","RPO Bangalore","BETWEEN 6TH AND 9TH STANDARD",2078,2078,7699,"2016-12-25 04:03:38.838183"
"Applications - Education Wise","RPO Bangalore","GRADUATE AND ABOVE",5730,5730,22712,"2016-12-25 04:03:38.838183"
"Applications - Age Wise Wise","RPO Bangalore",Between_18_to_35,7653,7653,29491,"2016-12-25 04:03:38.838183"
"Applications - Age Wise Wise","RPO Bangalore",Between_36_to_60,4923,4923,18658,"2016-12-25 04:03:38.838183"
"Applications - Age Wise Wise","RPO Bangalore",GreaterThan60,1398,1398,5584,"2016-12-25 04:03:38.838183"
"Applications - Age Wise Wise","RPO Bangalore",LessThan18,2420,2420,9807,"2016-12-25 04:03:38.838183"
"Application Fee Online Payment - Mode Wise","RPO Bangalore",Challan,2682000,2682000,12427000,"2016-12-25 04:03:38.838183"
"Application Fee Online Payment - Mode Wise","RPO Bangalore","Credit/ Debit Card",12291000,12291000,63429500,"2016-12-25 04:03:38.838183"
"Application Fee Online Payment - Mode Wise","RPO Bangalore",Online,6147500,6147500,29784000,"2016-12-25 04:03:38.838183"
"Applications Received - Service Wise","RPO Bangalore",FRESH,9603,9603,35845,"2016-12-25 04:03:38.838183"
"Applications Received - Service Wise","RPO Bangalore",PCC,329,329,1276,"2016-12-25 04:03:38.838183"
"Applications Received - Service Wise","RPO Bangalore",REISSUE,6462,6462,23942,"2016-12-25 04:03:38.838183"
"Applications Granted - PV Mode wise","RPO Bangalore","No Verification",5361,5361,21698,"2016-12-25 04:03:38.838183"
"Applications Granted - PV Mode wise","RPO Bangalore","Post Verification",1062,1062,4149,"2016-12-25 04:03:38.838183"
"Applications Granted - PV Mode wise","RPO Bangalore","Pre Verification",9169,9169,34223,"2016-12-25 04:03:38.838183"
"PV Processing Time","RPO Bangalore","More than 21 Days",3242,3242,17857,"2016-12-25 04:03:38.838183"
"PV Processing Time","RPO Bangalore","Within 21 Days",3703,3703,18644,"2016-12-25 04:03:38.838183"
"Applications Received - Scheme wise","RPO Bareilly",Normal,2576,11902,54414,"2018-05-27 12:47:18.31014"
"Applications Received - Scheme wise","RPO Bareilly",Tatkaal,36,136,525,"2018-05-27 12:47:18.31014"
"Applications Received - Gender wise","RPO Bareilly",FEMALE,594,2837,12811,"2018-05-27 12:47:18.31014"
"Applications Received - Gender wise","RPO Bareilly",MALE,2018,9201,42127,"2018-05-27 12:47:18.31014"
"Applications Received - Gender wise","RPO Bareilly",TRANSGENDER,0,0,0,"2018-05-27 12:47:18.31014"
"Applications with Aadhaar Number","RPO Bareilly","Count of Applications",2612,12038,54938,"2018-05-27 12:47:18.31014"
"Applications - Education Wise","RPO Bareilly","10TH PASS AND ABOVE",700,3016,14009,"2018-05-27 12:47:18.31014"
"Applications - Education Wise","RPO Bareilly","5TH PASS OR LESS",0,0,0,"2018-05-27 12:47:18.31014"
"Applications - Education Wise","RPO Bareilly","BETWEEN 6TH AND 9TH STANDARD",0,0,0,"2018-05-27 12:47:18.31014"
"Applications - Education Wise","RPO Bareilly","GRADUATE AND ABOVE",508,2253,10031,"2018-05-27 12:47:18.31014"
"Applications - Age Wise Wise","RPO Bareilly",Between_18_to_35,1703,7669,35562,"2018-05-27 12:47:18.31014"
"Applications - Age Wise Wise","RPO Bareilly",Between_36_to_60,568,2799,12416,"2018-05-27 12:47:18.31014"
"Applications - Age Wise Wise","RPO Bareilly",GreaterThan60,155,761,3499,"2018-05-27 12:47:18.31014"
"Applications - Age Wise Wise","RPO Bareilly",LessThan18,186,809,3461,"2018-05-27 12:47:18.31014"
"Application Fee Online Payment - Mode Wise","RPO Bareilly",Challan,62550,325650,2089250,"2018-05-27 12:47:18.31014"
"Application Fee Online Payment - Mode Wise","RPO Bareilly","Credit/ Debit Card",1077900,5441050,26120500,"2018-05-27 12:47:18.31014"
"Application Fee Online Payment - Mode Wise","RPO Bareilly",Online,1473450,7550850,38692900,"2018-05-27 12:47:18.31014"
"Applications Received - Service Wise","RPO Bareilly",FRESH,1723,8557,39936,"2018-05-27 12:47:18.31014"
"Applications Received - Service Wise","RPO Bareilly",PCC,492,1481,6365,"2018-05-27 12:47:18.31014"
"Applications Received - Service Wise","RPO Bareilly",REISSUE,397,2000,8637,"2018-05-27 12:47:18.31014"
"Applications Granted - PV Mode wise","RPO Bareilly","No Verification",514,1705,7758,"2018-05-27 12:47:18.31014"
"Applications Granted - PV Mode wise","RPO Bareilly","Post Verification",140,805,3525,"2018-05-27 12:47:18.31014"
"Applications Granted - PV Mode wise","RPO Bareilly","Pre Verification",1251,6143,36612,"2018-05-27 12:47:18.31014"
"PV Processing Time","RPO Bareilly","More than 21 Days",82,275,1685,"2018-05-27 12:47:18.31014"
"PV Processing Time","RPO Bareilly","Within 21 Days",1912,7519,40782,"2018-05-27 12:47:18.31014"
"Applications Received - Scheme wise","RPO Bhopal",Normal,3788,17095,85048,"2018-05-27 12:47:18.31014"
"Applications Received - Scheme wise","RPO Bhopal",Tatkaal,204,701,3293,"2018-05-27 12:47:18.31014"
"Applications Received - Gender wise","RPO Bhopal",FEMALE,1505,7074,34418,"2018-05-27 12:47:18.31014"
"Applications Received - Gender wise","RPO Bhopal",MALE,2487,10719,53917,"2018-05-27 12:47:18.31014"
"Applications Received - Gender wise","RPO Bhopal",TRANSGENDER,0,3,5,"2018-05-27 12:47:18.31014"
"Applications with Aadhaar Number","RPO Bhopal","Count of Applications",3992,17796,88340,"2018-05-27 12:47:18.31014"
"Applications - Education Wise","RPO Bhopal","10TH PASS AND ABOVE",1262,4865,24661,"2018-05-27 12:47:18.31014"
"Applications - Education Wise","RPO Bhopal","5TH PASS OR LESS",0,0,0,"2018-05-27 12:47:18.31014"
"Applications - Education Wise","RPO Bhopal","BETWEEN 6TH AND 9TH STANDARD",0,0,0,"2018-05-27 12:47:18.31014"
"Applications - Education Wise","RPO Bhopal","GRADUATE AND ABOVE",1603,6900,33521,"2018-05-27 12:47:18.31014"
"Applications - Age Wise Wise","RPO Bhopal",Between_18_to_35,2033,8124,41806,"2018-05-27 12:47:18.31014"
"Applications - Age Wise Wise","RPO Bhopal",Between_36_to_60,1186,5604,27515,"2018-05-27 12:47:18.31014"
"Applications - Age Wise Wise","RPO Bhopal",GreaterThan60,295,1639,8134,"2018-05-27 12:47:18.31014"
"Applications - Age Wise Wise","RPO Bhopal",LessThan18,478,2429,10885,"2018-05-27 12:47:18.31014"
"Application Fee Online Payment - Mode Wise","RPO Bhopal",Challan,162400,880300,5177350,"2018-05-27 12:47:18.31014"
"Application Fee Online Payment - Mode Wise","RPO Bhopal","Credit/ Debit Card",2230700,9214250,46969650,"2018-05-27 12:47:18.31014"
"Application Fee Online Payment - Mode Wise","RPO Bhopal",Online,2710400,11366550,59882400,"2018-05-27 12:47:18.31014"
"Applications Received - Service Wise","RPO Bhopal",FRESH,3045,13495,68225,"2018-05-27 12:47:18.31014"
"Applications Received - Service Wise","RPO Bhopal",PCC,93,309,1729,"2018-05-27 12:47:18.31014"
"Applications Received - Service Wise","RPO Bhopal",REISSUE,851,3987,18344,"2018-05-27 12:47:18.31014"
"Applications Granted - PV Mode wise","RPO Bhopal","No Verification",373,1768,7879,"2018-05-27 12:47:18.31014"
"Applications Granted - PV Mode wise","RPO Bhopal","Post Verification",432,1554,7451,"2018-05-27 12:47:18.31014"
"Applications Granted - PV Mode wise","RPO Bhopal","Pre Verification",2714,11398,57877,"2018-05-27 12:47:18.31014"
"PV Processing Time","RPO Bhopal","More than 21 Days",474,2606,19465,"2018-05-27 12:47:18.31014"
"PV Processing Time","RPO Bhopal","Within 21 Days",4169,11690,54794,"2018-05-27 12:47:18.31014"
"Applications Received - Scheme wise","RPO Bhubaneswar",Normal,2515,11250,53378,"2018-05-27 12:47:18.31014"
"Applications Received - Scheme wise","RPO Bhubaneswar",Tatkaal,119,495,1738,"2018-05-27 12:47:18.31014"
"Applications Received - Gender wise","RPO Bhubaneswar",FEMALE,673,2933,14117,"2018-05-27 12:47:18.31014"
"Applications Received - Gender wise","RPO Bhubaneswar",MALE,1961,8812,40999,"2018-05-27 12:47:18.31014"
"Applications Received - Gender wise","RPO Bhubaneswar",TRANSGENDER,0,0,0,"2018-05-27 12:47:18.31014"
"Applications with Aadhaar Number","RPO Bhubaneswar","Count of Applications",2634,11745,55116,"2018-05-27 12:47:18.31014"
"Applications - Education Wise","RPO Bhubaneswar","10TH PASS AND ABOVE",914,3836,18355,"2018-05-27 12:47:18.31014"
"Applications - Education Wise","RPO Bhubaneswar","5TH PASS OR LESS",0,0,0,"2018-05-27 12:47:18.31014"
"Applications - Education Wise","RPO Bhubaneswar","BETWEEN 6TH AND 9TH STANDARD",0,0,0,"2018-05-27 12:47:18.31014"
"Applications - Education Wise","RPO Bhubaneswar","GRADUATE AND ABOVE",958,4361,20658,"2018-05-27 12:47:18.31014"
"Applications - Age Wise Wise","RPO Bhubaneswar",Between_18_to_35,1617,6987,32492,"2018-05-27 12:47:18.31014"
"Applications - Age Wise Wise","RPO Bhubaneswar",Between_36_to_60,637,3140,15228,"2018-05-27 12:47:18.31014"
"Applications - Age Wise Wise","RPO Bhubaneswar",GreaterThan60,120,549,2850,"2018-05-27 12:47:18.31014"
"Applications - Age Wise Wise","RPO Bhubaneswar",LessThan18,260,1069,4546,"2018-05-27 12:47:18.31014"
"Application Fee Online Payment - Mode Wise","RPO Bhubaneswar",Challan,94500,347250,1938700,"2018-05-27 12:47:18.31014"
"Application Fee Online Payment - Mode Wise","RPO Bhubaneswar","Credit/ Debit Card",1732600,6703650,33351900,"2018-05-27 12:47:18.31014"
"Application Fee Online Payment - Mode Wise","RPO Bhubaneswar",Online,1685000,7384000,35863650,"2018-05-27 12:47:18.31014"
"Applications Received - Service Wise","RPO Bhubaneswar",FRESH,1953,8664,41240,"2018-05-27 12:47:18.31014"
"Applications Received - Service Wise","RPO Bhubaneswar",PCC,203,1048,4099,"2018-05-27 12:47:18.31014"
"Applications Received - Service Wise","RPO Bhubaneswar",REISSUE,478,2033,9767,"2018-05-27 12:47:18.31014"
"Applications Granted - PV Mode wise","RPO Bhubaneswar","No Verification",467,2055,8966,"2018-05-27 12:47:18.31014"
"Applications Granted - PV Mode wise","RPO Bhubaneswar","Post Verification",204,856,3514,"2018-05-27 12:47:18.31014"
"Applications Granted - PV Mode wise","RPO Bhubaneswar","Pre Verification",1632,6166,31494,"2018-05-27 12:47:18.31014"
"PV Processing Time","RPO Bhubaneswar","More than 21 Days",613,3097,14908,"2018-05-27 12:47:18.31014"
"PV Processing Time","RPO Bhubaneswar","Within 21 Days",1550,4999,25427,"2018-05-27 12:47:18.31014"
"Applications Received - Scheme wise","RPO Chandigarh",Normal,14024,56673,278410,"2018-05-27 12:47:18.31014"
"Applications Received - Scheme wise","RPO Chandigarh",Tatkaal,660,3310,12159,"2018-05-27 12:47:18.31014"
"Applications Received - Gender wise","RPO Chandigarh",FEMALE,5765,22602,108245,"2018-05-27 12:47:18.31014"
"Applications Received - Gender wise","RPO Chandigarh",MALE,8916,37371,182272,"2018-05-27 12:47:18.31014"
"Applications Received - Gender wise","RPO Chandigarh",TRANSGENDER,0,2,10,"2018-05-27 12:47:18.31014"
"Applications with Aadhaar Number","RPO Chandigarh","Count of Applications",14681,59975,290527,"2018-05-27 12:47:18.31014"
"Applications - Education Wise","RPO Chandigarh","10TH PASS AND ABOVE",6989,27287,134195,"2018-05-27 12:47:18.31014"
"Applications - Education Wise","RPO Chandigarh","5TH PASS OR LESS",0,0,0,"2018-05-27 12:47:18.31014"
"Applications - Education Wise","RPO Chandigarh","BETWEEN 6TH AND 9TH STANDARD",0,0,0,"2018-05-27 12:47:18.31014"
"Applications - Education Wise","RPO Chandigarh","GRADUATE AND ABOVE",3029,13344,63659,"2018-05-27 12:47:18.31014"
"Applications - Age Wise Wise","RPO Chandigarh",Between_18_to_35,7633,31227,154602,"2018-05-27 12:47:18.31014"
"Applications - Age Wise Wise","RPO Chandigarh",Between_36_to_60,3871,16628,78852,"2018-05-27 12:47:18.31014"
"Applications - Age Wise Wise","RPO Chandigarh",GreaterThan60,853,3351,16513,"2018-05-27 12:47:18.31014"
"Applications - Age Wise Wise","RPO Chandigarh",LessThan18,2324,8769,40560,"2018-05-27 12:47:18.31014"
"Application Fee Online Payment - Mode Wise","RPO Chandigarh",Challan,1138850,4392950,24006700,"2018-05-27 12:47:18.31014"
"Application Fee Online Payment - Mode Wise","RPO Chandigarh","Credit/ Debit Card",9972750,39131550,190940100,"2018-05-27 12:47:18.31014"
"Application Fee Online Payment - Mode Wise","RPO Chandigarh",Online,8514500,31441650,159558900,"2018-05-27 12:47:18.31014"
"Applications Received - Service Wise","RPO Chandigarh",FRESH,10082,39903,196195,"2018-05-27 12:47:18.31014"
"Applications Received - Service Wise","RPO Chandigarh",PCC,402,2313,9765,"2018-05-27 12:47:18.31014"
"Applications Received - Service Wise","RPO Chandigarh",REISSUE,4197,17759,84544,"2018-05-27 12:47:18.31014"
"Applications Granted - PV Mode wise","RPO Chandigarh","No Verification",371,1891,9772,"2018-05-27 12:47:18.31014"
"Applications Granted - PV Mode wise","RPO Chandigarh","Post Verification",1897,10038,42415,"2018-05-27 12:47:18.31014"
"Applications Granted - PV Mode wise","RPO Chandigarh","Pre Verification",11165,41650,208763,"2018-05-27 12:47:18.31014"
"PV Processing Time","RPO Chandigarh","More than 21 Days",2898,7644,35185,"2018-05-27 12:47:18.31014"
"PV Processing Time","RPO Chandigarh","Within 21 Days",9771,37670,199507,"2018-05-27 12:47:18.31014"
"Applications Received - Scheme wise","RPO Chennai",Normal,9886,44122,208677,"2018-05-27 12:47:18.31014"
"Applications Received - Scheme wise","RPO Chennai",Tatkaal,257,1195,5229,"2018-05-27 12:47:18.31014"
"Applications Received - Gender wise","RPO Chennai",FEMALE,3986,17624,81798,"2018-05-27 12:47:18.31014"
"Applications Received - Gender wise","RPO Chennai",MALE,6157,27685,132063,"2018-05-27 12:47:18.31014"
"Applications Received - Gender wise","RPO Chennai",TRANSGENDER,0,3,11,"2018-05-27 12:47:18.31014"
"Applications with Aadhaar Number","RPO Chennai","Count of Applications",10143,45312,213872,"2018-05-27 12:47:18.31014"
"Applications - Education Wise","RPO Chennai","10TH PASS AND ABOVE",2954,12196,57840,"2018-05-27 12:47:18.31014"
"Applications - Education Wise","RPO Chennai","5TH PASS OR LESS",0,0,0,"2018-05-27 12:47:18.31014"
"Applications - Education Wise","RPO Chennai","BETWEEN 6TH AND 9TH STANDARD",0,0,0,"2018-05-27 12:47:18.31014"
"Applications - Education Wise","RPO Chennai","GRADUATE AND ABOVE",4391,18445,89341,"2018-05-27 12:47:18.31014"
"Applications - Age Wise Wise","RPO Chennai",Between_18_to_35,5169,20859,101028,"2018-05-27 12:47:18.31014"
"Applications - Age Wise Wise","RPO Chennai",Between_36_to_60,2759,13174,62299,"2018-05-27 12:47:18.31014"
"Applications - Age Wise Wise","RPO Chennai",GreaterThan60,677,3607,17178,"2018-05-27 12:47:18.31014"
"Applications - Age Wise Wise","RPO Chennai",LessThan18,1538,7672,33367,"2018-05-27 12:47:18.31014"
"Application Fee Online Payment - Mode Wise","RPO Chennai",Challan,196600,853650,5277400,"2018-05-27 12:47:18.31014"
"Application Fee Online Payment - Mode Wise","RPO Chennai","Credit/ Debit Card",5308950,24270000,123364500,"2018-05-27 12:47:18.31014"
"Application Fee Online Payment - Mode Wise","RPO Chennai",Online,3403150,14728100,76531700,"2018-05-27 12:47:18.31014"
"Applications Received - Service Wise","RPO Chennai",FRESH,5946,25157,119635,"2018-05-27 12:47:18.31014"
"Applications Received - Service Wise","RPO Chennai",PCC,419,2444,11535,"2018-05-27 12:47:18.31014"
"Applications Received - Service Wise","RPO Chennai",REISSUE,3775,17690,82561,"2018-05-27 12:47:18.31014"
"Applications Granted - PV Mode wise","RPO Chennai","No Verification",2084,10520,50785,"2018-05-27 12:47:18.31014"
"Applications Granted - PV Mode wise","RPO Chennai","Post Verification",1642,7227,32824,"2018-05-27 12:47:18.31014"
"Applications Granted - PV Mode wise","RPO Chennai","Pre Verification",5658,23951,116530,"2018-05-27 12:47:18.31014"
"PV Processing Time","RPO Chennai","More than 21 Days",1133,8670,56575,"2018-05-27 12:47:18.31014"
"PV Processing Time","RPO Chennai","Within 21 Days",4484,22225,80121,"2018-05-27 12:47:18.31014"
"Applications Received - Scheme wise","RPO Cochin",Normal,9332,37699,198576,"2018-05-27 12:47:18.31014"
"Applications Received - Scheme wise","RPO Cochin",Tatkaal,766,3781,17593,"2018-05-27 12:47:18.31014"
"Applications Received - Gender wise","RPO Cochin",FEMALE,4173,18210,94067,"2018-05-27 12:47:18.31014"
"Applications Received - Gender wise","RPO Cochin",MALE,5919,23268,122069,"2018-05-27 12:47:18.31014"
"Applications Received - Gender wise","RPO Cochin",TRANSGENDER,0,0,2,"2018-05-27 12:47:18.31014"
"Applications with Aadhaar Number","RPO Cochin","Count of Applications",10092,41478,216138,"2018-05-27 12:47:18.31014"
"Applications - Education Wise","RPO Cochin","10TH PASS AND ABOVE",4971,18365,96104,"2018-05-27 12:47:18.31014"
"Applications - Education Wise","RPO Cochin","5TH PASS OR LESS",0,0,0,"2018-05-27 12:47:18.31014"
"Applications - Education Wise","RPO Cochin","BETWEEN 6TH AND 9TH STANDARD",0,0,0,"2018-05-27 12:47:18.31014"
"Applications - Education Wise","RPO Cochin","GRADUATE AND ABOVE",2368,9122,47568,"2018-05-27 12:47:18.31014"
"Applications - Age Wise Wise","RPO Cochin",Between_18_to_35,5504,19216,100735,"2018-05-27 12:47:18.31014"
"Applications - Age Wise Wise","RPO Cochin",Between_36_to_60,2364,10932,57865,"2018-05-27 12:47:18.31014"
"Applications - Age Wise Wise","RPO Cochin",GreaterThan60,672,3397,19562,"2018-05-27 12:47:18.31014"
"Applications - Age Wise Wise","RPO Cochin",LessThan18,1552,7933,37976,"2018-05-27 12:47:18.31014"
"Application Fee Online Payment - Mode Wise","RPO Cochin",Challan,268350,1061150,7201350,"2018-05-27 12:47:18.31014"
"Application Fee Online Payment - Mode Wise","RPO Cochin","Credit/ Debit Card",3812100,16382450,82892350,"2018-05-27 12:47:18.31014"
"Application Fee Online Payment - Mode Wise","RPO Cochin",Online,7134950,30628400,159608250,"2018-05-27 12:47:18.31014"
"Applications Received - Service Wise","RPO Cochin",FRESH,5632,21992,114022,"2018-05-27 12:47:18.31014"
"Applications Received - Service Wise","RPO Cochin",PCC,830,3322,20019,"2018-05-27 12:47:18.31014"
"Applications Received - Service Wise","RPO Cochin",REISSUE,3629,16160,82070,"2018-05-27 12:47:18.31014"
"Applications Granted - PV Mode wise","RPO Cochin","No Verification",2708,12555,67294,"2018-05-27 12:47:18.31014"
"Applications Granted - PV Mode wise","RPO Cochin","Post Verification",1990,8458,42049,"2018-05-27 12:47:18.31014"
"Applications Granted - PV Mode wise","RPO Cochin","Pre Verification",4850,18584,101183,"2018-05-27 12:47:18.31014"
"PV Processing Time","RPO Cochin","More than 21 Days",62,414,5196,"2018-05-27 12:47:18.31014"
"PV Processing Time","RPO Cochin","Within 21 Days",5479,19567,106662,"2018-05-27 12:47:18.31014"
"Applications Received - Scheme wise","RPO Coimbatore",Normal,3900,15498,76277,"2018-05-27 12:47:18.31014"
"Applications Received - Scheme wise","RPO Coimbatore",Tatkaal,37,180,622,"2018-05-27 12:47:18.31014"
"Applications Received - Gender wise","RPO Coimbatore",FEMALE,1497,6221,30067,"2018-05-27 12:47:18.31014"
"Applications Received - Gender wise","RPO Coimbatore",MALE,2440,9457,46832,"2018-05-27 12:47:18.31014"
"Applications Received - Gender wise","RPO Coimbatore",TRANSGENDER,0,0,0,"2018-05-27 12:47:18.31014"
"Applications with Aadhaar Number","RPO Coimbatore","Count of Applications",3937,15678,76899,"2018-05-27 12:47:18.31014"
"Applications - Education Wise","RPO Coimbatore","10TH PASS AND ABOVE",1249,4641,23298,"2018-05-27 12:47:18.31014"
"Applications - Education Wise","RPO Coimbatore","5TH PASS OR LESS",0,0,0,"2018-05-27 12:47:18.31014"
"Applications - Education Wise","RPO Coimbatore","BETWEEN 6TH AND 9TH STANDARD",0,0,0,"2018-05-27 12:47:18.31014"
"Applications - Education Wise","RPO Coimbatore","GRADUATE AND ABOVE",1704,6238,30772,"2018-05-27 12:47:18.31014"
"Applications - Age Wise Wise","RPO Coimbatore",Between_18_to_35,2196,7701,38592,"2018-05-27 12:47:18.31014"
"Applications - Age Wise Wise","RPO Coimbatore",Between_36_to_60,920,4481,22123,"2018-05-27 12:47:18.31014"
"Applications - Age Wise Wise","RPO Coimbatore",GreaterThan60,248,1107,5777,"2018-05-27 12:47:18.31014"
"Applications - Age Wise Wise","RPO Coimbatore",LessThan18,573,2389,10407,"2018-05-27 12:47:18.31014"
"Application Fee Online Payment - Mode Wise","RPO Coimbatore",Challan,95400,457450,2315900,"2018-05-27 12:47:18.31014"
"Application Fee Online Payment - Mode Wise","RPO Coimbatore","Credit/ Debit Card",2176650,9614100,45108250,"2018-05-27 12:47:18.31014"
"Application Fee Online Payment - Mode Wise","RPO Coimbatore",Online,1591050,6391600,32526050,"2018-05-27 12:47:18.31014"
"Applications Received - Service Wise","RPO Coimbatore",FRESH,2859,11105,54595,"2018-05-27 12:47:18.31014"
"Applications Received - Service Wise","RPO Coimbatore",PCC,105,437,2438,"2018-05-27 12:47:18.31014"
"Applications Received - Service Wise","RPO Coimbatore",REISSUE,972,4129,19846,"2018-05-27 12:47:18.31014"
"Applications Granted - PV Mode wise","RPO Coimbatore","No Verification",725,3156,15489,"2018-05-27 12:47:18.31014"
"Applications Granted - PV Mode wise","RPO Coimbatore","Post Verification",283,1216,4733,"2018-05-27 12:47:18.31014"
"Applications Granted - PV Mode wise","RPO Coimbatore","Pre Verification",2279,9544,47256,"2018-05-27 12:47:18.31014"
"PV Processing Time","RPO Coimbatore","More than 21 Days",192,1314,12425,"2018-05-27 12:47:18.31014"
"PV Processing Time","RPO Coimbatore","Within 21 Days",2691,11015,49248,"2018-05-27 12:47:18.31014"
"Applications Received - Scheme wise","RPO Dehradun",Normal,2540,9278,42688,"2018-05-27 12:47:18.31014"
"Applications Received - Scheme wise","RPO Dehradun",Tatkaal,74,220,981,"2018-05-27 12:47:18.31014"
"Applications Received - Gender wise","RPO Dehradun",FEMALE,802,2714,12978,"2018-05-27 12:47:18.31014"
"Applications Received - Gender wise","RPO Dehradun",MALE,1812,6784,30691,"2018-05-27 12:47:18.31014"
"Applications Received - Gender wise","RPO Dehradun",TRANSGENDER,0,0,0,"2018-05-27 12:47:18.31014"
"Applications with Aadhaar Number","RPO Dehradun","Count of Applications",2614,9498,43669,"2018-05-27 12:47:18.31014"
"Applications - Education Wise","RPO Dehradun","10TH PASS AND ABOVE",1055,3657,16250,"2018-05-27 12:47:18.31014"
"Applications - Education Wise","RPO Dehradun","5TH PASS OR LESS",0,0,0,"2018-05-27 12:47:18.31014"
"Applications - Education Wise","RPO Dehradun","BETWEEN 6TH AND 9TH STANDARD",0,0,0,"2018-05-27 12:47:18.31014"
"Applications - Education Wise","RPO Dehradun","GRADUATE AND ABOVE",869,3257,14988,"2018-05-27 12:47:18.31014"
"Applications - Age Wise Wise","RPO Dehradun",Between_18_to_35,1573,5818,26512,"2018-05-27 12:47:18.31014"
"Applications - Age Wise Wise","RPO Dehradun",Between_36_to_60,598,2232,10266,"2018-05-27 12:47:18.31014"
"Applications - Age Wise Wise","RPO Dehradun",GreaterThan60,174,639,3100,"2018-05-27 12:47:18.31014"
"Applications - Age Wise Wise","RPO Dehradun",LessThan18,269,809,3791,"2018-05-27 12:47:18.31014"
"Application Fee Online Payment - Mode Wise","RPO Dehradun",Challan,127600,475700,2883400,"2018-05-27 12:47:18.31014"
"Application Fee Online Payment - Mode Wise","RPO Dehradun","Credit/ Debit Card",1470900,5941450,29147300,"2018-05-27 12:47:18.31014"
"Application Fee Online Payment - Mode Wise","RPO Dehradun",Online,978100,4597700,22867150,"2018-05-27 12:47:18.31014"
"Applications Received - Service Wise","RPO Dehradun",FRESH,1987,6672,31903,"2018-05-27 12:47:18.31014"
"Applications Received - Service Wise","RPO Dehradun",PCC,121,763,2661,"2018-05-27 12:47:18.31014"
"Applications Received - Service Wise","RPO Dehradun",REISSUE,506,2063,9100,"2018-05-27 12:47:18.31014"
"Applications Granted - PV Mode wise","RPO Dehradun","No Verification",85,632,3033,"2018-05-27 12:47:18.31014"
"Applications Granted - PV Mode wise","RPO Dehradun","Post Verification",308,844,4645,"2018-05-27 12:47:18.31014"
"Applications Granted - PV Mode wise","RPO Dehradun","Pre Verification",1110,4500,25712,"2018-05-27 12:47:18.31014"
"PV Processing Time","RPO Dehradun","More than 21 Days",472,1716,8473,"2018-05-27 12:47:18.31014"
"PV Processing Time","RPO Dehradun","Within 21 Days",1224,5621,25898,"2018-05-27 12:47:18.31014"
"Applications Received - Scheme wise","RPO Delhi",Normal,13504,53545,256840,"2018-05-27 12:47:18.31014"
"Applications Received - Scheme wise","RPO Delhi",Tatkaal,2078,6522,29409,"2018-05-27 12:47:18.31014"
"Applications Received - Gender wise","RPO Delhi",FEMALE,6437,24435,114819,"2018-05-27 12:47:18.31014"
"Applications Received - Gender wise","RPO Delhi",MALE,9142,35604,171309,"2018-05-27 12:47:18.31014"
"Applications Received - Gender wise","RPO Delhi",TRANSGENDER,0,7,19,"2018-05-27 12:47:18.31014"
"Applications with Aadhaar Number","RPO Delhi","Count of Applications",15579,60046,286147,"2018-05-27 12:47:18.31014"
"Applications - Education Wise","RPO Delhi","10TH PASS AND ABOVE",4492,16574,78229,"2018-05-27 12:47:18.31014"
"Applications - Education Wise","RPO Delhi","5TH PASS OR LESS",0,0,0,"2018-05-27 12:47:18.31014"
"Applications - Education Wise","RPO Delhi","BETWEEN 6TH AND 9TH STANDARD",0,0,0,"2018-05-27 12:47:18.31014"
"Applications - Education Wise","RPO Delhi","GRADUATE AND ABOVE",6956,27901,133788,"2018-05-27 12:47:18.31014"
"Applications - Age Wise Wise","RPO Delhi",Between_18_to_35,7272,27695,134001,"2018-05-27 12:47:18.31014"
"Applications - Age Wise Wise","RPO Delhi",Between_36_to_60,4174,17042,81400,"2018-05-27 12:47:18.31014"
"Applications - Age Wise Wise","RPO Delhi",GreaterThan60,1002,4473,21120,"2018-05-27 12:47:18.31014"
"Applications - Age Wise Wise","RPO Delhi",LessThan18,3131,10836,49626,"2018-05-27 12:47:18.31014"
"Application Fee Online Payment - Mode Wise","RPO Delhi",Challan,341550,1653050,9154750,"2018-05-27 12:47:18.31014"
"Application Fee Online Payment - Mode Wise","RPO Delhi","Credit/ Debit Card",12532450,51763150,258484000,"2018-05-27 12:47:18.31014"
"Application Fee Online Payment - Mode Wise","RPO Delhi",Online,2945350,12235250,63416900,"2018-05-27 12:47:18.31014"
"Applications Received - Service Wise","RPO Delhi",FRESH,9010,33604,162666,"2018-05-27 12:47:18.31014"
"Applications Received - Service Wise","RPO Delhi",PCC,379,1668,8229,"2018-05-27 12:47:18.31014"
"Applications Received - Service Wise","RPO Delhi",REISSUE,6186,24735,115048,"2018-05-27 12:47:18.31014"
"Applications Granted - PV Mode wise","RPO Delhi","No Verification",922,3612,15535,"2018-05-27 12:47:18.31014"
"Applications Granted - PV Mode wise","RPO Delhi","Post Verification",4272,16767,73901,"2018-05-27 12:47:18.31014"
"Applications Granted - PV Mode wise","RPO Delhi","Pre Verification",11979,40985,180846,"2018-05-27 12:47:18.31014"
"PV Processing Time","RPO Delhi","More than 21 Days",164,772,3172,"2018-05-27 12:47:18.31014"
"PV Processing Time","RPO Delhi","Within 21 Days",9569,42579,198320,"2018-05-27 12:47:18.31014"
"Applications Received - Scheme wise","RPO Ghaziabad",Normal,4185,21216,106605,"2018-05-27 12:47:18.31014"
"Applications Received - Scheme wise","RPO Ghaziabad",Tatkaal,262,1139,4847,"2018-05-27 12:47:18.31014"
"Applications Received - Gender wise","RPO Ghaziabad",FEMALE,1593,7692,38520,"2018-05-27 12:47:18.31014"
"Applications Received - Gender wise","RPO Ghaziabad",MALE,2853,14662,72925,"2018-05-27 12:47:18.31014"
"Applications Received - Gender wise","RPO Ghaziabad",TRANSGENDER,1,1,6,"2018-05-27 12:47:18.31014"
"Applications with Aadhaar Number","RPO Ghaziabad","Count of Applications",4447,22355,111451,"2018-05-27 12:47:18.31014"
"Applications - Education Wise","RPO Ghaziabad","10TH PASS AND ABOVE",1185,5111,25412,"2018-05-27 12:47:18.31014"
"Applications - Education Wise","RPO Ghaziabad","5TH PASS OR LESS",0,0,0,"2018-05-27 12:47:18.31014"
"Applications - Education Wise","RPO Ghaziabad","BETWEEN 6TH AND 9TH STANDARD",0,0,0,"2018-05-27 12:47:18.31014"
"Applications - Education Wise","RPO Ghaziabad","GRADUATE AND ABOVE",1825,8759,42735,"2018-05-27 12:47:18.31014"
"Applications - Age Wise Wise","RPO Ghaziabad",Between_18_to_35,2307,11373,57268,"2018-05-27 12:47:18.31014"
"Applications - Age Wise Wise","RPO Ghaziabad",Between_36_to_60,1155,6304,31673,"2018-05-27 12:47:18.31014"
"Applications - Age Wise Wise","RPO Ghaziabad",GreaterThan60,221,1565,8262,"2018-05-27 12:47:18.31014"
"Applications - Age Wise Wise","RPO Ghaziabad",LessThan18,764,3113,14248,"2018-05-27 12:47:18.31014"
"Application Fee Online Payment - Mode Wise","RPO Ghaziabad",Challan,205000,1166900,6202250,"2018-05-27 12:47:18.31014"
"Application Fee Online Payment - Mode Wise","RPO Ghaziabad","Credit/ Debit Card",3635100,16044950,79144500,"2018-05-27 12:47:18.31014"
"Application Fee Online Payment - Mode Wise","RPO Ghaziabad",Online,1618950,8345300,43968450,"2018-05-27 12:47:18.31014"
"Applications Received - Service Wise","RPO Ghaziabad",FRESH,2849,14474,76037,"2018-05-27 12:47:18.31014"
"Applications Received - Service Wise","RPO Ghaziabad",PCC,185,1435,5087,"2018-05-27 12:47:18.31014"
"Applications Received - Service Wise","RPO Ghaziabad",REISSUE,1412,6437,30287,"2018-05-27 12:47:18.31014"
"Applications Granted - PV Mode wise","RPO Ghaziabad","No Verification",381,2269,9401,"2018-05-27 12:47:18.31014"
"Applications Granted - PV Mode wise","RPO Ghaziabad","Post Verification",801,3971,16645,"2018-05-27 12:47:18.31014"
"Applications Granted - PV Mode wise","RPO Ghaziabad","Pre Verification",1710,14209,66100,"2018-05-27 12:47:18.31014"
"PV Processing Time","RPO Ghaziabad","More than 21 Days",127,890,8147,"2018-05-27 12:47:18.31014"
"PV Processing Time","RPO Ghaziabad","Within 21 Days",4228,14899,76244,"2018-05-27 12:47:18.31014"
"Applications Received - Scheme wise","RPO Goa",Normal,1395,5296,26284,"2018-05-27 12:47:18.31014"
"Applications Received - Scheme wise","RPO Goa",Tatkaal,21,56,214,"2018-05-27 12:47:18.31014"
"Applications Received - Gender wise","RPO Goa",FEMALE,653,2306,11525,"2018-05-27 12:47:18.31014"
"Applications Received - Gender wise","RPO Goa",MALE,702,2749,13665,"2018-05-27 12:47:18.31014"
"Applications Received - Gender wise","RPO Goa",TRANSGENDER,0,0,0,"2018-05-27 12:47:18.31014"
"Applications with Aadhaar Number","RPO Goa","Count of Applications",1355,5055,25190,"2018-05-27 12:47:18.31014"
"Applications - Education Wise","RPO Goa","10TH PASS AND ABOVE",561,1909,9876,"2018-05-27 12:47:18.31014"
"Applications - Education Wise","RPO Goa","5TH PASS OR LESS",0,0,0,"2018-05-27 12:47:18.31014"
"Applications - Education Wise","RPO Goa","BETWEEN 6TH AND 9TH STANDARD",0,0,0,"2018-05-27 12:47:18.31014"
"Applications - Education Wise","RPO Goa","GRADUATE AND ABOVE",351,1131,5859,"2018-05-27 12:47:18.31014"
"Applications - Age Wise Wise","RPO Goa",Between_18_to_35,601,2008,10480,"2018-05-27 12:47:18.31014"
"Applications - Age Wise Wise","RPO Goa",Between_36_to_60,375,1550,7771,"2018-05-27 12:47:18.31014"
"Applications - Age Wise Wise","RPO Goa",GreaterThan60,123,422,2389,"2018-05-27 12:47:18.31014"
"Applications - Age Wise Wise","RPO Goa",LessThan18,256,1075,4550,"2018-05-27 12:47:18.31014"
"Application Fee Online Payment - Mode Wise","RPO Goa",Challan,182700,760700,3959950,"2018-05-27 12:47:18.31014"
"Application Fee Online Payment - Mode Wise","RPO Goa","Credit/ Debit Card",908200,3419850,16809900,"2018-05-27 12:47:18.31014"
"Application Fee Online Payment - Mode Wise","RPO Goa",Online,511600,1704250,9524500,"2018-05-27 12:47:18.31014"
"Applications Received - Service Wise","RPO Goa",FRESH,704,2540,12616,"2018-05-27 12:47:18.31014"
"Applications Received - Service Wise","RPO Goa",PCC,71,256,1383,"2018-05-27 12:47:18.31014"
"Applications Received - Service Wise","RPO Goa",REISSUE,580,2259,11186,"2018-05-27 12:47:18.31014"
"Applications Granted - PV Mode wise","RPO Goa","No Verification",80,266,1397,"2018-05-27 12:47:18.31014"
"Applications Granted - PV Mode wise","RPO Goa","Post Verification",428,1821,8379,"2018-05-27 12:47:18.31014"
"Applications Granted - PV Mode wise","RPO Goa","Pre Verification",757,2911,14965,"2018-05-27 12:47:18.31014"
"PV Processing Time","RPO Goa","More than 21 Days",2,20,118,"2018-05-27 12:47:18.31014"
"PV Processing Time","RPO Goa","Within 21 Days",947,3034,15563,"2018-05-27 12:47:18.31014"
"Applications Received - Scheme wise","RPO Guwahati",Normal,2742,10058,47463,"2018-05-27 12:47:18.31014"
"Applications Received - Scheme wise","RPO Guwahati",Tatkaal,216,688,3069,"2018-05-27 12:47:18.31014"
"Applications Received - Gender wise","RPO Guwahati",FEMALE,1179,3882,18400,"2018-05-27 12:47:18.31014"
"Applications Received - Gender wise","RPO Guwahati",MALE,1779,6864,32132,"2018-05-27 12:47:18.31014"
"Applications Received - Gender wise","RPO Guwahati",TRANSGENDER,0,0,0,"2018-05-27 12:47:18.31014"
"Applications with Aadhaar Number","RPO Guwahati","Count of Applications",2958,10746,50532,"2018-05-27 12:47:18.31014"
"Applications - Education Wise","RPO Guwahati","10TH PASS AND ABOVE",1124,3801,17961,"2018-05-27 12:47:18.31014"
"Applications - Education Wise","RPO Guwahati","5TH PASS OR LESS",0,0,0,"2018-05-27 12:47:18.31014"
"Applications - Education Wise","RPO Guwahati","BETWEEN 6TH AND 9TH STANDARD",0,0,0,"2018-05-27 12:47:18.31014"
"Applications - Education Wise","RPO Guwahati","GRADUATE AND ABOVE",1077,3782,17662,"2018-05-27 12:47:18.31014"
"Applications - Age Wise Wise","RPO Guwahati",Between_18_to_35,1669,5896,27681,"2018-05-27 12:47:18.31014"
"Applications - Age Wise Wise","RPO Guwahati",Between_36_to_60,829,3272,15125,"2018-05-27 12:47:18.31014"
"Applications - Age Wise Wise","RPO Guwahati",GreaterThan60,174,645,3119,"2018-05-27 12:47:18.31014"
"Applications - Age Wise Wise","RPO Guwahati",LessThan18,286,933,4607,"2018-05-27 12:47:18.31014"
"Application Fee Online Payment - Mode Wise","RPO Guwahati",Challan,128600,534550,2724500,"2018-05-27 12:47:18.31014"
"Application Fee Online Payment - Mode Wise","RPO Guwahati","Credit/ Debit Card",1752400,6919700,33261300,"2018-05-27 12:47:18.31014"
"Application Fee Online Payment - Mode Wise","RPO Guwahati",Online,1502600,6251100,31575800,"2018-05-27 12:47:18.31014"
"Applications Received - Service Wise","RPO Guwahati",FRESH,2373,8371,39730,"2018-05-27 12:47:18.31014"
"Applications Received - Service Wise","RPO Guwahati",PCC,89,480,1941,"2018-05-27 12:47:18.31014"
"Applications Received - Service Wise","RPO Guwahati",REISSUE,496,1894,8855,"2018-05-27 12:47:18.31014"
"Applications Granted - PV Mode wise","RPO Guwahati","No Verification",422,2084,9768,"2018-05-27 12:47:18.31014"
"Applications Granted - PV Mode wise","RPO Guwahati","Post Verification",446,1726,7425,"2018-05-27 12:47:18.31014"
"Applications Granted - PV Mode wise","RPO Guwahati","Pre Verification",1279,4557,24321,"2018-05-27 12:47:18.31014"
"PV Processing Time","RPO Guwahati","More than 21 Days",1203,5181,26495,"2018-05-27 12:47:18.31014"
"PV Processing Time","RPO Guwahati","Within 21 Days",124,608,3155,"2018-05-27 12:47:18.31014"
"Applications Received - Scheme wise","RPO Hyderabad",Normal,10528,47177,226987,"2018-05-27 12:47:18.31014"
"Applications Received - Scheme wise","RPO Hyderabad",Tatkaal,353,1365,6197,"2018-05-27 12:47:18.31014"
"Applications Received - Gender wise","RPO Hyderabad",FEMALE,4149,18832,88524,"2018-05-27 12:47:18.31014"
"Applications Received - Gender wise","RPO Hyderabad",MALE,6731,29710,144655,"2018-05-27 12:47:18.31014"
"Applications Received - Gender wise","RPO Hyderabad",TRANSGENDER,1,0,5,"2018-05-27 12:47:18.31014"
"Applications with Aadhaar Number","RPO Hyderabad","Count of Applications",10881,48542,233184,"2018-05-27 12:47:18.31014"
"Applications - Education Wise","RPO Hyderabad","10TH PASS AND ABOVE",3744,14967,73777,"2018-05-27 12:47:18.31014"
"Applications - Education Wise","RPO Hyderabad","5TH PASS OR LESS",0,0,0,"2018-05-27 12:47:18.31014"
"Applications - Education Wise","RPO Hyderabad","BETWEEN 6TH AND 9TH STANDARD",0,0,0,"2018-05-27 12:47:18.31014"
"Applications - Education Wise","RPO Hyderabad","GRADUATE AND ABOVE",3961,16415,79523,"2018-05-27 12:47:18.31014"
"Applications - Age Wise Wise","RPO Hyderabad",Between_18_to_35,5783,22993,115395,"2018-05-27 12:47:18.31014"
"Applications - Age Wise Wise","RPO Hyderabad",Between_36_to_60,2905,14304,67544,"2018-05-27 12:47:18.31014"
"Applications - Age Wise Wise","RPO Hyderabad",GreaterThan60,630,3360,15956,"2018-05-27 12:47:18.31014"
"Applications - Age Wise Wise","RPO Hyderabad",LessThan18,1563,7885,34289,"2018-05-27 12:47:18.31014"
"Application Fee Online Payment - Mode Wise","RPO Hyderabad",Challan,136350,625000,3679550,"2018-05-27 12:47:18.31014"
"Application Fee Online Payment - Mode Wise","RPO Hyderabad","Credit/ Debit Card",6138150,28517250,139457300,"2018-05-27 12:47:18.31014"
"Application Fee Online Payment - Mode Wise","RPO Hyderabad",Online,5497700,24925550,125591550,"2018-05-27 12:47:18.31014"
"Applications Received - Service Wise","RPO Hyderabad",FRESH,6836,28860,139481,"2018-05-27 12:47:18.31014"
"Applications Received - Service Wise","RPO Hyderabad",PCC,401,2003,11181,"2018-05-27 12:47:18.31014"
"Applications Received - Service Wise","RPO Hyderabad",REISSUE,3642,17647,82328,"2018-05-27 12:47:18.31014"
"Applications Granted - PV Mode wise","RPO Hyderabad","No Verification",2482,12670,59042,"2018-05-27 12:47:18.31014"
"Applications Granted - PV Mode wise","RPO Hyderabad","Post Verification",1080,4322,21063,"2018-05-27 12:47:18.31014"
"Applications Granted - PV Mode wise","RPO Hyderabad","Pre Verification",6020,26945,134699,"2018-05-27 12:47:18.31014"
"PV Processing Time","RPO Hyderabad","More than 21 Days",24,111,723,"2018-05-27 12:47:18.31014"
"PV Processing Time","RPO Hyderabad","Within 21 Days",7106,33518,159528,"2018-05-27 12:47:18.31014"
"Applications Received - Scheme wise","RPO Jaipur",Normal,8578,33867,170746,"2018-05-27 12:47:18.31014"
"Applications Received - Scheme wise","RPO Jaipur",Tatkaal,490,1378,5568,"2018-05-27 12:47:18.31014"
"Applications Received - Gender wise","RPO Jaipur",FEMALE,2570,10179,49645,"2018-05-27 12:47:18.31014"
"Applications Received - Gender wise","RPO Jaipur",MALE,6496,25063,126661,"2018-05-27 12:47:18.31014"
"Applications Received - Gender wise","RPO Jaipur",TRANSGENDER,1,1,4,"2018-05-27 12:47:18.31014"
"Applications with Aadhaar Number","RPO Jaipur","Count of Applications",9067,35243,176310,"2018-05-27 12:47:18.31014"
"Applications - Education Wise","RPO Jaipur","10TH PASS AND ABOVE",3084,9879,50114,"2018-05-27 12:47:18.31014"
"Applications - Education Wise","RPO Jaipur","5TH PASS OR LESS",0,0,0,"2018-05-27 12:47:18.31014"
"Applications - Education Wise","RPO Jaipur","BETWEEN 6TH AND 9TH STANDARD",0,0,0,"2018-05-27 12:47:18.31014"
"Applications - Education Wise","RPO Jaipur","GRADUATE AND ABOVE",2785,10416,51053,"2018-05-27 12:47:18.31014"
"Applications - Age Wise Wise","RPO Jaipur",Between_18_to_35,5259,18977,98030,"2018-05-27 12:47:18.31014"
"Applications - Age Wise Wise","RPO Jaipur",Between_36_to_60,2322,10020,48876,"2018-05-27 12:47:18.31014"
"Applications - Age Wise Wise","RPO Jaipur",GreaterThan60,394,2174,10445,"2018-05-27 12:47:18.31014"
"Applications - Age Wise Wise","RPO Jaipur",LessThan18,1092,4072,18959,"2018-05-27 12:47:18.31014"
"Application Fee Online Payment - Mode Wise","RPO Jaipur",Challan,353500,1316250,7420950,"2018-05-27 12:47:18.31014"
"Application Fee Online Payment - Mode Wise","RPO Jaipur","Credit/ Debit Card",5141900,18886850,96169400,"2018-05-27 12:47:18.31014"
"Application Fee Online Payment - Mode Wise","RPO Jaipur",Online,4912000,18342650,102471650,"2018-05-27 12:47:18.31014"
"Applications Received - Service Wise","RPO Jaipur",FRESH,6703,24050,123246,"2018-05-27 12:47:18.31014"
"Applications Received - Service Wise","RPO Jaipur",PCC,306,2734,12894,"2018-05-27 12:47:18.31014"
"Applications Received - Service Wise","RPO Jaipur",REISSUE,2057,8454,40146,"2018-05-27 12:47:18.31014"
"Applications Granted - PV Mode wise","RPO Jaipur","No Verification",673,4001,19100,"2018-05-27 12:47:18.31014"
"Applications Granted - PV Mode wise","RPO Jaipur","Post Verification",1095,3686,17505,"2018-05-27 12:47:18.31014"
"Applications Granted - PV Mode wise","RPO Jaipur","Pre Verification",5236,18953,105602,"2018-05-27 12:47:18.31014"
"PV Processing Time","RPO Jaipur","More than 21 Days",964,4909,23530,"2018-05-27 12:47:18.31014"
"PV Processing Time","RPO Jaipur","Within 21 Days",4759,23491,109768,"2018-05-27 12:47:18.31014"
"Applications Received - Scheme wise","RPO Jalandhar",Normal,9650,36288,185273,"2018-05-27 12:47:18.31014"
"Applications Received - Scheme wise","RPO Jalandhar",Tatkaal,58,142,595,"2018-05-27 12:47:18.31014"
"Applications Received - Gender wise","RPO Jalandhar",FEMALE,3932,14439,71088,"2018-05-27 12:47:18.31014"
"Applications Received - Gender wise","RPO Jalandhar",MALE,5774,21977,114734,"2018-05-27 12:47:18.31014"
"Applications Received - Gender wise","RPO Jalandhar",TRANSGENDER,0,2,2,"2018-05-27 12:47:18.31014"
"Applications with Aadhaar Number","RPO Jalandhar","Count of Applications",9706,36418,185824,"2018-05-27 12:47:18.31014"
"Applications - Education Wise","RPO Jalandhar","10TH PASS AND ABOVE",4938,18475,91651,"2018-05-27 12:47:18.31014"
"Applications - Education Wise","RPO Jalandhar","5TH PASS OR LESS",0,0,0,"2018-05-27 12:47:18.31014"
"Applications - Education Wise","RPO Jalandhar","BETWEEN 6TH AND 9TH STANDARD",0,0,0,"2018-05-27 12:47:18.31014"
"Applications - Education Wise","RPO Jalandhar","GRADUATE AND ABOVE",952,3330,17541,"2018-05-27 12:47:18.31014"
"Applications - Age Wise Wise","RPO Jalandhar",Between_18_to_35,5068,18830,97140,"2018-05-27 12:47:18.31014"
"Applications - Age Wise Wise","RPO Jalandhar",Between_36_to_60,2776,10435,52466,"2018-05-27 12:47:18.31014"
"Applications - Age Wise Wise","RPO Jalandhar",GreaterThan60,589,2201,11084,"2018-05-27 12:47:18.31014"
"Applications - Age Wise Wise","RPO Jalandhar",LessThan18,1273,4952,25134,"2018-05-27 12:47:18.31014"
"Application Fee Online Payment - Mode Wise","RPO Jalandhar",Challan,452650,2062750,12082150,"2018-05-27 12:47:18.31014"
"Application Fee Online Payment - Mode Wise","RPO Jalandhar","Credit/ Debit Card",5007150,19451350,93185650,"2018-05-27 12:47:18.31014"
"Application Fee Online Payment - Mode Wise","RPO Jalandhar",Online,5176250,20237200,100861300,"2018-05-27 12:47:18.31014"
"Applications Received - Service Wise","RPO Jalandhar",FRESH,5414,19093,97424,"2018-05-27 12:47:18.31014"
"Applications Received - Service Wise","RPO Jalandhar",PCC,670,3230,16697,"2018-05-27 12:47:18.31014"
"Applications Received - Service Wise","RPO Jalandhar",REISSUE,3621,14095,71695,"2018-05-27 12:47:18.31014"
"Applications Granted - PV Mode wise","RPO Jalandhar","No Verification",549,2599,13747,"2018-05-27 12:47:18.31014"
"Applications Granted - PV Mode wise","RPO Jalandhar","Post Verification",1176,4155,21156,"2018-05-27 12:47:18.31014"
"Applications Granted - PV Mode wise","RPO Jalandhar","Pre Verification",7668,29106,148692,"2018-05-27 12:47:18.31014"
"PV Processing Time","RPO Jalandhar","More than 21 Days",33,924,3713,"2018-05-27 12:47:18.31014"
"PV Processing Time","RPO Jalandhar","Within 21 Days",8561,26745,146870,"2018-05-27 12:47:18.31014"
"Applications Received - Scheme wise","RPO Jammu",Normal,1395,5808,25310,"2018-05-27 12:47:18.31014"
"Applications Received - Scheme wise","RPO Jammu",Tatkaal,0,0,0,"2018-05-27 12:47:18.31014"
"Applications Received - Gender wise","RPO Jammu",FEMALE,424,1701,7170,"2018-05-27 12:47:18.31014"
"Applications Received - Gender wise","RPO Jammu",MALE,951,4063,17899,"2018-05-27 12:47:18.31014"
"Applications Received - Gender wise","RPO Jammu",TRANSGENDER,0,0,1,"2018-05-27 12:47:18.31014"
"Applications with Aadhaar Number","RPO Jammu","Count of Applications",1375,5764,25070,"2018-05-27 12:47:18.31014"
"Applications - Education Wise","RPO Jammu","10TH PASS AND ABOVE",813,3054,13953,"2018-05-27 12:47:18.31014"
"Applications - Education Wise","RPO Jammu","5TH PASS OR LESS",0,0,0,"2018-05-27 12:47:18.31014"
"Applications - Education Wise","RPO Jammu","BETWEEN 6TH AND 9TH STANDARD",0,0,0,"2018-05-27 12:47:18.31014"
"Applications - Education Wise","RPO Jammu","GRADUATE AND ABOVE",92,625,1759,"2018-05-27 12:47:18.31014"
"Applications - Age Wise Wise","RPO Jammu",Between_18_to_35,797,3107,13825,"2018-05-27 12:47:18.31014"
"Applications - Age Wise Wise","RPO Jammu",Between_36_to_60,359,1651,6902,"2018-05-27 12:47:18.31014"
"Applications - Age Wise Wise","RPO Jammu",GreaterThan60,101,491,2284,"2018-05-27 12:47:18.31014"
"Applications - Age Wise Wise","RPO Jammu",LessThan18,118,515,2059,"2018-05-27 12:47:18.31014"
"Application Fee Online Payment - Mode Wise","RPO Jammu",Challan,60300,346950,2505950,"2018-05-27 12:47:18.31014"
"Application Fee Online Payment - Mode Wise","RPO Jammu","Credit/ Debit Card",674100,2721500,14405350,"2018-05-27 12:47:18.31014"
"Application Fee Online Payment - Mode Wise","RPO Jammu",Online,471550,1888050,11954800,"2018-05-27 12:47:18.31014"
"Applications Received - Service Wise","RPO Jammu",FRESH,1024,4293,19093,"2018-05-27 12:47:18.31014"
"Applications Received - Service Wise","RPO Jammu",PCC,116,358,1752,"2018-05-27 12:47:18.31014"
"Applications Received - Service Wise","RPO Jammu",REISSUE,255,1152,4457,"2018-05-27 12:47:18.31014"
"Applications Granted - PV Mode wise","RPO Jammu","No Verification",122,360,1720,"2018-05-27 12:47:18.31014"
"Applications Granted - PV Mode wise","RPO Jammu","Post Verification",3,13,63,"2018-05-27 12:47:18.31014"
"Applications Granted - PV Mode wise","RPO Jammu","Pre Verification",957,4012,18761,"2018-05-27 12:47:18.31014"
"PV Processing Time","RPO Jammu","More than 21 Days",1209,3432,17815,"2018-05-27 12:47:18.31014"
"PV Processing Time","RPO Jammu","Within 21 Days",27,150,688,"2018-05-27 12:47:18.31014"
"Applications Received - Scheme wise","RPO Kolkata",Normal,11251,50475,240478,"2018-05-27 12:47:18.31014"
"Applications Received - Scheme wise","RPO Kolkata",Tatkaal,468,1776,7834,"2018-05-27 12:47:18.31014"
"Applications Received - Gender wise","RPO Kolkata",FEMALE,3978,16043,76599,"2018-05-27 12:47:18.31014"
"Applications Received - Gender wise","RPO Kolkata",MALE,7739,36203,171687,"2018-05-27 12:47:18.31014"
"Applications Received - Gender wise","RPO Kolkata",TRANSGENDER,2,3,20,"2018-05-27 12:47:18.31014"
"Applications with Aadhaar Number","RPO Kolkata","Count of Applications",11719,52249,248306,"2018-05-27 12:47:18.31014"
"Applications - Education Wise","RPO Kolkata","10TH PASS AND ABOVE",3794,16011,77082,"2018-05-27 12:47:18.31014"
"Applications - Education Wise","RPO Kolkata","5TH PASS OR LESS",0,0,0,"2018-05-27 12:47:18.31014"
"Applications - Education Wise","RPO Kolkata","BETWEEN 6TH AND 9TH STANDARD",0,0,0,"2018-05-27 12:47:18.31014"
"Applications - Education Wise","RPO Kolkata","GRADUATE AND ABOVE",3296,13342,63239,"2018-05-27 12:47:18.31014"
"Applications - Age Wise Wise","RPO Kolkata",Between_18_to_35,5799,27162,129392,"2018-05-27 12:47:18.31014"
"Applications - Age Wise Wise","RPO Kolkata",Between_36_to_60,3633,16066,75976,"2018-05-27 12:47:18.31014"
"Applications - Age Wise Wise","RPO Kolkata",GreaterThan60,870,3896,19373,"2018-05-27 12:47:18.31014"
"Applications - Age Wise Wise","RPO Kolkata",LessThan18,1417,5125,23565,"2018-05-27 12:47:18.31014"
"Application Fee Online Payment - Mode Wise","RPO Kolkata",Challan,781300,3889200,19729900,"2018-05-27 12:47:18.31014"
"Application Fee Online Payment - Mode Wise","RPO Kolkata","Credit/ Debit Card",6609450,27737800,137243850,"2018-05-27 12:47:18.31014"
"Application Fee Online Payment - Mode Wise","RPO Kolkata",Online,6703050,29012600,152719150,"2018-05-27 12:47:18.31014"
"Applications Received - Service Wise","RPO Kolkata",FRESH,8215,34329,170048,"2018-05-27 12:47:18.31014"
"Applications Received - Service Wise","RPO Kolkata",PCC,566,5812,20796,"2018-05-27 12:47:18.31014"
"Applications Received - Service Wise","RPO Kolkata",REISSUE,2937,12102,57409,"2018-05-27 12:47:18.31014"
"Applications Granted - PV Mode wise","RPO Kolkata","No Verification",2697,13529,57789,"2018-05-27 12:47:18.31014"
"Applications Granted - PV Mode wise","RPO Kolkata","Post Verification",1484,6320,29314,"2018-05-27 12:47:18.31014"
"Applications Granted - PV Mode wise","RPO Kolkata","Pre Verification",6670,27638,138522,"2018-05-27 12:47:18.31014"
"PV Processing Time","RPO Kolkata","More than 21 Days",6496,21941,105662,"2018-05-27 12:47:18.31014"
"PV Processing Time","RPO Kolkata","Within 21 Days",3502,12725,62431,"2018-05-27 12:47:18.31014"
"Applications Received - Scheme wise","RPO Kozhikode",Normal,8262,38822,206787,"2018-05-27 12:47:18.31014"
"Applications Received - Scheme wise","RPO Kozhikode",Tatkaal,350,2612,11648,"2018-05-27 12:47:18.31014"
"Applications Received - Gender wise","RPO Kozhikode",FEMALE,3365,18762,98382,"2018-05-27 12:47:18.31014"
"Applications Received - Gender wise","RPO Kozhikode",MALE,5247,22671,120052,"2018-05-27 12:47:18.31014"
"Applications Received - Gender wise","RPO Kozhikode",TRANSGENDER,0,0,0,"2018-05-27 12:47:18.31014"
"Applications with Aadhaar Number","RPO Kozhikode","Count of Applications",8612,41433,218434,"2018-05-27 12:47:18.31014"
"Applications - Education Wise","RPO Kozhikode","10TH PASS AND ABOVE",4145,16276,86631,"2018-05-27 12:47:18.31014"
"Applications - Education Wise","RPO Kozhikode","5TH PASS OR LESS",0,0,0,"2018-05-27 12:47:18.31014"
"Applications - Education Wise","RPO Kozhikode","BETWEEN 6TH AND 9TH STANDARD",0,0,0,"2018-05-27 12:47:18.31014"
"Applications - Education Wise","RPO Kozhikode","GRADUATE AND ABOVE",862,3337,17897,"2018-05-27 12:47:18.31014"
"Applications - Age Wise Wise","RPO Kozhikode",Between_18_to_35,4346,16709,90160,"2018-05-27 12:47:18.31014"
"Applications - Age Wise Wise","RPO Kozhikode",Between_36_to_60,1967,10245,57167,"2018-05-27 12:47:18.31014"
"Applications - Age Wise Wise","RPO Kozhikode",GreaterThan60,388,2432,14111,"2018-05-27 12:47:18.31014"
"Applications - Age Wise Wise","RPO Kozhikode",LessThan18,1911,12047,56996,"2018-05-27 12:47:18.31014"
"Application Fee Online Payment - Mode Wise","RPO Kozhikode",Challan,93350,546750,3382500,"2018-05-27 12:47:18.31014"
"Application Fee Online Payment - Mode Wise","RPO Kozhikode","Credit/ Debit Card",2651200,13088250,69794350,"2018-05-27 12:47:18.31014"
"Application Fee Online Payment - Mode Wise","RPO Kozhikode",Online,6979250,32046900,175561450,"2018-05-27 12:47:18.31014"
"Applications Received - Service Wise","RPO Kozhikode",FRESH,5020,23910,126045,"2018-05-27 12:47:18.31014"
"Applications Received - Service Wise","RPO Kozhikode",PCC,355,1442,9882,"2018-05-27 12:47:18.31014"
"Applications Received - Service Wise","RPO Kozhikode",REISSUE,3237,16079,82499,"2018-05-27 12:47:18.31014"
"Applications Granted - PV Mode wise","RPO Kozhikode","No Verification",2544,12681,66189,"2018-05-27 12:47:18.31014"
"Applications Granted - PV Mode wise","RPO Kozhikode","Post Verification",1096,5053,25838,"2018-05-27 12:47:18.31014"
"Applications Granted - PV Mode wise","RPO Kozhikode","Pre Verification",4894,22381,119626,"2018-05-27 12:47:18.31014"
"PV Processing Time","RPO Kozhikode","More than 21 Days",137,2798,12102,"2018-05-27 12:47:18.31014"
"PV Processing Time","RPO Kozhikode","Within 21 Days",5387,22547,122194,"2018-05-27 12:47:18.31014"
"Applications Received - Scheme wise","RPO Lucknow",Normal,12067,54146,249724,"2018-05-27 12:47:18.31014"
"Applications Received - Scheme wise","RPO Lucknow",Tatkaal,128,576,2208,"2018-05-27 12:47:18.31014"
"Applications Received - Gender wise","RPO Lucknow",FEMALE,1962,8452,39956,"2018-05-27 12:47:18.31014"
"Applications Received - Gender wise","RPO Lucknow",MALE,10232,46267,211967,"2018-05-27 12:47:18.31014"
"Applications Received - Gender wise","RPO Lucknow",TRANSGENDER,1,3,6,"2018-05-27 12:47:18.31014"
"Applications with Aadhaar Number","RPO Lucknow","Count of Applications",12195,54722,251929,"2018-05-27 12:47:18.31014"
"Applications - Education Wise","RPO Lucknow","10TH PASS AND ABOVE",4945,20202,94382,"2018-05-27 12:47:18.31014"
"Applications - Education Wise","RPO Lucknow","5TH PASS OR LESS",0,0,0,"2018-05-27 12:47:18.31014"
"Applications - Education Wise","RPO Lucknow","BETWEEN 6TH AND 9TH STANDARD",0,0,0,"2018-05-27 12:47:18.31014"
"Applications - Education Wise","RPO Lucknow","GRADUATE AND ABOVE",2714,11054,51368,"2018-05-27 12:47:18.31014"
"Applications - Age Wise Wise","RPO Lucknow",Between_18_to_35,8716,38354,177148,"2018-05-27 12:47:18.31014"
"Applications - Age Wise Wise","RPO Lucknow",Between_36_to_60,2367,11434,51992,"2018-05-27 12:47:18.31014"
"Applications - Age Wise Wise","RPO Lucknow",GreaterThan60,454,2330,11069,"2018-05-27 12:47:18.31014"
"Applications - Age Wise Wise","RPO Lucknow",LessThan18,658,2604,11720,"2018-05-27 12:47:18.31014"
"Application Fee Online Payment - Mode Wise","RPO Lucknow",Challan,230850,1075100,6093800,"2018-05-27 12:47:18.31014"
"Application Fee Online Payment - Mode Wise","RPO Lucknow","Credit/ Debit Card",4941800,21431600,105938900,"2018-05-27 12:47:18.31014"
"Application Fee Online Payment - Mode Wise","RPO Lucknow",Online,8202900,33110350,187624200,"2018-05-27 12:47:18.31014"
"Applications Received - Service Wise","RPO Lucknow",FRESH,8507,32077,162629,"2018-05-27 12:47:18.31014"
"Applications Received - Service Wise","RPO Lucknow",PCC,1272,12926,41969,"2018-05-27 12:47:18.31014"
"Applications Received - Service Wise","RPO Lucknow",REISSUE,2412,9716,47306,"2018-05-27 12:47:18.31014"
"Applications Granted - PV Mode wise","RPO Lucknow","No Verification",1436,12441,42389,"2018-05-27 12:47:18.31014"
"Applications Granted - PV Mode wise","RPO Lucknow","Post Verification",767,3502,15711,"2018-05-27 12:47:18.31014"
"Applications Granted - PV Mode wise","RPO Lucknow","Pre Verification",8352,32145,168042,"2018-05-27 12:47:18.31014"
"PV Processing Time","RPO Lucknow","More than 21 Days",700,2937,17037,"2018-05-27 12:47:18.31014"
"PV Processing Time","RPO Lucknow","Within 21 Days",7360,36367,176922,"2018-05-27 12:47:18.31014"
"Applications Received - Scheme wise","RPO Madurai",Normal,5514,22652,113391,"2018-05-27 12:47:18.31014"
"Applications Received - Scheme wise","RPO Madurai",Tatkaal,7,84,354,"2018-05-27 12:47:18.31014"
"Applications Received - Gender wise","RPO Madurai",FEMALE,1529,7082,34071,"2018-05-27 12:47:18.31014"
"Applications Received - Gender wise","RPO Madurai",MALE,3992,15653,79672,"2018-05-27 12:47:18.31014"
"Applications Received - Gender wise","RPO Madurai",TRANSGENDER,0,0,1,"2018-05-27 12:47:18.31014"
"Applications with Aadhaar Number","RPO Madurai","Count of Applications",5521,22735,113744,"2018-05-27 12:47:18.31014"
"Applications - Education Wise","RPO Madurai","10TH PASS AND ABOVE",2184,8262,41338,"2018-05-27 12:47:18.31014"
"Applications - Education Wise","RPO Madurai","5TH PASS OR LESS",0,0,0,"2018-05-27 12:47:18.31014"
"Applications - Education Wise","RPO Madurai","BETWEEN 6TH AND 9TH STANDARD",0,0,0,"2018-05-27 12:47:18.31014"
"Applications - Education Wise","RPO Madurai","GRADUATE AND ABOVE",1781,6322,31985,"2018-05-27 12:47:18.31014"
"Applications - Age Wise Wise","RPO Madurai",Between_18_to_35,3506,12730,65387,"2018-05-27 12:47:18.31014"
"Applications - Age Wise Wise","RPO Madurai",Between_36_to_60,1182,5548,27300,"2018-05-27 12:47:18.31014"
"Applications - Age Wise Wise","RPO Madurai",GreaterThan60,197,1220,6186,"2018-05-27 12:47:18.31014"
"Applications - Age Wise Wise","RPO Madurai",LessThan18,636,3237,14871,"2018-05-27 12:47:18.31014"
"Application Fee Online Payment - Mode Wise","RPO Madurai",Challan,120700,690400,3889350,"2018-05-27 12:47:18.31014"
"Application Fee Online Payment - Mode Wise","RPO Madurai","Credit/ Debit Card",1814650,8610250,43706900,"2018-05-27 12:47:18.31014"
"Application Fee Online Payment - Mode Wise","RPO Madurai",Online,2683750,12412150,62589150,"2018-05-27 12:47:18.31014"
"Applications Received - Service Wise","RPO Madurai",FRESH,3709,14374,72439,"2018-05-27 12:47:18.31014"
"Applications Received - Service Wise","RPO Madurai",PCC,389,1604,8893,"2018-05-27 12:47:18.31014"
"Applications Received - Service Wise","RPO Madurai",REISSUE,1423,6756,32405,"2018-05-27 12:47:18.31014"
"Applications Granted - PV Mode wise","RPO Madurai","No Verification",922,4439,22154,"2018-05-27 12:47:18.31014"
"Applications Granted - PV Mode wise","RPO Madurai","Post Verification",641,2833,14374,"2018-05-27 12:47:18.31014"
"Applications Granted - PV Mode wise","RPO Madurai","Pre Verification",3410,13654,71682,"2018-05-27 12:47:18.31014"
"PV Processing Time","RPO Madurai","More than 21 Days",615,6053,28867,"2018-05-27 12:47:18.31014"
"PV Processing Time","RPO Madurai","Within 21 Days",2129,11716,49662,"2018-05-27 12:47:18.31014"
"Applications Received - Scheme wise","RPO Malappuram",Normal,0,0,0,"2018-05-27 12:47:18.31014"
"Applications Received - Scheme wise","RPO Malappuram",Tatkaal,0,0,0,"2018-05-27 12:47:18.31014"
"Applications Received - Gender wise","RPO Malappuram",FEMALE,0,0,0,"2018-05-27 12:47:18.31014"
"Applications Received - Gender wise","RPO Malappuram",MALE,0,0,0,"2018-05-27 12:47:18.31014"
"Applications Received - Gender wise","RPO Malappuram",TRANSGENDER,0,0,0,"2018-05-27 12:47:18.31014"
"Applications with Aadhaar Number","RPO Malappuram","Count of Applications",0,0,0,"2018-05-27 12:47:18.31014"
"Applications - Education Wise","RPO Malappuram","10TH PASS AND ABOVE",0,0,0,"2018-05-27 12:47:18.31014"
"Applications - Education Wise","RPO Malappuram","5TH PASS OR LESS",0,0,0,"2018-05-27 12:47:18.31014"
"Applications - Education Wise","RPO Malappuram","BETWEEN 6TH AND 9TH STANDARD",0,0,0,"2018-05-27 12:47:18.31014"
"Applications - Education Wise","RPO Malappuram","GRADUATE AND ABOVE",0,0,0,"2018-05-27 12:47:18.31014"
"Applications - Age Wise Wise","RPO Malappuram",Between_18_to_35,0,0,0,"2018-05-27 12:47:18.31014"
"Applications - Age Wise Wise","RPO Malappuram",Between_36_to_60,0,0,0,"2018-05-27 12:47:18.31014"
"Applications - Age Wise Wise","RPO Malappuram",GreaterThan60,0,0,0,"2018-05-27 12:47:18.31014"
"Applications - Age Wise Wise","RPO Malappuram",LessThan18,0,0,0,"2018-05-27 12:47:18.31014"
"Application Fee Online Payment - Mode Wise","RPO Malappuram",Challan,0,0,0,"2018-05-27 12:47:18.31014"
"Application Fee Online Payment - Mode Wise","RPO Malappuram","Credit/ Debit Card",0,0,0,"2018-05-27 12:47:18.31014"
"Application Fee Online Payment - Mode Wise","RPO Malappuram",Online,0,0,0,"2018-05-27 12:47:18.31014"
"Applications Received - Service Wise","RPO Malappuram",FRESH,0,0,0,"2018-05-27 12:47:18.31014"
"Applications Received - Service Wise","RPO Malappuram",PCC,0,0,0,"2018-05-27 12:47:18.31014"
"Applications Received - Service Wise","RPO Malappuram",REISSUE,0,0,0,"2018-05-27 12:47:18.31014"
"Applications Granted - PV Mode wise","RPO Malappuram","No Verification",0,0,6,"2018-05-27 12:47:18.31014"
"Applications Granted - PV Mode wise","RPO Malappuram","Post Verification",0,0,2,"2018-05-27 12:47:18.31014"
"Applications Granted - PV Mode wise","RPO Malappuram","Pre Verification",0,0,20,"2018-05-27 12:47:18.31014"
"PV Processing Time","RPO Malappuram","More than 21 Days",0,1,4,"2018-05-27 12:47:18.31014"
"PV Processing Time","RPO Malappuram","Within 21 Days",0,0,75,"2018-05-27 12:47:18.31014"
"Applications Received - Scheme wise","RPO Mumbai",Normal,18132,80691,394264,"2018-05-27 12:47:18.31014"
"Applications Received - Scheme wise","RPO Mumbai",Tatkaal,782,3140,14614,"2018-05-27 12:47:18.31014"
"Applications Received - Gender wise","RPO Mumbai",FEMALE,8186,36388,177014,"2018-05-27 12:47:18.31014"
"Applications Received - Gender wise","RPO Mumbai",MALE,10714,47376,231615,"2018-05-27 12:47:18.31014"
"Applications Received - Gender wise","RPO Mumbai",TRANSGENDER,1,5,13,"2018-05-27 12:47:18.31014"
"Applications with Aadhaar Number","RPO Mumbai","Count of Applications",18901,83769,408642,"2018-05-27 12:47:18.31014"
"Applications - Education Wise","RPO Mumbai","10TH PASS AND ABOVE",6268,27106,131094,"2018-05-27 12:47:18.31014"
"Applications - Education Wise","RPO Mumbai","5TH PASS OR LESS",0,0,0,"2018-05-27 12:47:18.31014"
"Applications - Education Wise","RPO Mumbai","BETWEEN 6TH AND 9TH STANDARD",0,0,0,"2018-05-27 12:47:18.31014"
"Applications - Education Wise","RPO Mumbai","GRADUATE AND ABOVE",7723,31869,159131,"2018-05-27 12:47:18.31014"
"Applications - Age Wise Wise","RPO Mumbai",Between_18_to_35,8135,33552,167752,"2018-05-27 12:47:18.31014"
"Applications - Age Wise Wise","RPO Mumbai",Between_36_to_60,5969,27730,133976,"2018-05-27 12:47:18.31014"
"Applications - Age Wise Wise","RPO Mumbai",GreaterThan60,1646,7728,38778,"2018-05-27 12:47:18.31014"
"Applications - Age Wise Wise","RPO Mumbai",LessThan18,3151,14759,68136,"2018-05-27 12:47:18.31014"
"Application Fee Online Payment - Mode Wise","RPO Mumbai",Challan,988750,5213600,29897650,"2018-05-27 12:47:18.31014"
"Application Fee Online Payment - Mode Wise","RPO Mumbai","Credit/ Debit Card",13805350,63705400,324696200,"2018-05-27 12:47:18.31014"
"Application Fee Online Payment - Mode Wise","RPO Mumbai",Online,3585650,18207050,95356600,"2018-05-27 12:47:18.31014"
"Applications Received - Service Wise","RPO Mumbai",FRESH,10445,44918,218800,"2018-05-27 12:47:18.31014"
"Applications Received - Service Wise","RPO Mumbai",PCC,604,2689,14378,"2018-05-27 12:47:18.31014"
"Applications Received - Service Wise","RPO Mumbai",REISSUE,7836,36120,175114,"2018-05-27 12:47:18.31014"
"Applications Granted - PV Mode wise","RPO Mumbai","No Verification",4278,18357,93219,"2018-05-27 12:47:18.31014"
"Applications Granted - PV Mode wise","RPO Mumbai","Post Verification",2305,10023,48816,"2018-05-27 12:47:18.31014"
"Applications Granted - PV Mode wise","RPO Mumbai","Pre Verification",11291,49860,247552,"2018-05-27 12:47:18.31014"
"PV Processing Time","RPO Mumbai","More than 21 Days",3638,23378,129925,"2018-05-27 12:47:18.31014"
"PV Processing Time","RPO Mumbai","Within 21 Days",7560,35553,153114,"2018-05-27 12:47:18.31014"
"Applications Received - Scheme wise","RPO Nagpur",Normal,2603,9760,47643,"2018-05-27 12:47:18.31014"
"Applications Received - Scheme wise","RPO Nagpur",Tatkaal,75,327,1200,"2018-05-27 12:47:18.31014"
"Applications Received - Gender wise","RPO Nagpur",FEMALE,1065,4145,19720,"2018-05-27 12:47:18.31014"
"Applications Received - Gender wise","RPO Nagpur",MALE,1613,5942,29122,"2018-05-27 12:47:18.31014"
"Applications Received - Gender wise","RPO Nagpur",TRANSGENDER,0,0,0,"2018-05-27 12:47:18.31014"
"Applications with Aadhaar Number","RPO Nagpur","Count of Applications",2678,10087,48842,"2018-05-27 12:47:18.31014"
"Applications - Education Wise","RPO Nagpur","10TH PASS AND ABOVE",1012,3624,17126,"2018-05-27 12:47:18.31014"
"Applications - Education Wise","RPO Nagpur","5TH PASS OR LESS",0,0,0,"2018-05-27 12:47:18.31014"
"Applications - Education Wise","RPO Nagpur","BETWEEN 6TH AND 9TH STANDARD",0,0,0,"2018-05-27 12:47:18.31014"
"Applications - Education Wise","RPO Nagpur","GRADUATE AND ABOVE",1218,3961,20115,"2018-05-27 12:47:18.31014"
"Applications - Age Wise Wise","RPO Nagpur",Between_18_to_35,1333,4331,21687,"2018-05-27 12:47:18.31014"
"Applications - Age Wise Wise","RPO Nagpur",Between_36_to_60,833,3281,16261,"2018-05-27 12:47:18.31014"
"Applications - Age Wise Wise","RPO Nagpur",GreaterThan60,203,973,4687,"2018-05-27 12:47:18.31014"
"Applications - Age Wise Wise","RPO Nagpur",LessThan18,309,1502,6207,"2018-05-27 12:47:18.31014"
"Application Fee Online Payment - Mode Wise","RPO Nagpur",Challan,88000,490150,3029950,"2018-05-27 12:47:18.31014"
"Application Fee Online Payment - Mode Wise","RPO Nagpur","Credit/ Debit Card",1705350,7342750,34414750,"2018-05-27 12:47:18.31014"
"Application Fee Online Payment - Mode Wise","RPO Nagpur",Online,984450,4174900,20783550,"2018-05-27 12:47:18.31014"
"Applications Received - Service Wise","RPO Nagpur",FRESH,1959,7263,35506,"2018-05-27 12:47:18.31014"
"Applications Received - Service Wise","RPO Nagpur",PCC,82,200,1143,"2018-05-27 12:47:18.31014"
"Applications Received - Service Wise","RPO Nagpur",REISSUE,637,2622,12173,"2018-05-27 12:47:18.31014"
"Applications Granted - PV Mode wise","RPO Nagpur","No Verification",549,2249,10863,"2018-05-27 12:47:18.31014"
"Applications Granted - PV Mode wise","RPO Nagpur","Post Verification",187,657,3014,"2018-05-27 12:47:18.31014"
"Applications Granted - PV Mode wise","RPO Nagpur","Pre Verification",1865,6962,34142,"2018-05-27 12:47:18.31014"
"PV Processing Time","RPO Nagpur","More than 21 Days",603,2205,12150,"2018-05-27 12:47:18.31014"
"PV Processing Time","RPO Nagpur","Within 21 Days",1517,5105,26150,"2018-05-27 12:47:18.31014"
"Applications Received - Scheme wise","RPO Patna",Normal,7438,31744,145184,"2018-05-27 12:47:18.31014"
"Applications Received - Scheme wise","RPO Patna",Tatkaal,85,430,1986,"2018-05-27 12:47:18.31014"
"Applications Received - Gender wise","RPO Patna",FEMALE,762,3175,14368,"2018-05-27 12:47:18.31014"
"Applications Received - Gender wise","RPO Patna",MALE,6761,28997,132797,"2018-05-27 12:47:18.31014"
"Applications Received - Gender wise","RPO Patna",TRANSGENDER,0,2,5,"2018-05-27 12:47:18.31014"
"Applications with Aadhaar Number","RPO Patna","Count of Applications",7523,32174,147170,"2018-05-27 12:47:18.31014"
"Applications - Education Wise","RPO Patna","10TH PASS AND ABOVE",2984,11913,55421,"2018-05-27 12:47:18.31014"
"Applications - Education Wise","RPO Patna","5TH PASS OR LESS",0,0,0,"2018-05-27 12:47:18.31014"
"Applications - Education Wise","RPO Patna","BETWEEN 6TH AND 9TH STANDARD",0,0,0,"2018-05-27 12:47:18.31014"
"Applications - Education Wise","RPO Patna","GRADUATE AND ABOVE",1200,5236,23862,"2018-05-27 12:47:18.31014"
"Applications - Age Wise Wise","RPO Patna",Between_18_to_35,5891,24751,113699,"2018-05-27 12:47:18.31014"
"Applications - Age Wise Wise","RPO Patna",Between_36_to_60,1246,5682,25752,"2018-05-27 12:47:18.31014"
"Applications - Age Wise Wise","RPO Patna",GreaterThan60,153,811,3630,"2018-05-27 12:47:18.31014"
"Applications - Age Wise Wise","RPO Patna",LessThan18,233,930,4089,"2018-05-27 12:47:18.31014"
"Application Fee Online Payment - Mode Wise","RPO Patna",Challan,44400,308600,2276700,"2018-05-27 12:47:18.31014"
"Application Fee Online Payment - Mode Wise","RPO Patna","Credit/ Debit Card",2854550,11077200,57702900,"2018-05-27 12:47:18.31014"
"Application Fee Online Payment - Mode Wise","RPO Patna",Online,4982550,19099950,107813700,"2018-05-27 12:47:18.31014"
"Applications Received - Service Wise","RPO Patna",FRESH,4860,20845,99841,"2018-05-27 12:47:18.31014"
"Applications Received - Service Wise","RPO Patna",PCC,1475,5505,21719,"2018-05-27 12:47:18.31014"
"Applications Received - Service Wise","RPO Patna",REISSUE,1188,5822,25605,"2018-05-27 12:47:18.31014"
"Applications Granted - PV Mode wise","RPO Patna","No Verification",1877,7732,32263,"2018-05-27 12:47:18.31014"
"Applications Granted - PV Mode wise","RPO Patna","Post Verification",294,1055,5278,"2018-05-27 12:47:18.31014"
"Applications Granted - PV Mode wise","RPO Patna","Pre Verification",3157,12469,69459,"2018-05-27 12:47:18.31014"
"PV Processing Time","RPO Patna","More than 21 Days",1875,9059,55397,"2018-05-27 12:47:18.31014"
"PV Processing Time","RPO Patna","Within 21 Days",2603,12488,49885,"2018-05-27 12:47:18.31014"
"Applications Received - Scheme wise","RPO Pune",Normal,8641,34957,173609,"2018-05-27 12:47:18.31014"
"Applications Received - Scheme wise","RPO Pune",Tatkaal,476,2443,8714,"2018-05-27 12:47:18.31014"
"Applications Received - Gender wise","RPO Pune",FEMALE,3662,15209,72872,"2018-05-27 12:47:18.31014"
"Applications Received - Gender wise","RPO Pune",MALE,5455,22187,109434,"2018-05-27 12:47:18.31014"
"Applications Received - Gender wise","RPO Pune",TRANSGENDER,0,1,5,"2018-05-27 12:47:18.31014"
"Applications with Aadhaar Number","RPO Pune","Count of Applications",9117,37397,182311,"2018-05-27 12:47:18.31014"
"Applications - Education Wise","RPO Pune","10TH PASS AND ABOVE",2801,11180,55582,"2018-05-27 12:47:18.31014"
"Applications - Education Wise","RPO Pune","5TH PASS OR LESS",0,0,0,"2018-05-27 12:47:18.31014"
"Applications - Education Wise","RPO Pune","BETWEEN 6TH AND 9TH STANDARD",0,0,0,"2018-05-27 12:47:18.31014"
"Applications - Education Wise","RPO Pune","GRADUATE AND ABOVE",4083,16547,79457,"2018-05-27 12:47:18.31014"
"Applications - Age Wise Wise","RPO Pune",Between_18_to_35,4233,16831,82572,"2018-05-27 12:47:18.31014"
"Applications - Age Wise Wise","RPO Pune",Between_36_to_60,2804,11568,56894,"2018-05-27 12:47:18.31014"
"Applications - Age Wise Wise","RPO Pune",GreaterThan60,669,2983,15373,"2018-05-27 12:47:18.31014"
"Applications - Age Wise Wise","RPO Pune",LessThan18,1411,6015,27472,"2018-05-27 12:47:18.31014"
"Application Fee Online Payment - Mode Wise","RPO Pune",Challan,279600,1452750,7646150,"2018-05-27 12:47:18.31014"
"Application Fee Online Payment - Mode Wise","RPO Pune","Credit/ Debit Card",6274250,26806100,135547250,"2018-05-27 12:47:18.31014"
"Application Fee Online Payment - Mode Wise","RPO Pune",Online,2222450,11898500,57361500,"2018-05-27 12:47:18.31014"
"Applications Received - Service Wise","RPO Pune",FRESH,6025,24107,121361,"2018-05-27 12:47:18.31014"
"Applications Received - Service Wise","RPO Pune",PCC,282,1252,5076,"2018-05-27 12:47:18.31014"
"Applications Received - Service Wise","RPO Pune",REISSUE,2807,12023,55797,"2018-05-27 12:47:18.31014"
"Applications Granted - PV Mode wise","RPO Pune","No Verification",890,4629,21516,"2018-05-27 12:47:18.31014"
"Applications Granted - PV Mode wise","RPO Pune","Post Verification",1504,7008,29254,"2018-05-27 12:47:18.31014"
"Applications Granted - PV Mode wise","RPO Pune","Pre Verification",3791,19530,86007,"2018-05-27 12:47:18.31014"
"PV Processing Time","RPO Pune","More than 21 Days",3368,12637,61145,"2018-05-27 12:47:18.31014"
"PV Processing Time","RPO Pune","Within 21 Days",3254,10589,60992,"2018-05-27 12:47:18.31014"
"Applications Received - Scheme wise","RPO Raipur",Normal,1139,4964,23684,"2018-05-27 12:47:18.31014"
"Applications Received - Scheme wise","RPO Raipur",Tatkaal,18,99,321,"2018-05-27 12:47:18.31014"
"Applications Received - Gender wise","RPO Raipur",FEMALE,450,1943,9112,"2018-05-27 12:47:18.31014"
"Applications Received - Gender wise","RPO Raipur",MALE,707,3120,14891,"2018-05-27 12:47:18.31014"
"Applications Received - Gender wise","RPO Raipur",TRANSGENDER,0,0,1,"2018-05-27 12:47:18.31014"
"Applications with Aadhaar Number","RPO Raipur","Count of Applications",1157,5063,24004,"2018-05-27 12:47:18.31014"
"Applications - Education Wise","RPO Raipur","10TH PASS AND ABOVE",445,1674,8137,"2018-05-27 12:47:18.31014"
"Applications - Education Wise","RPO Raipur","5TH PASS OR LESS",0,0,0,"2018-05-27 12:47:18.31014"
"Applications - Education Wise","RPO Raipur","BETWEEN 6TH AND 9TH STANDARD",0,0,0,"2018-05-27 12:47:18.31014"
"Applications - Education Wise","RPO Raipur","GRADUATE AND ABOVE",422,2035,9343,"2018-05-27 12:47:18.31014"
"Applications - Age Wise Wise","RPO Raipur",Between_18_to_35,604,2386,11226,"2018-05-27 12:47:18.31014"
"Applications - Age Wise Wise","RPO Raipur",Between_36_to_60,332,1570,7753,"2018-05-27 12:47:18.31014"
"Applications - Age Wise Wise","RPO Raipur",GreaterThan60,61,339,1574,"2018-05-27 12:47:18.31014"
"Applications - Age Wise Wise","RPO Raipur",LessThan18,160,768,3451,"2018-05-27 12:47:18.31014"
"Application Fee Online Payment - Mode Wise","RPO Raipur",Challan,37050,126050,705350,"2018-05-27 12:47:18.31014"
"Application Fee Online Payment - Mode Wise","RPO Raipur","Credit/ Debit Card",681150,3181900,14943900,"2018-05-27 12:47:18.31014"
"Application Fee Online Payment - Mode Wise","RPO Raipur",Online,752950,3159150,15681550,"2018-05-27 12:47:18.31014"
"Applications Received - Service Wise","RPO Raipur",FRESH,891,3786,18241,"2018-05-27 12:47:18.31014"
"Applications Received - Service Wise","RPO Raipur",PCC,18,61,329,"2018-05-27 12:47:18.31014"
"Applications Received - Service Wise","RPO Raipur",REISSUE,248,1214,5426,"2018-05-27 12:47:18.31014"
"Applications Granted - PV Mode wise","RPO Raipur","No Verification",85,357,1929,"2018-05-27 12:47:18.31014"
"Applications Granted - PV Mode wise","RPO Raipur","Post Verification",92,446,2206,"2018-05-27 12:47:18.31014"
"Applications Granted - PV Mode wise","RPO Raipur","Pre Verification",655,2400,13965,"2018-05-27 12:47:18.31014"
"PV Processing Time","RPO Raipur","More than 21 Days",811,1999,11595,"2018-05-27 12:47:18.31014"
"PV Processing Time","RPO Raipur","Within 21 Days",415,1530,7508,"2018-05-27 12:47:18.31014"
"Applications Received - Scheme wise","RPO Ranchi",Normal,2359,8002,40359,"2018-05-27 12:47:18.31014"
"Applications Received - Scheme wise","RPO Ranchi",Tatkaal,18,100,440,"2018-05-27 12:47:18.31014"
"Applications Received - Gender wise","RPO Ranchi",FEMALE,675,2111,10451,"2018-05-27 12:47:18.31014"
"Applications Received - Gender wise","RPO Ranchi",MALE,1701,5991,30347,"2018-05-27 12:47:18.31014"
"Applications Received - Gender wise","RPO Ranchi",TRANSGENDER,1,0,1,"2018-05-27 12:47:18.31014"
"Applications with Aadhaar Number","RPO Ranchi","Count of Applications",2377,8102,40799,"2018-05-27 12:47:18.31014"
"Applications - Education Wise","RPO Ranchi","10TH PASS AND ABOVE",976,3177,16411,"2018-05-27 12:47:18.31014"
"Applications - Education Wise","RPO Ranchi","5TH PASS OR LESS",0,0,0,"2018-05-27 12:47:18.31014"
"Applications - Education Wise","RPO Ranchi","BETWEEN 6TH AND 9TH STANDARD",0,0,0,"2018-05-27 12:47:18.31014"
"Applications - Education Wise","RPO Ranchi","GRADUATE AND ABOVE",900,2960,14274,"2018-05-27 12:47:18.31014"
"Applications - Age Wise Wise","RPO Ranchi",Between_18_to_35,1481,4911,25460,"2018-05-27 12:47:18.31014"
"Applications - Age Wise Wise","RPO Ranchi",Between_36_to_60,601,2046,10004,"2018-05-27 12:47:18.31014"
"Applications - Age Wise Wise","RPO Ranchi",GreaterThan60,113,483,2427,"2018-05-27 12:47:18.31014"
"Applications - Age Wise Wise","RPO Ranchi",LessThan18,182,662,2908,"2018-05-27 12:47:18.31014"
"Application Fee Online Payment - Mode Wise","RPO Ranchi",Challan,41200,261300,1435950,"2018-05-27 12:47:18.31014"
"Application Fee Online Payment - Mode Wise","RPO Ranchi","Credit/ Debit Card",1491350,5698500,27955100,"2018-05-27 12:47:18.31014"
"Application Fee Online Payment - Mode Wise","RPO Ranchi",Online,940100,4224250,21591150,"2018-05-27 12:47:18.31014"
"Applications Received - Service Wise","RPO Ranchi",FRESH,1881,5837,29587,"2018-05-27 12:47:18.31014"
"Applications Received - Service Wise","RPO Ranchi",PCC,69,702,3654,"2018-05-27 12:47:18.31014"
"Applications Received - Service Wise","RPO Ranchi",REISSUE,427,1558,7550,"2018-05-27 12:47:18.31014"
"Applications Granted - PV Mode wise","RPO Ranchi","No Verification",183,1097,5682,"2018-05-27 12:47:18.31014"
"Applications Granted - PV Mode wise","RPO Ranchi","Post Verification",96,388,1957,"2018-05-27 12:47:18.31014"
"Applications Granted - PV Mode wise","RPO Ranchi","Pre Verification",806,2822,16584,"2018-05-27 12:47:18.31014"
"PV Processing Time","RPO Ranchi","More than 21 Days",324,1336,7583,"2018-05-27 12:47:18.31014"
"PV Processing Time","RPO Ranchi","Within 21 Days",1182,4500,22899,"2018-05-27 12:47:18.31014"
"Applications Received - Scheme wise","RPO Shimla",Normal,1272,5443,25968,"2018-05-27 12:47:18.31014"
"Applications Received - Scheme wise","RPO Shimla",Tatkaal,14,70,263,"2018-05-27 12:47:18.31014"
"Applications Received - Gender wise","RPO Shimla",FEMALE,367,1512,6772,"2018-05-27 12:47:18.31014"
"Applications Received - Gender wise","RPO Shimla",MALE,919,3998,19456,"2018-05-27 12:47:18.31014"
"Applications Received - Gender wise","RPO Shimla",TRANSGENDER,0,1,1,"2018-05-27 12:47:18.31014"
"Applications with Aadhaar Number","RPO Shimla","Count of Applications",1286,5511,26229,"2018-05-27 12:47:18.31014"
"Applications - Education Wise","RPO Shimla","10TH PASS AND ABOVE",656,2736,13480,"2018-05-27 12:47:18.31014"
"Applications - Education Wise","RPO Shimla","5TH PASS OR LESS",0,0,0,"2018-05-27 12:47:18.31014"
"Applications - Education Wise","RPO Shimla","BETWEEN 6TH AND 9TH STANDARD",0,0,0,"2018-05-27 12:47:18.31014"
"Applications - Education Wise","RPO Shimla","GRADUATE AND ABOVE",459,1932,8951,"2018-05-27 12:47:18.31014"
"Applications - Age Wise Wise","RPO Shimla",Between_18_to_35,861,3452,16935,"2018-05-27 12:47:18.31014"
"Applications - Age Wise Wise","RPO Shimla",Between_36_to_60,264,1334,6172,"2018-05-27 12:47:18.31014"
"Applications - Age Wise Wise","RPO Shimla",GreaterThan60,72,325,1328,"2018-05-27 12:47:18.31014"
"Applications - Age Wise Wise","RPO Shimla",LessThan18,89,400,1794,"2018-05-27 12:47:18.31014"
"Application Fee Online Payment - Mode Wise","RPO Shimla",Challan,51100,197800,1118600,"2018-05-27 12:47:18.31014"
"Application Fee Online Payment - Mode Wise","RPO Shimla","Credit/ Debit Card",1086300,3842750,20067350,"2018-05-27 12:47:18.31014"
"Application Fee Online Payment - Mode Wise","RPO Shimla",Online,611750,2102250,11629500,"2018-05-27 12:47:18.31014"
"Applications Received - Service Wise","RPO Shimla",FRESH,962,4005,19305,"2018-05-27 12:47:18.31014"
"Applications Received - Service Wise","RPO Shimla",PCC,47,339,1580,"2018-05-27 12:47:18.31014"
"Applications Received - Service Wise","RPO Shimla",REISSUE,275,1167,5341,"2018-05-27 12:47:18.31014"
"Applications Granted - PV Mode wise","RPO Shimla","No Verification",81,412,2006,"2018-05-27 12:47:18.31014"
"Applications Granted - PV Mode wise","RPO Shimla","Post Verification",110,361,1696,"2018-05-27 12:47:18.31014"
"Applications Granted - PV Mode wise","RPO Shimla","Pre Verification",407,1518,8610,"2018-05-27 12:47:18.31014"
"PV Processing Time","RPO Shimla","More than 21 Days",115,337,1678,"2018-05-27 12:47:18.31014"
"PV Processing Time","RPO Shimla","Within 21 Days",1298,3256,19397,"2018-05-27 12:47:18.31014"
"Applications Received - Scheme wise","RPO Srinagar",Normal,1039,6031,35187,"2018-05-27 12:47:18.31014"
"Applications Received - Scheme wise","RPO Srinagar",Tatkaal,0,4,53,"2018-05-27 12:47:18.31014"
"Applications Received - Gender wise","RPO Srinagar",FEMALE,370,2211,13290,"2018-05-27 12:47:18.31014"
"Applications Received - Gender wise","RPO Srinagar",MALE,665,3715,20874,"2018-05-27 12:47:18.31014"
"Applications Received - Gender wise","RPO Srinagar",TRANSGENDER,0,0,1,"2018-05-27 12:47:18.31014"
"Applications with Aadhaar Number","RPO Srinagar","Count of Applications",1035,5926,34165,"2018-05-27 12:47:18.31014"
"Applications - Education Wise","RPO Srinagar","10TH PASS AND ABOVE",402,1830,9748,"2018-05-27 12:47:18.31014"
"Applications - Education Wise","RPO Srinagar","5TH PASS OR LESS",0,0,0,"2018-05-27 12:47:18.31014"
"Applications - Education Wise","RPO Srinagar","BETWEEN 6TH AND 9TH STANDARD",0,0,0,"2018-05-27 12:47:18.31014"
"Applications - Education Wise","RPO Srinagar","GRADUATE AND ABOVE",205,928,5876,"2018-05-27 12:47:18.31014"
"Applications - Age Wise Wise","RPO Srinagar",Between_18_to_35,456,2254,12772,"2018-05-27 12:47:18.31014"
"Applications - Age Wise Wise","RPO Srinagar",Between_36_to_60,372,2305,13522,"2018-05-27 12:47:18.31014"
"Applications - Age Wise Wise","RPO Srinagar",GreaterThan60,115,949,5322,"2018-05-27 12:47:18.31014"
"Applications - Age Wise Wise","RPO Srinagar",LessThan18,92,418,2549,"2018-05-27 12:47:18.31014"
"Application Fee Online Payment - Mode Wise","RPO Srinagar",Challan,90050,312650,2822750,"2018-05-27 12:47:18.31014"
"Application Fee Online Payment - Mode Wise","RPO Srinagar","Credit/ Debit Card",813200,2656350,18186050,"2018-05-27 12:47:18.31014"
"Application Fee Online Payment - Mode Wise","RPO Srinagar",Online,479250,1570000,13221400,"2018-05-27 12:47:18.31014"
"Applications Received - Service Wise","RPO Srinagar",FRESH,812,5046,30353,"2018-05-27 12:47:18.31014"
"Applications Received - Service Wise","RPO Srinagar",PCC,16,102,447,"2018-05-27 12:47:18.31014"
"Applications Received - Service Wise","RPO Srinagar",REISSUE,211,887,4439,"2018-05-27 12:47:18.31014"
"Applications Granted - PV Mode wise","RPO Srinagar","No Verification",10,82,369,"2018-05-27 12:47:18.31014"
"Applications Granted - PV Mode wise","RPO Srinagar","Post Verification",19,100,740,"2018-05-27 12:47:18.31014"
"Applications Granted - PV Mode wise","RPO Srinagar","Pre Verification",652,3620,27681,"2018-05-27 12:47:18.31014"
"PV Processing Time","RPO Srinagar","More than 21 Days",1911,8162,33768,"2018-05-27 12:47:18.31014"
"PV Processing Time","RPO Srinagar","Within 21 Days",15,44,250,"2018-05-27 12:47:18.31014"
"Applications Received - Scheme wise","RPO Surat",Normal,4203,17932,84017,"2018-05-27 12:47:18.31014"
"Applications Received - Scheme wise","RPO Surat",Tatkaal,26,112,421,"2018-05-27 12:47:18.31014"
"Applications Received - Gender wise","RPO Surat",FEMALE,1584,7026,32706,"2018-05-27 12:47:18.31014"
"Applications Received - Gender wise","RPO Surat",MALE,2645,11014,51721,"2018-05-27 12:47:18.31014"
"Applications Received - Gender wise","RPO Surat",TRANSGENDER,0,0,0,"2018-05-27 12:47:18.31014"
"Applications with Aadhaar Number","RPO Surat","Count of Applications",4229,18040,84427,"2018-05-27 12:47:18.31014"
"Applications - Education Wise","RPO Surat","10TH PASS AND ABOVE",1898,7523,35102,"2018-05-27 12:47:18.31014"
"Applications - Education Wise","RPO Surat","5TH PASS OR LESS",0,0,0,"2018-05-27 12:47:18.31014"
"Applications - Education Wise","RPO Surat","BETWEEN 6TH AND 9TH STANDARD",0,0,0,"2018-05-27 12:47:18.31014"
"Applications - Education Wise","RPO Surat","GRADUATE AND ABOVE",928,3753,18357,"2018-05-27 12:47:18.31014"
"Applications - Age Wise Wise","RPO Surat",Between_18_to_35,2064,8067,38673,"2018-05-27 12:47:18.31014"
"Applications - Age Wise Wise","RPO Surat",Between_36_to_60,1225,5653,26241,"2018-05-27 12:47:18.31014"
"Applications - Age Wise Wise","RPO Surat",GreaterThan60,246,1184,5630,"2018-05-27 12:47:18.31014"
"Applications - Age Wise Wise","RPO Surat",LessThan18,694,3136,13883,"2018-05-27 12:47:18.31014"
"Application Fee Online Payment - Mode Wise","RPO Surat",Challan,447500,1690350,9516750,"2018-05-27 12:47:18.31014"
"Application Fee Online Payment - Mode Wise","RPO Surat","Credit/ Debit Card",2981700,11119150,54169300,"2018-05-27 12:47:18.31014"
"Application Fee Online Payment - Mode Wise","RPO Surat",Online,1615350,7078500,33315000,"2018-05-27 12:47:18.31014"
"Applications Received - Service Wise","RPO Surat",FRESH,2777,10812,52201,"2018-05-27 12:47:18.31014"
"Applications Received - Service Wise","RPO Surat",PCC,239,1203,4851,"2018-05-27 12:47:18.31014"
"Applications Received - Service Wise","RPO Surat",REISSUE,1213,6023,27365,"2018-05-27 12:47:18.31014"
"Applications Granted - PV Mode wise","RPO Surat","No Verification",647,3210,13728,"2018-05-27 12:47:18.31014"
"Applications Granted - PV Mode wise","RPO Surat","Post Verification",250,1314,6004,"2018-05-27 12:47:18.31014"
"Applications Granted - PV Mode wise","RPO Surat","Pre Verification",3076,12626,60767,"2018-05-27 12:47:18.31014"
"PV Processing Time","RPO Surat","More than 21 Days",2,319,385,"2018-05-27 12:47:18.31014"
"PV Processing Time","RPO Surat","Within 21 Days",2792,13333,64531,"2018-05-27 12:47:18.31014"
"Applications Received - Scheme wise","RPO Thane",Normal,0,0,0,"2018-05-27 12:47:18.31014"
"Applications Received - Scheme wise","RPO Thane",Tatkaal,0,0,0,"2018-05-27 12:47:18.31014"
"Applications Received - Gender wise","RPO Thane",FEMALE,0,0,0,"2018-05-27 12:47:18.31014"
"Applications Received - Gender wise","RPO Thane",MALE,0,0,0,"2018-05-27 12:47:18.31014"
"Applications Received - Gender wise","RPO Thane",TRANSGENDER,0,0,0,"2018-05-27 12:47:18.31014"
"Applications with Aadhaar Number","RPO Thane","Count of Applications",0,0,0,"2018-05-27 12:47:18.31014"
"Applications - Education Wise","RPO Thane","10TH PASS AND ABOVE",0,0,0,"2018-05-27 12:47:18.31014"
"Applications - Education Wise","RPO Thane","5TH PASS OR LESS",0,0,0,"2018-05-27 12:47:18.31014"
"Applications - Education Wise","RPO Thane","BETWEEN 6TH AND 9TH STANDARD",0,0,0,"2018-05-27 12:47:18.31014"
"Applications - Education Wise","RPO Thane","GRADUATE AND ABOVE",0,0,0,"2018-05-27 12:47:18.31014"
"Applications - Age Wise Wise","RPO Thane",Between_18_to_35,0,0,0,"2018-05-27 12:47:18.31014"
"Applications - Age Wise Wise","RPO Thane",Between_36_to_60,0,0,0,"2018-05-27 12:47:18.31014"
"Applications - Age Wise Wise","RPO Thane",GreaterThan60,0,0,0,"2018-05-27 12:47:18.31014"
"Applications - Age Wise Wise","RPO Thane",LessThan18,0,0,0,"2018-05-27 12:47:18.31014"
"Application Fee Online Payment - Mode Wise","RPO Thane",Challan,0,0,0,"2018-05-27 12:47:18.31014"
"Application Fee Online Payment - Mode Wise","RPO Thane","Credit/ Debit Card",0,0,0,"2018-05-27 12:47:18.31014"
"Application Fee Online Payment - Mode Wise","RPO Thane",Online,0,0,0,"2018-05-27 12:47:18.31014"
"Applications Received - Service Wise","RPO Thane",FRESH,0,0,0,"2018-05-27 12:47:18.31014"
"Applications Received - Service Wise","RPO Thane",PCC,0,0,0,"2018-05-27 12:47:18.31014"
"Applications Received - Service Wise","RPO Thane",REISSUE,0,0,0,"2018-05-27 12:47:18.31014"
"Applications Granted - PV Mode wise","RPO Thane","No Verification",0,2,11,"2018-05-27 12:47:18.31014"
"Applications Granted - PV Mode wise","RPO Thane","Post Verification",0,4,10,"2018-05-27 12:47:18.31014"
"Applications Granted - PV Mode wise","RPO Thane","Pre Verification",0,21,114,"2018-05-27 12:47:18.31014"
"PV Processing Time","RPO Thane","More than 21 Days",10,53,938,"2018-05-27 12:47:18.31014"
"PV Processing Time","RPO Thane","Within 21 Days",1,24,155,"2018-05-27 12:47:18.31014"
"Applications Received - Scheme wise","RPO Trichy",Normal,4588,12586,116878,"2016-12-25 04:03:38.838183"
"Applications Received - Scheme wise","RPO Trichy",Tatkaal,3,6,108,"2016-12-25 04:03:38.838183"
"Applications Received - Gender wise","RPO Trichy",FEMALE,1066,2982,29852,"2016-12-25 04:03:38.838183"
"Applications Received - Gender wise","RPO Trichy",MALE,3525,10343,88569,"2016-12-25 04:03:38.838183"
"Applications Received - Gender wise","RPO Trichy",TRANSGENDER,0,0,0,"2016-12-25 04:03:38.838183"
"Applications with Aadhaar Number","RPO Trichy","Count of Applications",4591,13325,118421,"2016-12-25 04:03:38.838183"
"Applications - Education Wise","RPO Trichy","10TH PASS AND ABOVE",1560,4564,38900,"2016-12-25 04:03:38.838183"
"Applications - Education Wise","RPO Trichy","5TH PASS OR LESS",680,2016,20356,"2016-12-25 04:03:38.838183"
"Applications - Education Wise","RPO Trichy","BETWEEN 6TH AND 9TH STANDARD",1125,3045,30534,"2016-12-25 04:03:38.838183"
"Applications - Education Wise","RPO Trichy","GRADUATE AND ABOVE",1226,3699,28594,"2016-12-25 04:03:38.838183"
"Applications - Age Wise Wise","RPO Trichy",Between_18_to_35,2904,8560,71745,"2016-12-25 04:03:38.838183"
"Applications - Age Wise Wise","RPO Trichy",Between_36_to_60,1115,3098,30094,"2016-12-25 04:03:38.838183"
"Applications - Age Wise Wise","RPO Trichy",GreaterThan60,156,460,4786,"2016-12-25 04:03:38.838183"
"Applications - Age Wise Wise","RPO Trichy",LessThan18,416,1207,11796,"2016-12-25 04:03:38.838183"
"Application Fee Online Payment - Mode Wise","RPO Trichy",Challan,234000,802500,8931500,"2016-12-25 04:03:38.838183"
"Application Fee Online Payment - Mode Wise","RPO Trichy","Credit/ Debit Card",2245500,7437000,64176500,"2016-12-25 04:03:38.838183"
"Application Fee Online Payment - Mode Wise","RPO Trichy",Online,3529000,11228000,95205500,"2016-12-25 04:03:38.838183"
"Applications Received - Service Wise","RPO Trichy",FRESH,2889,8071,70047,"2016-12-25 04:03:38.838183"
"Applications Received - Service Wise","RPO Trichy",PCC,175,470,5376,"2016-12-25 04:03:38.838183"
"Applications Received - Service Wise","RPO Trichy",REISSUE,1527,4051,41563,"2016-12-25 04:03:38.838183"
"Applications Granted - PV Mode wise","RPO Trichy","No Verification",1281,3544,36577,"2016-12-25 04:03:38.838183"
"Applications Granted - PV Mode wise","RPO Trichy","Post Verification",319,1011,8334,"2016-12-25 04:03:38.838183"
"Applications Granted - PV Mode wise","RPO Trichy","Pre Verification",2960,8524,71306,"2016-12-25 04:03:38.838183"
"PV Processing Time","RPO Trichy","More than 21 Days",1477,4571,48321,"2016-12-25 04:03:38.838183"
"PV Processing Time","RPO Trichy","Within 21 Days",1167,4945,27107,"2016-12-25 04:03:38.838183"
"Applications Received - Scheme wise","RPO Trivandrum",Normal,4373,17925,95347,"2018-05-27 12:47:18.31014"
"Applications Received - Scheme wise","RPO Trivandrum",Tatkaal,130,1075,4360,"2018-05-27 12:47:18.31014"
"Applications Received - Gender wise","RPO Trivandrum",FEMALE,1826,8120,41470,"2018-05-27 12:47:18.31014"
"Applications Received - Gender wise","RPO Trivandrum",MALE,2675,10878,58223,"2018-05-27 12:47:18.31014"
"Applications Received - Gender wise","RPO Trivandrum",TRANSGENDER,0,0,1,"2018-05-27 12:47:18.31014"
"Applications with Aadhaar Number","RPO Trivandrum","Count of Applications",4501,18998,99694,"2018-05-27 12:47:18.31014"
"Applications - Education Wise","RPO Trivandrum","10TH PASS AND ABOVE",2286,8918,48005,"2018-05-27 12:47:18.31014"
"Applications - Education Wise","RPO Trivandrum","5TH PASS OR LESS",0,0,0,"2018-05-27 12:47:18.31014"
"Applications - Education Wise","RPO Trivandrum","BETWEEN 6TH AND 9TH STANDARD",0,0,0,"2018-05-27 12:47:18.31014"
"Applications - Education Wise","RPO Trivandrum","GRADUATE AND ABOVE",947,3644,19568,"2018-05-27 12:47:18.31014"
"Applications - Age Wise Wise","RPO Trivandrum",Between_18_to_35,2324,8649,47071,"2018-05-27 12:47:18.31014"
"Applications - Age Wise Wise","RPO Trivandrum",Between_36_to_60,1228,5370,27879,"2018-05-27 12:47:18.31014"
"Applications - Age Wise Wise","RPO Trivandrum",GreaterThan60,276,1527,8550,"2018-05-27 12:47:18.31014"
"Applications - Age Wise Wise","RPO Trivandrum",LessThan18,673,3452,16194,"2018-05-27 12:47:18.31014"
"Application Fee Online Payment - Mode Wise","RPO Trivandrum",Challan,144300,767250,4433750,"2018-05-27 12:47:18.31014"
"Application Fee Online Payment - Mode Wise","RPO Trivandrum","Credit/ Debit Card",1497050,6748350,33989750,"2018-05-27 12:47:18.31014"
"Application Fee Online Payment - Mode Wise","RPO Trivandrum",Online,3816350,16025050,82565800,"2018-05-27 12:47:18.31014"
"Applications Received - Service Wise","RPO Trivandrum",FRESH,2359,9421,49848,"2018-05-27 12:47:18.31014"
"Applications Received - Service Wise","RPO Trivandrum",PCC,375,1580,9295,"2018-05-27 12:47:18.31014"
"Applications Received - Service Wise","RPO Trivandrum",REISSUE,1767,7994,40535,"2018-05-27 12:47:18.31014"
"Applications Granted - PV Mode wise","RPO Trivandrum","No Verification",1258,5272,28663,"2018-05-27 12:47:18.31014"
"Applications Granted - PV Mode wise","RPO Trivandrum","Post Verification",691,3445,14932,"2018-05-27 12:47:18.31014"
"Applications Granted - PV Mode wise","RPO Trivandrum","Pre Verification",2445,8752,48572,"2018-05-27 12:47:18.31014"
"PV Processing Time","RPO Trivandrum","More than 21 Days",107,587,3616,"2018-05-27 12:47:18.31014"
"PV Processing Time","RPO Trivandrum","Within 21 Days",2916,9332,51156,"2018-05-27 12:47:18.31014"
"Applications Received - Scheme wise","RPO Visakhapatnam",Normal,3431,14528,69441,"2018-05-27 12:47:18.31014"
"Applications Received - Scheme wise","RPO Visakhapatnam",Tatkaal,72,272,1106,"2018-05-27 12:47:18.31014"
"Applications Received - Gender wise","RPO Visakhapatnam",FEMALE,1242,5672,25178,"2018-05-27 12:47:18.31014"
"Applications Received - Gender wise","RPO Visakhapatnam",MALE,2261,9128,45365,"2018-05-27 12:47:18.31014"
"Applications Received - Gender wise","RPO Visakhapatnam",TRANSGENDER,0,0,1,"2018-05-27 12:47:18.31014"
"Applications with Aadhaar Number","RPO Visakhapatnam","Count of Applications",3503,14800,70544,"2018-05-27 12:47:18.31014"
"Applications - Education Wise","RPO Visakhapatnam","10TH PASS AND ABOVE",1471,5341,27342,"2018-05-27 12:47:18.31014"
"Applications - Education Wise","RPO Visakhapatnam","5TH PASS OR LESS",0,0,0,"2018-05-27 12:47:18.31014"
"Applications - Education Wise","RPO Visakhapatnam","BETWEEN 6TH AND 9TH STANDARD",0,0,0,"2018-05-27 12:47:18.31014"
"Applications - Education Wise","RPO Visakhapatnam","GRADUATE AND ABOVE",937,4039,19176,"2018-05-27 12:47:18.31014"
"Applications - Age Wise Wise","RPO Visakhapatnam",Between_18_to_35,2186,8536,42219,"2018-05-27 12:47:18.31014"
"Applications - Age Wise Wise","RPO Visakhapatnam",Between_36_to_60,932,4400,19786,"2018-05-27 12:47:18.31014"
"Applications - Age Wise Wise","RPO Visakhapatnam",GreaterThan60,133,750,3622,"2018-05-27 12:47:18.31014"
"Applications - Age Wise Wise","RPO Visakhapatnam",LessThan18,252,1114,4917,"2018-05-27 12:47:18.31014"
"Application Fee Online Payment - Mode Wise","RPO Visakhapatnam",Challan,19900,73800,498400,"2018-05-27 12:47:18.31014"
"Application Fee Online Payment - Mode Wise","RPO Visakhapatnam","Credit/ Debit Card",1718700,6617400,34968350,"2018-05-27 12:47:18.31014"
"Application Fee Online Payment - Mode Wise","RPO Visakhapatnam",Online,2797800,11308050,59423600,"2018-05-27 12:47:18.31014"
"Applications Received - Service Wise","RPO Visakhapatnam",FRESH,2424,10141,48540,"2018-05-27 12:47:18.31014"
"Applications Received - Service Wise","RPO Visakhapatnam",PCC,234,705,3569,"2018-05-27 12:47:18.31014"
"Applications Received - Service Wise","RPO Visakhapatnam",REISSUE,845,3944,18396,"2018-05-27 12:47:18.31014"
"Applications Granted - PV Mode wise","RPO Visakhapatnam","No Verification",621,2731,13469,"2018-05-27 12:47:18.31014"
"Applications Granted - PV Mode wise","RPO Visakhapatnam","Post Verification",299,1145,5846,"2018-05-27 12:47:18.31014"
"Applications Granted - PV Mode wise","RPO Visakhapatnam","Pre Verification",2203,9116,45923,"2018-05-27 12:47:18.31014"
"PV Processing Time","RPO Visakhapatnam","More than 21 Days",38,263,900,"2018-05-27 12:47:18.31014"
"PV Processing Time","RPO Visakhapatnam","Within 21 Days",2030,11370,52872,"2018-05-27 12:47:18.31014"
