State/UT,"Total Works Takenup -2010-11 (P)","Total Works Takenup -2011-12 (P)","Total Works Takenup -2012-13 (P)","Work (Assests) completed-Rural Connectivity-2010-11 (P)","Work (Assests) completed-Rural Connectivity-2011-12 (P)","Work (Assests) completed-Rural Connectivity-2012-13 (P)","Work (Assests) completed-Flood Control and Protection-2010-11 (P)","Work (Assests) completed-Flood Control and Protection-2011-12 (P)","Work (Assests) completed-Flood Control and Protection-2012-13 (P)","Work (Assests) completed-Water Conservation and Water Harvesting-2010-11 (P)","Work (Assests) completed-Water Conservation and Water Harvesting-2011-12 (P)","Work (Assests) completed-Water Conservation and Water Harvesting-2012-13 (P)","Work (Assests) completed-Drought Proofing-2010-11 (P)","Work (Assests) completed-Drought Proofing-2011-12 (P)","Work (Assests) completed-Drought Proofing-2012-13 (P)","Work (Assests) completed-Micro Irrigation Works-2010-11 (P)","Work (Assests) completed-Micro Irrigation Works-2011-12 (P)","Work (Assests) completed-Micro Irrigation Works-2012-13 (P)","Work (Assests) completed-Provision of Irrigation facility to Land Owned by-2010-11 (P)","Work (Assests) completed-Provision of Irrigation facility to Land Owned by-2011-12 (P)","Work (Assests) completed-Provision of Irrigation facility to Land Owned by-2012-13 (P)","Work (Assests) completed-Renovation of Traditional Water bodies-2010-11 (P)","Work (Assests) completed-Renovation of Traditional Water bodies-2011-12 (P)","Work (Assests) completed-Renovation of Traditional Water bodies-2012-13 (P)","Work (Assests) completed-Land Development-2010-11 (P)","Work (Assests) completed-Land Development-2011-12 (P)","Work (Assests) completed-Land Development-2012-13 (P)","Work (Assests) completed-Any Other activity Approved by MRD-2010-11 (P)","Work (Assests) completed-Any Other activity Approved by MRD-2011-12 (P)","Work (Assests) completed-Any Other activity Approved by MRD-2012-13 (P)","Work (Assests) completed-Rajiv Gandhi Seva Kendra-2010-11 (P)","Work (Assests) completed-Rajiv Gandhi Seva Kendra-2011-12 (P)","Work (Assests) completed-Rajiv Gandhi Seva Kendra-2012-13 (P)","Work (Assests) completed-Total-2010-11 (P)","Work (Assests) completed-Total-2011-12 (P)","Work (Assests) completed-Total-2012-13 (P)","% Age of Works Completed -2010-11 (P)","% Age of Works Completed -2011-12 (P)","% Age of Works Completed -2012-13 (P)"
"Andhra Pradesh",1285576,2094451,4666926,61818,5477,3704,5030,8667,3916,312006,98400,81835,16492,6632,7134,132659,73389,60573,87392,1451,5199,94782,2875,4902,154781,481,3228,0,0,17874,NA,60,27,864960,197432,188392,67.3,9.4,4
"Arunachal Pradesh",851,366,2552,193,0,1,68,0,0,6,0,0,4,0,0,28,0,0,0,0,0,0,0,0,15,0,0,0,0,0,NA,0,0,314,0,1,36.9,0,0
Assam,31068,63464,72426,4872,5878,8997,774,585,923,531,656,957,2540,2952,3616,282,587,902,78,853,4734,295,209,662,1246,1296,2167,8,1386,2072,NA,24,30,10626,14426,25060,34.2,22.7,34.6
Bihar,208193,324168,336159,10922,13087,24177,1108,492,1794,3681,1778,5306,1112,1636,17516,1795,2985,5863,673,29,171,1906,950,3301,1645,1810,3849,151,413,1209,NA,2,5,22993,23182,63191,11,7.2,18.8
Chhattisgarh,154569,241838,233620,12270,10129,22711,449,499,847,5478,7147,11035,3810,1527,4692,905,964,2473,40937,37391,27117,8059,4312,7512,13780,18922,29035,0,407,993,NA,10,122,85688,81308,106537,55.4,33.6,45.6
Goa,760,1077,819,162,119,0,169,68,0,15,3,NA,0,0,0,12,1,0,0,0,0,64,19,0,137,139,0,0,1,0,NA,0,0,559,350,0,73.6,32.5,0
Gujarat,84552,132630,113850,5857,10866,6808,3476,6284,6718,7964,9123,6982,8426,7419,4641,842,727,176,5012,10010,11569,2752,1714,5022,9321,3127,2351,1508,3363,3453,NA,16,64,45158,52649,47784,53.4,39.7,42
Haryana,12432,20426,21951,2990,5083,4902,218,517,357,1135,1611,1406,271,747,105,1359,2893,2672,8,55,94,548,584,626,971,2595,2148,46,296,697,NA,59,204,7561,14440,13211,60.8,70.7,60.2
"Himachal Pradesh",62215,81702,98858,10660,10488,6382,4790,4045,3886,5285,6780,8546,661,742,986,3240,2889,2803,3144,3342,5262,2367,1493,1083,3675,7899,8255,153,722,616,NA,3,3,33975,38403,37822,54.6,47,38.3
"Jammu and Kashmir",53547,77411,146150,10250,2016,8100,7002,1129,4456,3130,437,1962,649,25,93,4553,936,2792,1255,2,52,1616,125,330,3876,702,2237,53,177,1433,NA,0,1,32384,5549,21456,60.5,7.2,14.7
Jharkhand,228983,259964,241990,8932,7327,12786,55,70,235,17775,24418,51503,609,414,726,299,221,608,8539,3154,12544,3127,3080,3205,7132,4640,5743,768,1826,2038,NA,14,132,47238,45164,89520,20.6,17.4,37
Karnataka,636270,342481,399227,6430,13031,7228,5962,12683,8908,6191,18193,11153,10348,14868,7275,2618,5690,3284,10281,12622,6637,2595,5007,2923,14720,20429,11042,1891,6094,13182,NA,143,132,61046,108760,71764,9.6,31.8,18
Kerala,166508,158691,209719,1883,4030,2493,18444,30920,26483,7494,22966,29607,1962,4098,4098,5447,11730,11475,2809,5760,13758,8675,15573,18142,15809,51416,64764,285,932,781,NA,0,1,62809,147425,171606,37.7,92.9,81.8
"Madhya Pradesh",686705,892984,750608,29139,13864,27263,1633,403,398,24686,41469,54838,33232,18294,29581,6677,234,355,126857,30467,41818,6679,3507,5136,62004,40640,49004,5,1478,12153,NA,0,0,290912,150356,220546,42.4,16.8,29.4
Maharashtra,49353,265161,409377,366,1469,2893,115,63,37,16412,11120,15461,692,1572,9427,10,40,674,260,404,7086,422,1844,4754,430,2008,2656,0,1085,2639,NA,0,16,18707,19605,45643,37.9,7.4,11.2
Manipur,8769,9252,18999,2260,621,638,1021,154,208,850,127,117,1095,488,139,552,179,109,5,0,6,290,7,16,1183,154,111,368,17,57,NA,39,17,7624,1786,1418,86.9,19.3,7.5
Meghalaya,12844,24064,18998,3417,4629,1323,253,535,130,1137,1566,244,402,1088,58,262,334,34,4,0,0,682,355,43,333,1038,192,78,120,38,NA,70,35,6569,9735,2097,51.1,40.5,11
Mizoram,3320,11844,12344,1349,1042,3308,105,61,178,143,23,138,502,161,313,7,3,15,6,0,0,4,3,20,386,167,723,8,83,489,NA,26,32,2510,1569,5216,75.6,13.2,42.3
Nagaland,10531,25859,30075,1478,1222,2351,671,261,221,1546,130,175,594,121,80,639,189,92,0,0,0,201,1,0,3682,206,182,126,216,267,NA,0,0,8937,2346,3368,84.9,9.1,11.2
Odisha,361260,234711,235391,17614,19651,16458,126,346,275,8114,13577,10022,2283,5206,4119,317,463,530,10754,13451,12134,10387,9217,7114,1688,8004,5350,1186,2451,2388,NA,1786,1409,53003,74152,59799,14.7,31.6,25.4
Punjab,14732,17989,17113,2235,3015,2739,160,193,171,155,88,123,889,751,515,822,571,433,1,2,0,1117,1260,1393,666,984,968,218,504,747,NA,54,87,6271,7422,7176,42.6,41.3,41.9
Rajasthan,190161,384059,435839,10115,7462,28036,555,440,998,7730,7024,19023,3090,1398,4473,2484,1786,5670,18366,5964,17496,6887,2967,11814,2231,4679,8058,112,800,8898,NA,3362,664,51876,35882,105130,27.3,9.3,24.1
Sikkim,2313,4806,4822,260,177,194,181,109,83,360,12,42,415,433,248,100,62,46,2,0,0,17,3,7,199,704,479,0,37,66,NA,2,0,1534,1539,1165,66.3,32,24.2
"Tamil Nadu",72938,120041,135138,6589,15295,20089,445,299,314,3962,9822,15277,0,2,8,3580,7637,9345,0,15,3,12066,22608,36794,9,90,70,2,16,1587,NA,0,0,26653,55784,83487,36.5,46.5,61.8
Tripura,81151,83831,94073,15589,14795,15331,965,709,750,12095,13346,11130,6605,3731,5836,5385,6482,7470,663,628,153,3589,3931,2510,17109,18971,26167,6533,3349,5747,NA,46,13,68575,65988,75107,84.5,78.7,79.8
"Uttar Pradesh",751697,1881524,922767,149785,204368,109963,22743,22673,12007,29420,23458,17725,19071,15489,8882,34562,18280,8787,73293,95158,43996,26514,9432,6741,72260,54380,21918,20495,52775,36259,NA,21,11,448144,496034,266289,59.6,26.4,28.9
Uttarakhand,42134,73587,57110,2704,1281,2653,8812,4258,6401,7844,1903,3377,2988,904,1153,2930,1403,1914,748,115,124,1498,601,729,2141,1995,2635,78,91,378,NA,5,3,29743,12556,19367,70.6,17.1,33.9
"West Bengal",245569,420587,472855,39004,46487,47956,7342,7860,8011,32490,35267,40227,11968,46595,44699,8052,7723,7199,7934,9199,12012,22210,17003,25260,13583,19135,21317,1,2234,1500,NA,42,51,142602,191545,208232,58.1,45.5,44
"Andaman and Nicobar Islands",538,629,173,55,102,70,34,71,13,66,43,25,0,19,26,22,1,0,0,20,13,10,11,1,37,61,21,0,1,1,NA,0,0,224,329,170,41.6,52.3,98.3
Chandigarh,NA,NA,0,NA,NA,0,NA,NA,0,NA,NA,0,NA,NA,0,NA,NA,0,NA,NA,0,NA,NA,0,NA,NA,0,NA,NA,0,NA,NA,0,NA,NA,0,NA,NA,0
"Dadra and Nagar Haveli",NA,NA,0,NA,NA,0,NA,NA,0,NA,NA,0,NA,NA,0,NA,NA,0,NA,NA,0,NA,NA,0,NA,NA,0,NA,NA,0,NA,NA,0,NA,NA,0,NA,NA,0
"Daman and Diu",NA,NA,0,NA,NA,0,NA,NA,0,NA,NA,0,NA,NA,0,NA,NA,0,NA,NA,0,NA,NA,0,NA,NA,0,NA,NA,0,NA,NA,0,NA,NA,0,NA,NA,0
Lakshadweep,75,88,128,0,0,0,0,0,0,0,0,12,0,0,2,0,0,0,0,0,0,0,0,1,0,0,4,0,0,0,NA,0,0,0,0,19,0,0,14.8
Puducherry,860,1336,1741,0,0,0,0,0,0,0,0,0,0,0,0,0,0,0,0,0,0,0,67,523,0,0,0,0,0,0,NA,0,0,0,67,523,0,5,30
