StateName,DistrictName,BlockName,GramPanchayatName,IHHLTotalAsPerDetails,IHHLTotalAch,Date
"Tamil Nadu",MADURAI,ALANGANALLUR,66.METTUPATTY,442,442,"7/22/2019 12:00:00 AM"
"Tamil Nadu",MADURAI,ALANGANALLUR,"A. KOVILPATTI",522,522,"7/22/2019 12:00:00 AM"
"Tamil Nadu",MADURAI,ALANGANALLUR,ACHAMPATTI,357,357,"7/22/2019 12:00:00 AM"
"Tamil Nadu",MADURAI,ALANGANALLUR,ALAGAPURI,1003,1003,"7/22/2019 12:00:00 AM"
"Tamil Nadu",MADURAI,ALANGANALLUR,ATHANOOR,567,567,"7/22/2019 12:00:00 AM"
"Tamil Nadu",MADURAI,ALANGANALLUR,AYYANKOTTAI,754,754,"7/22/2019 12:00:00 AM"
"Tamil Nadu",MADURAI,ALANGANALLUR,AYYUR,461,461,"7/22/2019 12:00:00 AM"
"Tamil Nadu",MADURAI,ALANGANALLUR,"B. METTUPATTY",469,469,"7/22/2019 12:00:00 AM"
"Tamil Nadu",MADURAI,ALANGANALLUR,CHATRAVELLALAPATTI,400,400,"7/22/2019 12:00:00 AM"
"Tamil Nadu",MADURAI,ALANGANALLUR,CHINNAILANTHAIKULAM,308,308,"7/22/2019 12:00:00 AM"
"Tamil Nadu",MADURAI,ALANGANALLUR,ERRAMPATTI,534,534,"7/22/2019 12:00:00 AM"
"Tamil Nadu",MADURAI,ALANGANALLUR,KALLANAI,1870,1870,"7/22/2019 12:00:00 AM"
"Tamil Nadu",MADURAI,ALANGANALLUR,KALVELIPATTI,789,789,"7/22/2019 12:00:00 AM"
"Tamil Nadu",MADURAI,ALANGANALLUR,KEELACHINNAMPATTI,222,222,"7/22/2019 12:00:00 AM"
"Tamil Nadu",MADURAI,ALANGANALLUR,KONDAYANPATTY,874,874,"7/22/2019 12:00:00 AM"
"Tamil Nadu",MADURAI,ALANGANALLUR,KOTANKIPATTI,407,407,"7/22/2019 12:00:00 AM"
"Tamil Nadu",MADURAI,ALANGANALLUR,KOTTAIMEDU,592,592,"7/22/2019 12:00:00 AM"
"Tamil Nadu",MADURAI,ALANGANALLUR,KUTTIMEICHIPATTY,472,472,"7/22/2019 12:00:00 AM"
"Tamil Nadu",MADURAI,ALANGANALLUR,MANICKAMPATTI,635,635,"7/22/2019 12:00:00 AM"
"Tamil Nadu",MADURAI,ALANGANALLUR,MANIYANJI,260,260,"7/22/2019 12:00:00 AM"
"Tamil Nadu",MADURAI,ALANGANALLUR,MELACHINNAMPATTY,363,363,"7/22/2019 12:00:00 AM"
"Tamil Nadu",MADURAI,ALANGANALLUR,MUDUVARPATTY,1065,1065,"7/22/2019 12:00:00 AM"
"Tamil Nadu",MADURAI,ALANGANALLUR,OORCHERI,796,796,"7/22/2019 12:00:00 AM"
"Tamil Nadu",MADURAI,ALANGANALLUR,PANNAIKUDI,213,213,"7/22/2019 12:00:00 AM"
"Tamil Nadu",MADURAI,ALANGANALLUR,PARAIPATTY,717,717,"7/22/2019 12:00:00 AM"
"Tamil Nadu",MADURAI,ALANGANALLUR,PERIAILANTHAIKULAM,389,389,"7/22/2019 12:00:00 AM"
"Tamil Nadu",MADURAI,ALANGANALLUR,RAJAKALPATTY,485,485,"7/22/2019 12:00:00 AM"
"Tamil Nadu",MADURAI,ALANGANALLUR,SENTHAMANGALAM,518,518,"7/22/2019 12:00:00 AM"
"Tamil Nadu",MADURAI,ALANGANALLUR,"T. METTUPATTY",673,673,"7/22/2019 12:00:00 AM"
"Tamil Nadu",MADURAI,ALANGANALLUR,THANDALAI,277,277,"7/22/2019 12:00:00 AM"
"Tamil Nadu",MADURAI,ALANGANALLUR,THANICHIYAM,715,715,"7/22/2019 12:00:00 AM"
"Tamil Nadu",MADURAI,ALANGANALLUR,THETHTHUR,780,780,"7/22/2019 12:00:00 AM"
"Tamil Nadu",MADURAI,ALANGANALLUR,THEVASERI,414,414,"7/22/2019 12:00:00 AM"
"Tamil Nadu",MADURAI,ALANGANALLUR,VADUGAPATTY,326,326,"7/22/2019 12:00:00 AM"
"Tamil Nadu",MADURAI,ALANGANALLUR,VALAYAPATTY,854,854,"7/22/2019 12:00:00 AM"
"Tamil Nadu",MADURAI,ALANGANALLUR,VAVIDAMARUTHUR,290,290,"7/22/2019 12:00:00 AM"
"Tamil Nadu",MADURAI,ALANGANALLUR,VELLAIAMPATTY,498,498,"7/22/2019 12:00:00 AM"
"Tamil Nadu",MADURAI,CHELLAMPATTI,"A. PUDUPATTY",645,645,"7/22/2019 12:00:00 AM"
"Tamil Nadu",MADURAI,CHELLAMPATTI,ARIYAPATTY,1064,1064,"7/22/2019 12:00:00 AM"
"Tamil Nadu",MADURAI,CHELLAMPATTI,AYYANARKULAM,948,948,"7/22/2019 12:00:00 AM"
"Tamil Nadu",MADURAI,CHELLAMPATTI,ERVARPATTY,717,717,"7/22/2019 12:00:00 AM"
"Tamil Nadu",MADURAI,CHELLAMPATTI,KANNANUR,743,743,"7/22/2019 12:00:00 AM"
"Tamil Nadu",MADURAI,CHELLAMPATTI,KARUMATHUR,1812,1812,"7/22/2019 12:00:00 AM"
"Tamil Nadu",MADURAI,CHELLAMPATTI,KATTAKARUPPANPATTY,422,422,"7/22/2019 12:00:00 AM"
"Tamil Nadu",MADURAI,CHELLAMPATTI,KODIKULAM,727,727,"7/22/2019 12:00:00 AM"
"Tamil Nadu",MADURAI,CHELLAMPATTI,KOVILANKULAM,2100,2100,"7/22/2019 12:00:00 AM"
"Tamil Nadu",MADURAI,CHELLAMPATTI,KURAVAKUDI,953,953,"7/22/2019 12:00:00 AM"
"Tamil Nadu",MADURAI,CHELLAMPATTI,MUDALAIKULAM,1518,1518,"7/22/2019 12:00:00 AM"
"Tamil Nadu",MADURAI,CHELLAMPATTI,NATTARMANGALAM,652,652,"7/22/2019 12:00:00 AM"
"Tamil Nadu",MADURAI,CHELLAMPATTI,PANAMOOPPANPATTY,590,590,"7/22/2019 12:00:00 AM"
"Tamil Nadu",MADURAI,CHELLAMPATTI,PANNIYAN,619,619,"7/22/2019 12:00:00 AM"
"Tamil Nadu",MADURAI,CHELLAMPATTI,PAPPAPATTI,586,586,"7/22/2019 12:00:00 AM"
"Tamil Nadu",MADURAI,CHELLAMPATTI,PODUVARPATTY,481,481,"7/22/2019 12:00:00 AM"
"Tamil Nadu",MADURAI,CHELLAMPATTI,POOTHIPURAM,705,705,"7/22/2019 12:00:00 AM"
"Tamil Nadu",MADURAI,CHELLAMPATTI,PORUPPUMETTUPATTY,571,571,"7/22/2019 12:00:00 AM"
"Tamil Nadu",MADURAI,CHELLAMPATTI,POTTULUPATTY,278,278,"7/22/2019 12:00:00 AM"
"Tamil Nadu",MADURAI,CHELLAMPATTI,PULLANERI,655,655,"7/22/2019 12:00:00 AM"
"Tamil Nadu",MADURAI,CHELLAMPATTI,SADACHIPATTY,316,316,"7/22/2019 12:00:00 AM"
"Tamil Nadu",MADURAI,CHELLAMPATTI,SAKKARAPPANAICKANOOR,629,629,"7/22/2019 12:00:00 AM"
"Tamil Nadu",MADURAI,CHELLAMPATTI,SEMPATTY,415,415,"7/22/2019 12:00:00 AM"
"Tamil Nadu",MADURAI,CHELLAMPATTI,SINTHUPATTY,786,786,"7/22/2019 12:00:00 AM"
"Tamil Nadu",MADURAI,CHELLAMPATTI,THIDIYAN,1201,1201,"7/22/2019 12:00:00 AM"
"Tamil Nadu",MADURAI,CHELLAMPATTI,THUMMAKUNDU,1121,1121,"7/22/2019 12:00:00 AM"
"Tamil Nadu",MADURAI,CHELLAMPATTI,VALANTHUR,1524,1524,"7/22/2019 12:00:00 AM"
"Tamil Nadu",MADURAI,CHELLAMPATTI,VEPPANOOTHU,1327,1327,"7/22/2019 12:00:00 AM"
"Tamil Nadu",MADURAI,CHELLAMPATTI,VIKRAMANGALAM,1916,1916,"7/22/2019 12:00:00 AM"
"Tamil Nadu",MADURAI,KALLIKUDI,AVALSOORAMPATTY,623,623,"7/22/2019 12:00:00 AM"
"Tamil Nadu",MADURAI,KALLIKUDI,CHITHUR,496,496,"7/22/2019 12:00:00 AM"
"Tamil Nadu",MADURAI,KALLIKUDI,"K. VELLAKULAM",1600,1600,"7/22/2019 12:00:00 AM"
"Tamil Nadu",MADURAI,KALLIKUDI,KALLANAI,328,328,"7/22/2019 12:00:00 AM"
"Tamil Nadu",MADURAI,KALLIKUDI,KALLIKUDI,1423,1423,"7/22/2019 12:00:00 AM"
"Tamil Nadu",MADURAI,KALLIKUDI,KARISALKALAMPATTY,403,403,"7/22/2019 12:00:00 AM"
"Tamil Nadu",MADURAI,KALLIKUDI,KOODAKKOVIL,534,534,"7/22/2019 12:00:00 AM"
"Tamil Nadu",MADURAI,KALLIKUDI,KURAYUR,1287,1287,"7/22/2019 12:00:00 AM"
"Tamil Nadu",MADURAI,KALLIKUDI,"M. POTHANATHI",188,188,"7/22/2019 12:00:00 AM"
"Tamil Nadu",MADURAI,KALLIKUDI,"M. PUDUPATTY",255,255,"7/22/2019 12:00:00 AM"
"Tamil Nadu",MADURAI,KALLIKUDI,"M. PULIANKULAM",412,412,"7/22/2019 12:00:00 AM"
"Tamil Nadu",MADURAI,KALLIKUDI,MAITTANPATTY,493,493,"7/22/2019 12:00:00 AM"
"Tamil Nadu",MADURAI,KALLIKUDI,MARAVAPATTY,301,301,"7/22/2019 12:00:00 AM"
"Tamil Nadu",MADURAI,KALLIKUDI,MARUTHANKUDI,336,336,"7/22/2019 12:00:00 AM"
"Tamil Nadu",MADURAI,KALLIKUDI,MELAUPPULIKUNDU,299,299,"7/22/2019 12:00:00 AM"
"Tamil Nadu",MADURAI,KALLIKUDI,NALLAMANAICKANPATTY,315,315,"7/22/2019 12:00:00 AM"
"Tamil Nadu",MADURAI,KALLIKUDI,NEDUNKULAM,309,309,"7/22/2019 12:00:00 AM"
"Tamil Nadu",MADURAI,KALLIKUDI,NESANERI,285,285,"7/22/2019 12:00:00 AM"
"Tamil Nadu",MADURAI,KALLIKUDI,ODAIPATTY,212,212,"7/22/2019 12:00:00 AM"
"Tamil Nadu",MADURAI,KALLIKUDI,PEIKKULAM,399,399,"7/22/2019 12:00:00 AM"
"Tamil Nadu",MADURAI,KALLIKUDI,"S. VELLAKULAM",580,580,"7/22/2019 12:00:00 AM"
"Tamil Nadu",MADURAI,KALLIKUDI,"S.P. NATHAM",561,561,"7/22/2019 12:00:00 AM"
"Tamil Nadu",MADURAI,KALLIKUDI,SENGAPADAI,764,764,"7/22/2019 12:00:00 AM"
"Tamil Nadu",MADURAI,KALLIKUDI,SENNAMPATTY,392,392,"7/22/2019 12:00:00 AM"
"Tamil Nadu",MADURAI,KALLIKUDI,SIVARAKKOTTAI,967,967,"7/22/2019 12:00:00 AM"
"Tamil Nadu",MADURAI,KALLIKUDI,"T. KOKKULAM",373,373,"7/22/2019 12:00:00 AM"
"Tamil Nadu",MADURAI,KALLIKUDI,T.ARASAPATTY,393,393,"7/22/2019 12:00:00 AM"
"Tamil Nadu",MADURAI,KALLIKUDI,THENMAINALLUR,533,533,"7/22/2019 12:00:00 AM"
"Tamil Nadu",MADURAI,KALLIKUDI,THIRUMAL,1090,1090,"7/22/2019 12:00:00 AM"
"Tamil Nadu",MADURAI,KALLIKUDI,THUMPAKKULAM,521,521,"7/22/2019 12:00:00 AM"
"Tamil Nadu",MADURAI,KALLIKUDI,ULAGANI,996,996,"7/22/2019 12:00:00 AM"
"Tamil Nadu",MADURAI,KALLIKUDI,UNNIPATTY,270,270,"7/22/2019 12:00:00 AM"
"Tamil Nadu",MADURAI,KALLIKUDI,VALAIYANKULAM,311,311,"7/22/2019 12:00:00 AM"
"Tamil Nadu",MADURAI,KALLIKUDI,VEERAPERUMALPURAM,185,185,"7/22/2019 12:00:00 AM"
"Tamil Nadu",MADURAI,KALLIKUDI,VEPPANKULAM,324,324,"7/22/2019 12:00:00 AM"
"Tamil Nadu",MADURAI,KALLIKUDI,VILLUR,1448,1448,"7/22/2019 12:00:00 AM"
"Tamil Nadu",MADURAI,KOTTAMPATTI,ATTAPATTI,766,766,"7/22/2019 12:00:00 AM"
"Tamil Nadu",MADURAI,KOTTAMPATTI,AYYAPATTI,1080,1080,"7/22/2019 12:00:00 AM"
"Tamil Nadu",MADURAI,KOTTAMPATTI,BOOTAHAMANGALAM,773,773,"7/22/2019 12:00:00 AM"
"Tamil Nadu",MADURAI,KOTTAMPATTI,CHOCKKAMPATTI,739,739,"7/22/2019 12:00:00 AM"
"Tamil Nadu",MADURAI,KOTTAMPATTI,CHOKKALINGAPURAM,1756,1756,"7/22/2019 12:00:00 AM"
"Tamil Nadu",MADURAI,KOTTAMPATTI,ETTIMANGALAM,521,521,"7/22/2019 12:00:00 AM"
"Tamil Nadu",MADURAI,KOTTAMPATTI,KAMBUR,1520,1520,"7/22/2019 12:00:00 AM"
"Tamil Nadu",MADURAI,KOTTAMPATTI,KARUNGALAKUDY,1344,1344,"7/22/2019 12:00:00 AM"
"Tamil Nadu",MADURAI,KOTTAMPATTI,KATCHIRAYANPATTI,1865,1865,"7/22/2019 12:00:00 AM"
"Tamil Nadu",MADURAI,KOTTAMPATTI,KESAMPATTI,877,877,"7/22/2019 12:00:00 AM"
"Tamil Nadu",MADURAI,KOTTAMPATTI,KODUKKAMPATTI,830,830,"7/22/2019 12:00:00 AM"
"Tamil Nadu",MADURAI,KOTTAMPATTI,KOTTAMPATTI,920,920,"7/22/2019 12:00:00 AM"
"Tamil Nadu",MADURAI,KOTTAMPATTI,KUNRAMPATTI,753,753,"7/22/2019 12:00:00 AM"
"Tamil Nadu",MADURAI,KOTTAMPATTI,MANAPACHERI,1357,1357,"7/22/2019 12:00:00 AM"
"Tamil Nadu",MADURAI,KOTTAMPATTI,MELAVALAVOO,1295,1295,"7/22/2019 12:00:00 AM"
"Tamil Nadu",MADURAI,KOTTAMPATTI,PALLAPATTI,804,804,"7/22/2019 12:00:00 AM"
"Tamil Nadu",MADURAI,KOTTAMPATTI,PANDANKUDY,260,260,"7/22/2019 12:00:00 AM"
"Tamil Nadu",MADURAI,KOTTAMPATTI,PATTUR,988,988,"7/22/2019 12:00:00 AM"
"Tamil Nadu",MADURAI,KOTTAMPATTI,POTTAPATTI,690,690,"7/22/2019 12:00:00 AM"
"Tamil Nadu",MADURAI,KOTTAMPATTI,SEKKIPATTI,1100,1100,"7/22/2019 12:00:00 AM"
"Tamil Nadu",MADURAI,KOTTAMPATTI,SENNAKARAMPATTI,997,997,"7/22/2019 12:00:00 AM"
"Tamil Nadu",MADURAI,KOTTAMPATTI,SOORAPATTI,297,297,"7/22/2019 12:00:00 AM"
"Tamil Nadu",MADURAI,KOTTAMPATTI,SUKKAMPATTI,326,326,"7/22/2019 12:00:00 AM"
"Tamil Nadu",MADURAI,KOTTAMPATTI,THOTHILINGAPURAM,458,458,"7/22/2019 12:00:00 AM"
"Tamil Nadu",MADURAI,KOTTAMPATTI,THUMBAIPATTI,1508,1508,"7/22/2019 12:00:00 AM"
"Tamil Nadu",MADURAI,KOTTAMPATTI,VANJINAGRAM,993,993,"7/22/2019 12:00:00 AM"
"Tamil Nadu",MADURAI,KOTTAMPATTI,VELAICHERRYPATTI,356,356,"7/22/2019 12:00:00 AM"
"Tamil Nadu",MADURAI,"MADURAI EAST",ANDARKOTTARAM,2021,2021,"7/22/2019 12:00:00 AM"
"Tamil Nadu",MADURAI,"MADURAI EAST",ANGADIMANGALAM,870,870,"7/22/2019 12:00:00 AM"
"Tamil Nadu",MADURAI,"MADURAI EAST",ARUMBANUR,1347,1347,"7/22/2019 12:00:00 AM"
"Tamil Nadu",MADURAI,"MADURAI EAST",AYLIANGUDI,431,431,"7/22/2019 12:00:00 AM"
"Tamil Nadu",MADURAI,"MADURAI EAST",CHINNAMANGULAM,505,505,"7/22/2019 12:00:00 AM"
"Tamil Nadu",MADURAI,"MADURAI EAST",EDAYAPATTI,594,594,"7/22/2019 12:00:00 AM"
"Tamil Nadu",MADURAI,"MADURAI EAST",ELAMANUR,876,876,"7/22/2019 12:00:00 AM"
"Tamil Nadu",MADURAI,"MADURAI EAST",ELANGIYENDAL,231,231,"7/22/2019 12:00:00 AM"
"Tamil Nadu",MADURAI,"MADURAI EAST",ISALANI,231,231,"7/22/2019 12:00:00 AM"
"Tamil Nadu",MADURAI,"MADURAI EAST",KADAIKINARU,978,978,"7/22/2019 12:00:00 AM"
"Tamil Nadu",MADURAI,"MADURAI EAST",KALIMANGLAM,582,582,"7/22/2019 12:00:00 AM"
"Tamil Nadu",MADURAI,"MADURAI EAST",KALLANDIRI,1565,1565,"7/22/2019 12:00:00 AM"
"Tamil Nadu",MADURAI,"MADURAI EAST",KARSERI,1422,1422,"7/22/2019 12:00:00 AM"
"Tamil Nadu",MADURAI,"MADURAI EAST",KARUPPAYURANI,1521,1521,"7/22/2019 12:00:00 AM"
"Tamil Nadu",MADURAI,"MADURAI EAST",KODIKULAM,785,785,"7/22/2019 12:00:00 AM"
"Tamil Nadu",MADURAI,"MADURAI EAST",KUNNATHUR,566,566,"7/22/2019 12:00:00 AM"
"Tamil Nadu",MADURAI,"MADURAI EAST",KURUTHUR,361,361,"7/22/2019 12:00:00 AM"
"Tamil Nadu",MADURAI,"MADURAI EAST",MANGULAM,504,504,"7/22/2019 12:00:00 AM"
"Tamil Nadu",MADURAI,"MADURAI EAST",MATHUR,485,485,"7/22/2019 12:00:00 AM"
"Tamil Nadu",MADURAI,"MADURAI EAST",MEENAKSHIPURAM,502,502,"7/22/2019 12:00:00 AM"
"Tamil Nadu",MADURAI,"MADURAI EAST",NARASINGAM,1241,1241,"7/22/2019 12:00:00 AM"
"Tamil Nadu",MADURAI,"MADURAI EAST",OTHAKADAI,2846,2846,"7/22/2019 12:00:00 AM"
"Tamil Nadu",MADURAI,"MADURAI EAST",PANAIKULAM,293,293,"7/22/2019 12:00:00 AM"
"Tamil Nadu",MADURAI,"MADURAI EAST",POOLAMPATTI,314,314,"7/22/2019 12:00:00 AM"
"Tamil Nadu",MADURAI,"MADURAI EAST",PORUSUPATTY,312,312,"7/22/2019 12:00:00 AM"
"Tamil Nadu",MADURAI,"MADURAI EAST",POYYAKARAIPATTY,1148,1148,"7/22/2019 12:00:00 AM"
"Tamil Nadu",MADURAI,"MADURAI EAST",PUDUPATTI,724,724,"7/22/2019 12:00:00 AM"
"Tamil Nadu",MADURAI,"MADURAI EAST",PUDUTHAMRAIPATTI,649,649,"7/22/2019 12:00:00 AM"
"Tamil Nadu",MADURAI,"MADURAI EAST",RAJAKKUR,620,620,"7/22/2019 12:00:00 AM"
"Tamil Nadu",MADURAI,"MADURAI EAST",SAKKIMANGALAM,2447,2447,"7/22/2019 12:00:00 AM"
"Tamil Nadu",MADURAI,"MADURAI EAST",SAKKUDI,824,824,"7/22/2019 12:00:00 AM"
"Tamil Nadu",MADURAI,"MADURAI EAST",TAMARAIPATTI,563,563,"7/22/2019 12:00:00 AM"
"Tamil Nadu",MADURAI,"MADURAI EAST",THINDIYUR,341,341,"7/22/2019 12:00:00 AM"
"Tamil Nadu",MADURAI,"MADURAI EAST",TIRUMOHUR,743,743,"7/22/2019 12:00:00 AM"
"Tamil Nadu",MADURAI,"MADURAI EAST",VARICHIYUR,978,978,"7/22/2019 12:00:00 AM"
"Tamil Nadu",MADURAI,"MADURAI EAST",VELLIANKUNDRAM,1095,1095,"7/22/2019 12:00:00 AM"
"Tamil Nadu",MADURAI,"MADURAI WEST",ADALAI,368,368,"7/22/2019 12:00:00 AM"
"Tamil Nadu",MADURAI,"MADURAI WEST",ALATHUR,621,621,"7/22/2019 12:00:00 AM"
"Tamil Nadu",MADURAI,"MADURAI WEST",AMBALATHADI,414,414,"7/22/2019 12:00:00 AM"
"Tamil Nadu",MADURAI,"MADURAI WEST",ARIYUR,299,299,"7/22/2019 12:00:00 AM"
"Tamil Nadu",MADURAI,"MADURAI WEST",BOODAGUDI,576,576,"7/22/2019 12:00:00 AM"
"Tamil Nadu",MADURAI,"MADURAI WEST",CHATRAPATTI,1033,1033,"7/22/2019 12:00:00 AM"
"Tamil Nadu",MADURAI,"MADURAI WEST",CHETTIKULAM,904,904,"7/22/2019 12:00:00 AM"
"Tamil Nadu",MADURAI,"MADURAI WEST",CHINNAPATTI,396,396,"7/22/2019 12:00:00 AM"
"Tamil Nadu",MADURAI,"MADURAI WEST",ERANIUM,416,416,"7/22/2019 12:00:00 AM"
"Tamil Nadu",MADURAI,"MADURAI WEST",KARUVANUR,613,613,"7/22/2019 12:00:00 AM"
"Tamil Nadu",MADURAI,"MADURAI WEST",KAVANUR,439,439,"7/22/2019 12:00:00 AM"
"Tamil Nadu",MADURAI,"MADURAI WEST",KODIMANGALAM,334,334,"7/22/2019 12:00:00 AM"
"Tamil Nadu",MADURAI,"MADURAI WEST",KOILPAPPAKUDY,1874,1874,"7/22/2019 12:00:00 AM"
"Tamil Nadu",MADURAI,"MADURAI WEST",KULAMANGALAM,1641,1641,"7/22/2019 12:00:00 AM"
"Tamil Nadu",MADURAI,"MADURAI WEST",MALAIPATTI,616,616,"7/22/2019 12:00:00 AM"
"Tamil Nadu",MADURAI,"MADURAI WEST",MANJAMPATTI,545,545,"7/22/2019 12:00:00 AM"
"Tamil Nadu",MADURAI,"MADURAI WEST",PERIAPATTI,292,292,"7/22/2019 12:00:00 AM"
"Tamil Nadu",MADURAI,"MADURAI WEST",PETCHIKULAM,767,767,"7/22/2019 12:00:00 AM"
"Tamil Nadu",MADURAI,"MADURAI WEST",PODUMBU,1400,1400,"7/22/2019 12:00:00 AM"
"Tamil Nadu",MADURAI,"MADURAI WEST",SAMAYANALLUR,2053,2053,"7/22/2019 12:00:00 AM"
"Tamil Nadu",MADURAI,"MADURAI WEST",SIRUVALAI,429,429,"7/22/2019 12:00:00 AM"
"Tamil Nadu",MADURAI,"MADURAI WEST",THENUR,1213,1213,"7/22/2019 12:00:00 AM"
"Tamil Nadu",MADURAI,"MADURAI WEST",THODANERI,569,569,"7/22/2019 12:00:00 AM"
"Tamil Nadu",MADURAI,"MADURAI WEST",USILAMPATTI,350,350,"7/22/2019 12:00:00 AM"
"Tamil Nadu",MADURAI,"MADURAI WEST",VAGAIKULAM,316,316,"7/22/2019 12:00:00 AM"
"Tamil Nadu",MADURAI,"MADURAI WEST",VAIRAVANATHAM,423,423,"7/22/2019 12:00:00 AM"
"Tamil Nadu",MADURAI,"MADURAI WEST",VAYALOOR,482,482,"7/22/2019 12:00:00 AM"
"Tamil Nadu",MADURAI,"MADURAI WEST",VEERAPANDI,478,478,"7/22/2019 12:00:00 AM"
"Tamil Nadu",MADURAI,"MADURAI WEST",VELICHANATHAM,505,505,"7/22/2019 12:00:00 AM"
"Tamil Nadu",MADURAI,MELUR,"A. VALAIPATTI",908,908,"7/22/2019 12:00:00 AM"
"Tamil Nadu",MADURAI,MELUR,AMBALAKARANPATTI,749,749,"7/22/2019 12:00:00 AM"
"Tamil Nadu",MADURAI,MELUR,AMUR,795,795,"7/22/2019 12:00:00 AM"
"Tamil Nadu",MADURAI,MELUR,ARASAPPANPATTI,466,466,"7/22/2019 12:00:00 AM"
"Tamil Nadu",MADURAI,MELUR,ARITTAPATTI,703,703,"7/22/2019 12:00:00 AM"
"Tamil Nadu",MADURAI,MELUR,ATTUKULAM,498,498,"7/22/2019 12:00:00 AM"
"Tamil Nadu",MADURAI,MELUR,KALLAMPATTI,709,709,"7/22/2019 12:00:00 AM"
"Tamil Nadu",MADURAI,MELUR,KEELAIYUR,1347,1347,"7/22/2019 12:00:00 AM"
"Tamil Nadu",MADURAI,MELUR,KEELAVALAVU,1199,1199,"7/22/2019 12:00:00 AM"
"Tamil Nadu",MADURAI,MELUR,KEERANUR,717,717,"7/22/2019 12:00:00 AM"
"Tamil Nadu",MADURAI,MELUR,KIDARIPATTI,1509,1509,"7/22/2019 12:00:00 AM"
"Tamil Nadu",MADURAI,MELUR,KONGAMPATTI,808,808,"7/22/2019 12:00:00 AM"
"Tamil Nadu",MADURAI,MELUR,KOTTAKUDI,1161,1161,"7/22/2019 12:00:00 AM"
"Tamil Nadu",MADURAI,MELUR,KOTTANATHMPATTY,1124,1124,"7/22/2019 12:00:00 AM"
"Tamil Nadu",MADURAI,MELUR,KURUCHIPATTI,1205,1205,"7/22/2019 12:00:00 AM"
"Tamil Nadu",MADURAI,MELUR,MALAMPATTI,533,533,"7/22/2019 12:00:00 AM"
"Tamil Nadu",MADURAI,MELUR,NARASINGAMPATTI,619,619,"7/22/2019 12:00:00 AM"
"Tamil Nadu",MADURAI,MELUR,NAVINIPATTI,1499,1499,"7/22/2019 12:00:00 AM"
"Tamil Nadu",MADURAI,MELUR,PANANGKADI,247,247,"7/22/2019 12:00:00 AM"
"Tamil Nadu",MADURAI,MELUR,PATHINETTANKUDI,623,623,"7/22/2019 12:00:00 AM"
"Tamil Nadu",MADURAI,MELUR,POONCHUTHI,560,560,"7/22/2019 12:00:00 AM"
"Tamil Nadu",MADURAI,MELUR,PUDUCHUKKAMPATTI,981,981,"7/22/2019 12:00:00 AM"
"Tamil Nadu",MADURAI,MELUR,PULIPATTI,369,369,"7/22/2019 12:00:00 AM"
"Tamil Nadu",MADURAI,MELUR,SARUKUVALAIPATTI,1154,1154,"7/22/2019 12:00:00 AM"
"Tamil Nadu",MADURAI,MELUR,SATHAMANGALAM,143,143,"7/22/2019 12:00:00 AM"
"Tamil Nadu",MADURAI,MELUR,SEMMINIPATTI,379,379,"7/22/2019 12:00:00 AM"
"Tamil Nadu",MADURAI,MELUR,SHOORAKKUNDU,783,783,"7/22/2019 12:00:00 AM"
"Tamil Nadu",MADURAI,MELUR,T.VELLALAPATTI,300,300,"7/22/2019 12:00:00 AM"
"Tamil Nadu",MADURAI,MELUR,THANIYAMANGALAM,1188,1188,"7/22/2019 12:00:00 AM"
"Tamil Nadu",MADURAI,MELUR,THERKUTHERU,1483,1483,"7/22/2019 12:00:00 AM"
"Tamil Nadu",MADURAI,MELUR,THIRUVATHAVUR,1237,1237,"7/22/2019 12:00:00 AM"
"Tamil Nadu",MADURAI,MELUR,URANKANPATTI,1981,1981,"7/22/2019 12:00:00 AM"
"Tamil Nadu",MADURAI,MELUR,VANNAMPARAIPATTI,343,343,"7/22/2019 12:00:00 AM"
"Tamil Nadu",MADURAI,MELUR,VELLALUR,1607,1607,"7/22/2019 12:00:00 AM"
"Tamil Nadu",MADURAI,MELUR,VELLARIPATTI,490,490,"7/22/2019 12:00:00 AM"
"Tamil Nadu",MADURAI,MELUR,VEPPADAPPU,712,712,"7/22/2019 12:00:00 AM"
"Tamil Nadu",MADURAI,SEDAPATTI,ATHANKARAIPATTI,403,403,"7/22/2019 12:00:00 AM"
"Tamil Nadu",MADURAI,SEDAPATTI,ATHIKARIPATTI,685,685,"7/22/2019 12:00:00 AM"
"Tamil Nadu",MADURAI,SEDAPATTI,ATHIPATTI,800,800,"7/22/2019 12:00:00 AM"
"Tamil Nadu",MADURAI,SEDAPATTI,CHINNAKATTALAI,878,878,"7/22/2019 12:00:00 AM"
"Tamil Nadu",MADURAI,SEDAPATTI,"E. KOTTAIPATTY",731,731,"7/22/2019 12:00:00 AM"
"Tamil Nadu",MADURAI,SEDAPATTI,KALAPPANPATTI,786,786,"7/22/2019 12:00:00 AM"
"Tamil Nadu",MADURAI,SEDAPATTI,KETHUVARPATTI,261,261,"7/22/2019 12:00:00 AM"
"Tamil Nadu",MADURAI,SEDAPATTI,KUDICHERI,1841,1841,"7/22/2019 12:00:00 AM"
"Tamil Nadu",MADURAI,SEDAPATTI,KUDIPATTY,553,553,"7/22/2019 12:00:00 AM"
"Tamil Nadu",MADURAI,SEDAPATTI,KUPPALNATHAM,716,716,"7/22/2019 12:00:00 AM"
"Tamil Nadu",MADURAI,SEDAPATTI,MALLAPURAM,2149,2149,"7/22/2019 12:00:00 AM"
"Tamil Nadu",MADURAI,SEDAPATTI,MELATHIRUMANICKAM,579,579,"7/22/2019 12:00:00 AM"
"Tamil Nadu",MADURAI,SEDAPATTI,MUTHUNAGAIAPURAM,317,317,"7/22/2019 12:00:00 AM"
"Tamil Nadu",MADURAI,SEDAPATTI,PALAIYUR,637,637,"7/22/2019 12:00:00 AM"
"Tamil Nadu",MADURAI,SEDAPATTI,PAPPINAICKANPATTY,743,743,"7/22/2019 12:00:00 AM"
"Tamil Nadu",MADURAI,SEDAPATTI,PERAIYAMPATTY,559,559,"7/22/2019 12:00:00 AM"
"Tamil Nadu",MADURAI,SEDAPATTI,PERIAKATTALAI,444,444,"7/22/2019 12:00:00 AM"
"Tamil Nadu",MADURAI,SEDAPATTI,PERUNGAMANALLUR,741,741,"7/22/2019 12:00:00 AM"
"Tamil Nadu",MADURAI,SEDAPATTI,POOSALPURAM,397,397,"7/22/2019 12:00:00 AM"
"Tamil Nadu",MADURAI,SEDAPATTI,SAPTOOR,1641,1641,"7/22/2019 12:00:00 AM"
"Tamil Nadu",MADURAI,SEDAPATTI,SEDAPATTY,401,401,"7/22/2019 12:00:00 AM"
"Tamil Nadu",MADURAI,SEDAPATTI,SEELNAICKANPATTY,1040,1040,"7/22/2019 12:00:00 AM"
"Tamil Nadu",MADURAI,SEDAPATTI,SEMBARANI,235,235,"7/22/2019 12:00:00 AM"
"Tamil Nadu",MADURAI,SEDAPATTI,SOOLAPURAM,1037,1037,"7/22/2019 12:00:00 AM"
"Tamil Nadu",MADURAI,SEDAPATTI,THADAIYAMPATTY,1084,1084,"7/22/2019 12:00:00 AM"
"Tamil Nadu",MADURAI,SEDAPATTI,THIRUMANICKAM,989,989,"7/22/2019 12:00:00 AM"
"Tamil Nadu",MADURAI,SEDAPATTI,THULLUKUTTINAICKANUR,2369,2369,"7/22/2019 12:00:00 AM"
"Tamil Nadu",MADURAI,SEDAPATTI,UTHAPPURAM,1069,1069,"7/22/2019 12:00:00 AM"
"Tamil Nadu",MADURAI,SEDAPATTI,VANDAPULI,679,679,"7/22/2019 12:00:00 AM"
"Tamil Nadu",MADURAI,SEDAPATTI,VANDARI,1386,1386,"7/22/2019 12:00:00 AM"
"Tamil Nadu",MADURAI,SEDAPATTI,VEPPAMPATTY,243,243,"7/22/2019 12:00:00 AM"
"Tamil Nadu",MADURAI,T.KALLUPATTI,"A. THOTTIAPATTY",370,370,"7/22/2019 12:00:00 AM"
"Tamil Nadu",MADURAI,T.KALLUPATTI,APPAKKARAI,241,241,"7/22/2019 12:00:00 AM"
"Tamil Nadu",MADURAI,T.KALLUPATTI,CHINNAMUTHULINGAPURAM,158,158,"7/22/2019 12:00:00 AM"
"Tamil Nadu",MADURAI,T.KALLUPATTI,CHINNAPOOLAMPATTY,393,393,"7/22/2019 12:00:00 AM"
"Tamil Nadu",MADURAI,T.KALLUPATTI,CHINNAREDDYPATTY,327,327,"7/22/2019 12:00:00 AM"
"Tamil Nadu",MADURAI,T.KALLUPATTI,CHITTULOTTI,479,479,"7/22/2019 12:00:00 AM"
"Tamil Nadu",MADURAI,T.KALLUPATTI,GOUNDANPATTY,423,423,"7/22/2019 12:00:00 AM"
"Tamil Nadu",MADURAI,T.KALLUPATTI,KADANERI,489,489,"7/22/2019 12:00:00 AM"
"Tamil Nadu",MADURAI,T.KALLUPATTI,KARAIKENI,367,367,"7/22/2019 12:00:00 AM"
"Tamil Nadu",MADURAI,T.KALLUPATTI,KENJAMPATTY,702,702,"7/22/2019 12:00:00 AM"
"Tamil Nadu",MADURAI,T.KALLUPATTI,KILANGKULAM,402,402,"7/22/2019 12:00:00 AM"
"Tamil Nadu",MADURAI,T.KALLUPATTI,KOOVALAPPURAM,352,352,"7/22/2019 12:00:00 AM"
"Tamil Nadu",MADURAI,T.KALLUPATTI,KUMARAPURAM,183,183,"7/22/2019 12:00:00 AM"
"Tamil Nadu",MADURAI,T.KALLUPATTI,"L. KOTTANIPATTY",336,336,"7/22/2019 12:00:00 AM"
"Tamil Nadu",MADURAI,T.KALLUPATTI,LAKSHIMIPURAM,294,294,"7/22/2019 12:00:00 AM"
"Tamil Nadu",MADURAI,T.KALLUPATTI,"M. SENKULAM",454,454,"7/22/2019 12:00:00 AM"
"Tamil Nadu",MADURAI,T.KALLUPATTI,"M. SUBBULAPURAM",386,386,"7/22/2019 12:00:00 AM"
"Tamil Nadu",MADURAI,T.KALLUPATTI,MATHAKKARAI,433,433,"7/22/2019 12:00:00 AM"
"Tamil Nadu",MADURAI,T.KALLUPATTI,MOTHAGAM,347,347,"7/22/2019 12:00:00 AM"
"Tamil Nadu",MADURAI,T.KALLUPATTI,NALLAMARAM,509,509,"7/22/2019 12:00:00 AM"
"Tamil Nadu",MADURAI,T.KALLUPATTI,"P. AMMAPATTY",410,410,"7/22/2019 12:00:00 AM"
"Tamil Nadu",MADURAI,T.KALLUPATTI,"P. MUTHULINGAPURAM",413,413,"7/22/2019 12:00:00 AM"
"Tamil Nadu",MADURAI,T.KALLUPATTI,PAPPAIYAPURAM,354,354,"7/22/2019 12:00:00 AM"
"Tamil Nadu",MADURAI,T.KALLUPATTI,PAPPUREDDYPATTY,267,267,"7/22/2019 12:00:00 AM"
"Tamil Nadu",MADURAI,T.KALLUPATTI,PULIAMPATTY,381,381,"7/22/2019 12:00:00 AM"
"Tamil Nadu",MADURAI,T.KALLUPATTI,PULKKATTAI,666,666,"7/22/2019 12:00:00 AM"
"Tamil Nadu",MADURAI,T.KALLUPATTI,RAVUTHTHANPATTY,323,323,"7/22/2019 12:00:00 AM"
"Tamil Nadu",MADURAI,T.KALLUPATTI,RENGAPALAYAM,335,335,"7/22/2019 12:00:00 AM"
"Tamil Nadu",MADURAI,T.KALLUPATTI,"S. ARASAPATTY",485,485,"7/22/2019 12:00:00 AM"
"Tamil Nadu",MADURAI,T.KALLUPATTI,"S. KEELAPATTY",562,562,"7/22/2019 12:00:00 AM"
"Tamil Nadu",MADURAI,T.KALLUPATTI,"S. MELAPPATTY",868,868,"7/22/2019 12:00:00 AM"
"Tamil Nadu",MADURAI,T.KALLUPATTI,"S. PARAIPATTY",394,394,"7/22/2019 12:00:00 AM"
"Tamil Nadu",MADURAI,T.KALLUPATTI,SALISANTHAI,216,216,"7/22/2019 12:00:00 AM"
"Tamil Nadu",MADURAI,T.KALLUPATTI,SANTHAIYUR,929,929,"7/22/2019 12:00:00 AM"
"Tamil Nadu",MADURAI,T.KALLUPATTI,SILAIMALAIPATTY,342,342,"7/22/2019 12:00:00 AM"
"Tamil Nadu",MADURAI,T.KALLUPATTI,SILARPATTY,797,797,"7/22/2019 12:00:00 AM"
"Tamil Nadu",MADURAI,T.KALLUPATTI,"T. KUNNATHUR",818,818,"7/22/2019 12:00:00 AM"
"Tamil Nadu",MADURAI,T.KALLUPATTI,THUMMANAICKANPATTY,851,851,"7/22/2019 12:00:00 AM"
"Tamil Nadu",MADURAI,T.KALLUPATTI,"V. AMMAPATTY",595,595,"7/22/2019 12:00:00 AM"
"Tamil Nadu",MADURAI,T.KALLUPATTI,VAIYUIR,379,379,"7/22/2019 12:00:00 AM"
"Tamil Nadu",MADURAI,T.KALLUPATTI,VANNIVELAMPATTY,1213,1213,"7/22/2019 12:00:00 AM"
"Tamil Nadu",MADURAI,T.KALLUPATTI,VELAMPUR,1385,1385,"7/22/2019 12:00:00 AM"
"Tamil Nadu",MADURAI,TIRUMANGALAM,"A. KOKKULAM",2089,2089,"7/22/2019 12:00:00 AM"
"Tamil Nadu",MADURAI,TIRUMANGALAM,ALAMPATTY,540,540,"7/22/2019 12:00:00 AM"
"Tamil Nadu",MADURAI,TIRUMANGALAM,ALAPPULACHERI,511,511,"7/22/2019 12:00:00 AM"
"Tamil Nadu",MADURAI,TIRUMANGALAM,AMMAPATTY,482,482,"7/22/2019 12:00:00 AM"
"Tamil Nadu",MADURAI,TIRUMANGALAM,"K. PULIYANGKULAM",905,905,"7/22/2019 12:00:00 AM"
"Tamil Nadu",MADURAI,TIRUMANGALAM,KANDAI,402,402,"7/22/2019 12:00:00 AM"
"Tamil Nadu",MADURAI,TIRUMANGALAM,KANGEYANATHAM,394,394,"7/22/2019 12:00:00 AM"
"Tamil Nadu",MADURAI,TIRUMANGALAM,KAPPALUR,816,816,"7/22/2019 12:00:00 AM"
"Tamil Nadu",MADURAI,TIRUMANGALAM,KARADIGAL,874,874,"7/22/2019 12:00:00 AM"
"Tamil Nadu",MADURAI,TIRUMANGALAM,KARISALPATTY,447,447,"7/22/2019 12:00:00 AM"
"Tamil Nadu",MADURAI,TIRUMANGALAM,KEELAKKOTTAI,373,373,"7/22/2019 12:00:00 AM"
"Tamil Nadu",MADURAI,TIRUMANGALAM,KILAVANERI,580,580,"7/22/2019 12:00:00 AM"
"Tamil Nadu",MADURAI,TIRUMANGALAM,KINNIMANGALAM,1191,1191,"7/22/2019 12:00:00 AM"
"Tamil Nadu",MADURAI,TIRUMANGALAM,MAIKUDI,359,359,"7/22/2019 12:00:00 AM"
"Tamil Nadu",MADURAI,TIRUMANGALAM,MARAVANKULAM,811,811,"7/22/2019 12:00:00 AM"
"Tamil Nadu",MADURAI,TIRUMANGALAM,MATHIPPANUR,614,614,"7/22/2019 12:00:00 AM"
"Tamil Nadu",MADURAI,TIRUMANGALAM,MELAKKOTTAI,784,784,"7/22/2019 12:00:00 AM"
"Tamil Nadu",MADURAI,TIRUMANGALAM,"N. KAMATCHIPURAM",430,430,"7/22/2019 12:00:00 AM"
"Tamil Nadu",MADURAI,TIRUMANGALAM,NADUKOTTAI,300,300,"7/22/2019 12:00:00 AM"
"Tamil Nadu",MADURAI,TIRUMANGALAM,NADUVAKKOTTAI,302,302,"7/22/2019 12:00:00 AM"
"Tamil Nadu",MADURAI,TIRUMANGALAM,PANNIKUNDU,490,490,"7/22/2019 12:00:00 AM"
"Tamil Nadu",MADURAI,TIRUMANGALAM,POKKAMPATTY,263,263,"7/22/2019 12:00:00 AM"
"Tamil Nadu",MADURAI,TIRUMANGALAM,PONNAMANGALAM,677,677,"7/22/2019 12:00:00 AM"
"Tamil Nadu",MADURAI,TIRUMANGALAM,PUNGANKULAM,376,376,"7/22/2019 12:00:00 AM"
"Tamil Nadu",MADURAI,TIRUMANGALAM,RAYAPALAYAM,438,438,"7/22/2019 12:00:00 AM"
"Tamil Nadu",MADURAI,TIRUMANGALAM,SATHANKUDI,1444,1444,"7/22/2019 12:00:00 AM"
"Tamil Nadu",MADURAI,TIRUMANGALAM,SITHTHALAI,215,215,"7/22/2019 12:00:00 AM"
"Tamil Nadu",MADURAI,TIRUMANGALAM,SORIKKAMPATTY,472,472,"7/22/2019 12:00:00 AM"
"Tamil Nadu",MADURAI,TIRUMANGALAM,SOUDARPATTY,980,980,"7/22/2019 12:00:00 AM"
"Tamil Nadu",MADURAI,TIRUMANGALAM,"T. PUDUPATTY",341,341,"7/22/2019 12:00:00 AM"
"Tamil Nadu",MADURAI,TIRUMANGALAM,THANGALACHERI,601,601,"7/22/2019 12:00:00 AM"
"Tamil Nadu",MADURAI,TIRUMANGALAM,THIRALI,891,891,"7/22/2019 12:00:00 AM"
"Tamil Nadu",MADURAI,TIRUMANGALAM,UCHAPPATTY,1153,1153,"7/22/2019 12:00:00 AM"
"Tamil Nadu",MADURAI,TIRUMANGALAM,URAPPANUR,1441,1441,"7/22/2019 12:00:00 AM"
"Tamil Nadu",MADURAI,TIRUMANGALAM,VADAKARAI,1064,1064,"7/22/2019 12:00:00 AM"
"Tamil Nadu",MADURAI,TIRUMANGALAM,VAGAIKULAM,699,699,"7/22/2019 12:00:00 AM"
"Tamil Nadu",MADURAI,TIRUMANGALAM,VIDATHAKULAM,532,532,"7/22/2019 12:00:00 AM"
"Tamil Nadu",MADURAI,TIRUMANGALAM,VIRUSANGKULAM,389,389,"7/22/2019 12:00:00 AM"
"Tamil Nadu",MADURAI,TIRUPPARANGUNRAM,CHAKKILIPATTI,302,302,"7/22/2019 12:00:00 AM"
"Tamil Nadu",MADURAI,TIRUPPARANGUNRAM,ELIYARPATTHY,371,371,"7/22/2019 12:00:00 AM"
"Tamil Nadu",MADURAI,TIRUPPARANGUNRAM,"ERKUDI ACHAMPATTU",534,534,"7/22/2019 12:00:00 AM"
"Tamil Nadu",MADURAI,TIRUPPARANGUNRAM,KARADIPATTY,2349,2349,"7/22/2019 12:00:00 AM"
"Tamil Nadu",MADURAI,TIRUPPARANGUNRAM,KEELAKUILKUDI,824,824,"7/22/2019 12:00:00 AM"
"Tamil Nadu",MADURAI,TIRUPPARANGUNRAM,KEELAMATHUR,427,427,"7/22/2019 12:00:00 AM"
"Tamil Nadu",MADURAI,TIRUPPARANGUNRAM,KODIMANGALAM,581,581,"7/22/2019 12:00:00 AM"
"Tamil Nadu",MADURAI,TIRUPPARANGUNRAM,KOMBADI,361,361,"7/22/2019 12:00:00 AM"
"Tamil Nadu",MADURAI,TIRUPPARANGUNRAM,KUSAVANKUNDU,512,512,"7/22/2019 12:00:00 AM"
"Tamil Nadu",MADURAI,TIRUPPARANGUNRAM,MELAKUILKUDI,455,455,"7/22/2019 12:00:00 AM"
"Tamil Nadu",MADURAI,TIRUPPARANGUNRAM,MELAMATHUR,385,385,"7/22/2019 12:00:00 AM"
"Tamil Nadu",MADURAI,TIRUPPARANGUNRAM,NAGAMALAIPUDUKOTTAI,3215,3215,"7/22/2019 12:00:00 AM"
"Tamil Nadu",MADURAI,TIRUPPARANGUNRAM,NALLUR,411,411,"7/22/2019 12:00:00 AM"
"Tamil Nadu",MADURAI,TIRUPPARANGUNRAM,NEDUMADURAI,660,660,"7/22/2019 12:00:00 AM"
"Tamil Nadu",MADURAI,TIRUPPARANGUNRAM,"NILAIYUR 1 BIT",2591,2591,"7/22/2019 12:00:00 AM"
"Tamil Nadu",MADURAI,TIRUPPARANGUNRAM,"NILAIYUR 2 BIT",448,448,"7/22/2019 12:00:00 AM"
"Tamil Nadu",MADURAI,TIRUPPARANGUNRAM,OTTHAIALANKULAM,375,375,"7/22/2019 12:00:00 AM"
"Tamil Nadu",MADURAI,TIRUPPARANGUNRAM,PANAIYUR,882,882,"7/22/2019 12:00:00 AM"
"Tamil Nadu",MADURAI,TIRUPPARANGUNRAM,PARAPATHY,666,666,"7/22/2019 12:00:00 AM"
"Tamil Nadu",MADURAI,TIRUPPARANGUNRAM,"PERIA  ALANKULAM",688,688,"7/22/2019 12:00:00 AM"
"Tamil Nadu",MADURAI,TIRUPPARANGUNRAM,PERUNKUDI,1235,1235,"7/22/2019 12:00:00 AM"
"Tamil Nadu",MADURAI,TIRUPPARANGUNRAM,"POUDUKKULAM 1BIT",269,269,"7/22/2019 12:00:00 AM"
"Tamil Nadu",MADURAI,TIRUPPARANGUNRAM,PULIANKULAM,715,715,"7/22/2019 12:00:00 AM"
"Tamil Nadu",MADURAI,TIRUPPARANGUNRAM,SAMANATTHAM,798,798,"7/22/2019 12:00:00 AM"
"Tamil Nadu",MADURAI,TIRUPPARANGUNRAM,SILAIMAN,966,966,"7/22/2019 12:00:00 AM"
"Tamil Nadu",MADURAI,TIRUPPARANGUNRAM,SOLANKURUNI,825,825,"7/22/2019 12:00:00 AM"
"Tamil Nadu",MADURAI,TIRUPPARANGUNRAM,SOORAKULAM,427,427,"7/22/2019 12:00:00 AM"
"Tamil Nadu",MADURAI,TIRUPPARANGUNRAM,THANAKKANKULAM,1651,1651,"7/22/2019 12:00:00 AM"
"Tamil Nadu",MADURAI,TIRUPPARANGUNRAM,THOPPUR,422,422,"7/22/2019 12:00:00 AM"
"Tamil Nadu",MADURAI,TIRUPPARANGUNRAM,THUVARIMAN,1039,1039,"7/22/2019 12:00:00 AM"
"Tamil Nadu",MADURAI,TIRUPPARANGUNRAM,VADAPALANCHI,1643,1643,"7/22/2019 12:00:00 AM"
"Tamil Nadu",MADURAI,TIRUPPARANGUNRAM,VADIVELKARAI,518,518,"7/22/2019 12:00:00 AM"
"Tamil Nadu",MADURAI,TIRUPPARANGUNRAM,VALAIPATTI,461,461,"7/22/2019 12:00:00 AM"
"Tamil Nadu",MADURAI,TIRUPPARANGUNRAM,VALAIYANGKULAM,1478,1478,"7/22/2019 12:00:00 AM"
"Tamil Nadu",MADURAI,TIRUPPARANGUNRAM,VEDARPULIYANKULAM,409,409,"7/22/2019 12:00:00 AM"
"Tamil Nadu",MADURAI,TIRUPPARANGUNRAM,VILACHERI,1761,1761,"7/22/2019 12:00:00 AM"
"Tamil Nadu",MADURAI,TIRUPPARANGUNRAM,VIRAGANUR,1226,1226,"7/22/2019 12:00:00 AM"
"Tamil Nadu",MADURAI,TIRUPPARANGUNRAM,VIRATHANUR,669,669,"7/22/2019 12:00:00 AM"
"Tamil Nadu",MADURAI,USILAMPATTI,ALLIGUNDAM,830,830,"7/22/2019 12:00:00 AM"
"Tamil Nadu",MADURAI,USILAMPATTI,DODDAPPANAICKANUR,2583,2583,"7/22/2019 12:00:00 AM"
"Tamil Nadu",MADURAI,USILAMPATTI,ERUMARAPATTI,513,513,"7/22/2019 12:00:00 AM"
"Tamil Nadu",MADURAI,USILAMPATTI,JOTHINAICKANUR,733,733,"7/22/2019 12:00:00 AM"
"Tamil Nadu",MADURAI,USILAMPATTI,KALLUTHU,1349,1349,"7/22/2019 12:00:00 AM"
"Tamil Nadu",MADURAI,USILAMPATTI,KEERIPATTI,462,462,"7/22/2019 12:00:00 AM"
"Tamil Nadu",MADURAI,USILAMPATTI,MANUTHU,412,412,"7/22/2019 12:00:00 AM"
"Tamil Nadu",MADURAI,USILAMPATTI,MEIKKILARPATTI,1123,1123,"7/22/2019 12:00:00 AM"
"Tamil Nadu",MADURAI,USILAMPATTI,NADUPATTI,1029,1029,"7/22/2019 12:00:00 AM"
"Tamil Nadu",MADURAI,USILAMPATTI,NAKKALAPATTI,2147,2147,"7/22/2019 12:00:00 AM"
"Tamil Nadu",MADURAI,USILAMPATTI,NALLUTHEVANPATTI,491,491,"7/22/2019 12:00:00 AM"
"Tamil Nadu",MADURAI,USILAMPATTI,POTHAMPATTI,2037,2037,"7/22/2019 12:00:00 AM"
"Tamil Nadu",MADURAI,USILAMPATTI,RAJAKKAPATTI,510,510,"7/22/2019 12:00:00 AM"
"Tamil Nadu",MADURAI,USILAMPATTI,SEEMANOTHU,1206,1206,"7/22/2019 12:00:00 AM"
"Tamil Nadu",MADURAI,USILAMPATTI,THIMMANATHAM,1281,1281,"7/22/2019 12:00:00 AM"
"Tamil Nadu",MADURAI,USILAMPATTI,UTHAPPANAYAKANUR,1510,1510,"7/22/2019 12:00:00 AM"
"Tamil Nadu",MADURAI,USILAMPATTI,VADUKAPATTI,866,866,"7/22/2019 12:00:00 AM"
"Tamil Nadu",MADURAI,USILAMPATTI,VAGURANI,1052,1052,"7/22/2019 12:00:00 AM"
"Tamil Nadu",MADURAI,VADIPATTI,ANDIPATTI,479,479,"7/22/2019 12:00:00 AM"
"Tamil Nadu",MADURAI,VADIPATTI,"C. PUDUR",418,418,"7/22/2019 12:00:00 AM"
"Tamil Nadu",MADURAI,VADIPATTI,IRUMPADI,1409,1409,"7/22/2019 12:00:00 AM"
"Tamil Nadu",MADURAI,VADIPATTI,KACHAIKATTI,1035,1035,"7/22/2019 12:00:00 AM"
"Tamil Nadu",MADURAI,VADIPATTI,KADUPATTI,717,717,"7/22/2019 12:00:00 AM"
"Tamil Nadu",MADURAI,VADIPATTI,KARUPPATTI,805,805,"7/22/2019 12:00:00 AM"
"Tamil Nadu",MADURAI,VADIPATTI,KATTAKULAM,330,330,"7/22/2019 12:00:00 AM"
"Tamil Nadu",MADURAI,VADIPATTI,KURUVITHTHURAI,780,780,"7/22/2019 12:00:00 AM"
"Tamil Nadu",MADURAI,VADIPATTI,KUTLADAMPATTI,729,729,"7/22/2019 12:00:00 AM"
"Tamil Nadu",MADURAI,VADIPATTI,MANNADIMANGALAM,1575,1575,"7/22/2019 12:00:00 AM"
"Tamil Nadu",MADURAI,VADIPATTI,MELAKKAL,1447,1447,"7/22/2019 12:00:00 AM"
"Tamil Nadu",MADURAI,VADIPATTI,MULLIPALLAM,878,878,"7/22/2019 12:00:00 AM"
"Tamil Nadu",MADURAI,VADIPATTI,NACHIKULAM,1088,1088,"7/22/2019 12:00:00 AM"
"Tamil Nadu",MADURAI,VADIPATTI,NEDUNKULAM,282,282,"7/22/2019 12:00:00 AM"
"Tamil Nadu",MADURAI,VADIPATTI,POOCHAMPATTI,509,509,"7/22/2019 12:00:00 AM"
"Tamil Nadu",MADURAI,VADIPATTI,RAMAIYANPATTY,239,239,"7/22/2019 12:00:00 AM"
"Tamil Nadu",MADURAI,VADIPATTI,RISABAM,318,318,"7/22/2019 12:00:00 AM"
"Tamil Nadu",MADURAI,VADIPATTI,SEMMINIPATTY,526,526,"7/22/2019 12:00:00 AM"
"Tamil Nadu",MADURAI,VADIPATTI,SITHALANKUDI,402,402,"7/22/2019 12:00:00 AM"
"Tamil Nadu",MADURAI,VADIPATTI,"T.V. NALLUR",432,432,"7/22/2019 12:00:00 AM"
"Tamil Nadu",MADURAI,VADIPATTI,THENKARAI,900,900,"7/22/2019 12:00:00 AM"
"Tamil Nadu",MADURAI,VADIPATTI,THIRUVEDAGAM,868,868,"7/22/2019 12:00:00 AM"
"Tamil Nadu",MADURAI,VADIPATTI,VIRALIPATTI,306,306,"7/22/2019 12:00:00 AM"
