StateName,DistrictName,BlockName,GramPanchayatName,IHHLTotalAsPerDetails,IHHLTotalAch,Date
Telangana,"JOGULAMBA GADWAL",AIZA,BHOOMPUR,594,580,"7/22/2019 12:00:00 AM"
Telangana,"JOGULAMBA GADWAL",AIZA,BINGIDODDY,708,708,"7/22/2019 12:00:00 AM"
Telangana,"JOGULAMBA GADWAL",AIZA,CHINNATANDRAPAD,858,820,"7/22/2019 12:00:00 AM"
Telangana,"JOGULAMBA GADWAL",AIZA,EKLASPUR,640,579,"7/22/2019 12:00:00 AM"
Telangana,"JOGULAMBA GADWAL",AIZA,GUDIDODI,151,151,"7/22/2019 12:00:00 AM"
Telangana,"JOGULAMBA GADWAL",AIZA,JADADODDY,281,234,"7/22/2019 12:00:00 AM"
Telangana,"JOGULAMBA GADWAL",AIZA,KESAVARAM,603,589,"7/22/2019 12:00:00 AM"
Telangana,"JOGULAMBA GADWAL",AIZA,KUTKANOOR,398,328,"7/22/2019 12:00:00 AM"
Telangana,"JOGULAMBA GADWAL",AIZA,MEDIKONDA,703,600,"7/22/2019 12:00:00 AM"
Telangana,"JOGULAMBA GADWAL",AIZA,PULLIKAL,1195,1017,"7/22/2019 12:00:00 AM"
Telangana,"JOGULAMBA GADWAL",AIZA,SINDHANOOR,412,409,"7/22/2019 12:00:00 AM"
Telangana,"JOGULAMBA GADWAL",AIZA,THATHINONIDODDY,235,233,"7/22/2019 12:00:00 AM"
Telangana,"JOGULAMBA GADWAL",AIZA,THOOMKUNTA,422,364,"7/22/2019 12:00:00 AM"
Telangana,"JOGULAMBA GADWAL",AIZA,UPPAL,819,679,"7/22/2019 12:00:00 AM"
Telangana,"JOGULAMBA GADWAL",AIZA,UTHANUR,636,389,"7/22/2019 12:00:00 AM"
Telangana,"JOGULAMBA GADWAL",AIZA,VENISOMPUR,127,125,"7/22/2019 12:00:00 AM"
Telangana,"JOGULAMBA GADWAL",AIZA,VENKATAPURAM,361,298,"7/22/2019 12:00:00 AM"
Telangana,"JOGULAMBA GADWAL",AIZA,YAPADINNE,425,386,"7/22/2019 12:00:00 AM"
Telangana,"JOGULAMBA GADWAL",ALAMPUR,ALAMPUR,1346,1346,"7/22/2019 12:00:00 AM"
Telangana,"JOGULAMBA GADWAL",ALAMPUR,BASWAPUR,212,212,"7/22/2019 12:00:00 AM"
Telangana,"JOGULAMBA GADWAL",ALAMPUR,BHAIRAPUR,225,225,"7/22/2019 12:00:00 AM"
Telangana,"JOGULAMBA GADWAL",ALAMPUR,BHEEMAWARAM,399,388,"7/22/2019 12:00:00 AM"
Telangana,"JOGULAMBA GADWAL",ALAMPUR,BUKKAPUR,505,499,"7/22/2019 12:00:00 AM"
Telangana,"JOGULAMBA GADWAL",ALAMPUR,GUNDIMALLA,357,357,"7/22/2019 12:00:00 AM"
Telangana,"JOGULAMBA GADWAL",ALAMPUR,IMAMPUR,140,127,"7/22/2019 12:00:00 AM"
Telangana,"JOGULAMBA GADWAL",ALAMPUR,KASIPUR,387,374,"7/22/2019 12:00:00 AM"
Telangana,"JOGULAMBA GADWAL",ALAMPUR,KONAIR,287,267,"7/22/2019 12:00:00 AM"
Telangana,"JOGULAMBA GADWAL",ALAMPUR,KYATHUR,610,602,"7/22/2019 12:00:00 AM"
Telangana,"JOGULAMBA GADWAL",ALAMPUR,LINGANVAI,806,806,"7/22/2019 12:00:00 AM"
Telangana,"JOGULAMBA GADWAL",ALAMPUR,MARAMUNAGALA,336,336,"7/22/2019 12:00:00 AM"
Telangana,"JOGULAMBA GADWAL",ALAMPUR,PRAGATOOR,173,173,"7/22/2019 12:00:00 AM"
Telangana,"JOGULAMBA GADWAL",ALAMPUR,RYALAMPAD,205,198,"7/22/2019 12:00:00 AM"
Telangana,"JOGULAMBA GADWAL",ALAMPUR,SERIPALLY,203,203,"7/22/2019 12:00:00 AM"
Telangana,"JOGULAMBA GADWAL",ALAMPUR,SINGAVARAM,426,413,"7/22/2019 12:00:00 AM"
Telangana,"JOGULAMBA GADWAL",ALAMPUR,SULTANPUR,389,360,"7/22/2019 12:00:00 AM"
Telangana,"JOGULAMBA GADWAL",ALAMPUR,THAKKASILA,482,475,"7/22/2019 12:00:00 AM"
Telangana,"JOGULAMBA GADWAL",ALAMPUR,UTKOOR,222,209,"7/22/2019 12:00:00 AM"
Telangana,"JOGULAMBA GADWAL",DHARUR,ALWALPAD,429,402,"7/22/2019 12:00:00 AM"
Telangana,"JOGULAMBA GADWAL",DHARUR,BUREDDYPALLY,227,220,"7/22/2019 12:00:00 AM"
Telangana,"JOGULAMBA GADWAL",DHARUR,CHINTAREVULA,735,514,"7/22/2019 12:00:00 AM"
Telangana,"JOGULAMBA GADWAL",DHARUR,DHARUR,914,762,"7/22/2019 12:00:00 AM"
Telangana,"JOGULAMBA GADWAL",DHARUR,DYAGADODDY,255,216,"7/22/2019 12:00:00 AM"
Telangana,"JOGULAMBA GADWAL",DHARUR,EARLABANDA,162,162,"7/22/2019 12:00:00 AM"
Telangana,"JOGULAMBA GADWAL",DHARUR,GANGANPALLY,256,256,"7/22/2019 12:00:00 AM"
Telangana,"JOGULAMBA GADWAL",DHARUR,GARLAPAD,285,285,"7/22/2019 12:00:00 AM"
Telangana,"JOGULAMBA GADWAL",DHARUR,GUDDAMDODDI,520,519,"7/22/2019 12:00:00 AM"
Telangana,"JOGULAMBA GADWAL",DHARUR,GUVVALADINNE,501,454,"7/22/2019 12:00:00 AM"
Telangana,"JOGULAMBA GADWAL",DHARUR,IRKICHED,367,310,"7/22/2019 12:00:00 AM"
Telangana,"JOGULAMBA GADWAL",DHARUR,JAMPALLY,204,204,"7/22/2019 12:00:00 AM"
Telangana,"JOGULAMBA GADWAL",DHARUR,KONDAPUR,424,284,"7/22/2019 12:00:00 AM"
Telangana,"JOGULAMBA GADWAL",DHARUR,KOTHAPALEM,386,368,"7/22/2019 12:00:00 AM"
Telangana,"JOGULAMBA GADWAL",DHARUR,KOTHULAGIDDA,239,239,"7/22/2019 12:00:00 AM"
Telangana,"JOGULAMBA GADWAL",DHARUR,MANAPUR,537,501,"7/22/2019 12:00:00 AM"
Telangana,"JOGULAMBA GADWAL",DHARUR,MARLABEEDU,397,397,"7/22/2019 12:00:00 AM"
Telangana,"JOGULAMBA GADWAL",DHARUR,NEELAHALLI,404,404,"7/22/2019 12:00:00 AM"
Telangana,"JOGULAMBA GADWAL",DHARUR,NETTEMPAD,360,360,"7/22/2019 12:00:00 AM"
Telangana,"JOGULAMBA GADWAL",DHARUR,PAGUNTA,268,245,"7/22/2019 12:00:00 AM"
Telangana,"JOGULAMBA GADWAL",DHARUR,PALCHERLA,605,488,"7/22/2019 12:00:00 AM"
Telangana,"JOGULAMBA GADWAL",DHARUR,PATHAPALEM,598,448,"7/22/2019 12:00:00 AM"
Telangana,"JOGULAMBA GADWAL",DHARUR,RYALAMPAD,186,186,"7/22/2019 12:00:00 AM"
Telangana,"JOGULAMBA GADWAL",DHARUR,UMINTHYALA,346,335,"7/22/2019 12:00:00 AM"
Telangana,"JOGULAMBA GADWAL",DHARUR,UPPAIR,466,401,"7/22/2019 12:00:00 AM"
Telangana,"JOGULAMBA GADWAL",DHARUR,VENKATAPUR,144,144,"7/22/2019 12:00:00 AM"
Telangana,"JOGULAMBA GADWAL",GADWAL,ANANTHAPUR,763,763,"7/22/2019 12:00:00 AM"
Telangana,"JOGULAMBA GADWAL",GADWAL,ATMAKUR,340,340,"7/22/2019 12:00:00 AM"
Telangana,"JOGULAMBA GADWAL",GADWAL,BASWACHERU,238,238,"7/22/2019 12:00:00 AM"
Telangana,"JOGULAMBA GADWAL",GADWAL,BEEROLE,324,324,"7/22/2019 12:00:00 AM"
Telangana,"JOGULAMBA GADWAL",GADWAL,CHENGONIPALLY,650,650,"7/22/2019 12:00:00 AM"
Telangana,"JOGULAMBA GADWAL",GADWAL,DOUDERPALLY,77,0,"7/22/2019 12:00:00 AM"
Telangana,"JOGULAMBA GADWAL",GADWAL,GONPAD,366,366,"7/22/2019 12:00:00 AM"
Telangana,"JOGULAMBA GADWAL",GADWAL,GUNTIPALLY,226,226,"7/22/2019 12:00:00 AM"
Telangana,"JOGULAMBA GADWAL",GADWAL,GURRAMGADDA,188,188,"7/22/2019 12:00:00 AM"
Telangana,"JOGULAMBA GADWAL",GADWAL,JAMMICHED,682,682,"7/22/2019 12:00:00 AM"
Telangana,"JOGULAMBA GADWAL",GADWAL,KAKULAVARAM,453,453,"7/22/2019 12:00:00 AM"
Telangana,"JOGULAMBA GADWAL",GADWAL,KONDAPALLY,612,612,"7/22/2019 12:00:00 AM"
Telangana,"JOGULAMBA GADWAL",GADWAL,KOTHAPALLY,476,476,"7/22/2019 12:00:00 AM"
Telangana,"JOGULAMBA GADWAL",GADWAL,LATHIPUR,308,308,"7/22/2019 12:00:00 AM"
Telangana,"JOGULAMBA GADWAL",GADWAL,MADANPALLY,414,414,"7/22/2019 12:00:00 AM"
Telangana,"JOGULAMBA GADWAL",GADWAL,MAILACHERUVU,363,362,"7/22/2019 12:00:00 AM"
Telangana,"JOGULAMBA GADWAL",GADWAL,MOLKALPALLY,438,438,"7/22/2019 12:00:00 AM"
Telangana,"JOGULAMBA GADWAL",GADWAL,PARMALA,409,409,"7/22/2019 12:00:00 AM"
Telangana,"JOGULAMBA GADWAL",GADWAL,PUDUR,681,681,"7/22/2019 12:00:00 AM"
Telangana,"JOGULAMBA GADWAL",GADWAL,REKULAPALLY,202,202,"7/22/2019 12:00:00 AM"
Telangana,"JOGULAMBA GADWAL",GADWAL,REPALLY,250,250,"7/22/2019 12:00:00 AM"
Telangana,"JOGULAMBA GADWAL",GADWAL,SANGALA,197,197,"7/22/2019 12:00:00 AM"
Telangana,"JOGULAMBA GADWAL",GADWAL,VEERAPUR,349,349,"7/22/2019 12:00:00 AM"
Telangana,"JOGULAMBA GADWAL",GADWAL,YENKAMPET,158,158,"7/22/2019 12:00:00 AM"
Telangana,"JOGULAMBA GADWAL",GHATTU,ALOOR,800,800,"7/22/2019 12:00:00 AM"
Telangana,"JOGULAMBA GADWAL",GHATTU,ARAGIDDA,741,737,"7/22/2019 12:00:00 AM"
Telangana,"JOGULAMBA GADWAL",GHATTU,BALGERA,761,711,"7/22/2019 12:00:00 AM"
Telangana,"JOGULAMBA GADWAL",GHATTU,BOYALAGUDEM,247,232,"7/22/2019 12:00:00 AM"
Telangana,"JOGULAMBA GADWAL",GHATTU,CHAGADONA,468,456,"7/22/2019 12:00:00 AM"
Telangana,"JOGULAMBA GADWAL",GHATTU,CHINTALAKUNTA,409,409,"7/22/2019 12:00:00 AM"
Telangana,"JOGULAMBA GADWAL",GHATTU,ERSANDODDI,244,162,"7/22/2019 12:00:00 AM"
Telangana,"JOGULAMBA GADWAL",GHATTU,GHATTU,187,168,"7/22/2019 12:00:00 AM"
Telangana,"JOGULAMBA GADWAL",GHATTU,GORLAKHANDODDI,379,283,"7/22/2019 12:00:00 AM"
Telangana,"JOGULAMBA GADWAL",GHATTU,INDUVASI,664,662,"7/22/2019 12:00:00 AM"
Telangana,"JOGULAMBA GADWAL",GHATTU,KALOORTHIMMANDODDI,250,164,"7/22/2019 12:00:00 AM"
Telangana,"JOGULAMBA GADWAL",GHATTU,KUCHINERLA,398,396,"7/22/2019 12:00:00 AM"
Telangana,"JOGULAMBA GADWAL",GHATTU,LINGAPOOR,322,195,"7/22/2019 12:00:00 AM"
Telangana,"JOGULAMBA GADWAL",GHATTU,MACHERLA,416,386,"7/22/2019 12:00:00 AM"
Telangana,"JOGULAMBA GADWAL",GHATTU,MALLAMPALLY,207,202,"7/22/2019 12:00:00 AM"
Telangana,"JOGULAMBA GADWAL",GHATTU,MALLAPURAM,323,253,"7/22/2019 12:00:00 AM"
Telangana,"JOGULAMBA GADWAL",GHATTU,MITTADODDI,552,551,"7/22/2019 12:00:00 AM"
Telangana,"JOGULAMBA GADWAL",GHATTU,NANDINNE,532,487,"7/22/2019 12:00:00 AM"
Telangana,"JOGULAMBA GADWAL",GHATTU,PENCHIKALPAHAD,365,352,"7/22/2019 12:00:00 AM"
Telangana,"JOGULAMBA GADWAL",GHATTU,RAYAPURAM,331,321,"7/22/2019 12:00:00 AM"
Telangana,"JOGULAMBA GADWAL",GHATTU,THAPPETLAMORSU,312,311,"7/22/2019 12:00:00 AM"
Telangana,"JOGULAMBA GADWAL",GHATTU,THUMMALAPALLY,365,364,"7/22/2019 12:00:00 AM"
Telangana,"JOGULAMBA GADWAL",GHATTU,THUMMALCHERUVU,369,367,"7/22/2019 12:00:00 AM"
Telangana,"JOGULAMBA GADWAL",GHATTU,YELLAMDODDI,288,288,"7/22/2019 12:00:00 AM"
Telangana,"JOGULAMBA GADWAL",ITIKYAL,BATLADINNE,133,132,"7/22/2019 12:00:00 AM"
Telangana,"JOGULAMBA GADWAL",ITIKYAL,BEECHUPALLY,356,311,"7/22/2019 12:00:00 AM"
Telangana,"JOGULAMBA GADWAL",ITIKYAL,CHAGAPOOR,618,507,"7/22/2019 12:00:00 AM"
Telangana,"JOGULAMBA GADWAL",ITIKYAL,DARMAVARAM,394,359,"7/22/2019 12:00:00 AM"
Telangana,"JOGULAMBA GADWAL",ITIKYAL,GOPALDINNE,287,287,"7/22/2019 12:00:00 AM"
Telangana,"JOGULAMBA GADWAL",ITIKYAL,ITIKYAL,649,636,"7/22/2019 12:00:00 AM"
Telangana,"JOGULAMBA GADWAL",ITIKYAL,KODANDAPURAM,412,410,"7/22/2019 12:00:00 AM"
Telangana,"JOGULAMBA GADWAL",ITIKYAL,KONDAIR,558,558,"7/22/2019 12:00:00 AM"
Telangana,"JOGULAMBA GADWAL",ITIKYAL,MUNAGALA,198,198,"7/22/2019 12:00:00 AM"
Telangana,"JOGULAMBA GADWAL",ITIKYAL,NAKKALAPALLY,112,104,"7/22/2019 12:00:00 AM"
Telangana,"JOGULAMBA GADWAL",ITIKYAL,PEDDADINNE,241,241,"7/22/2019 12:00:00 AM"
Telangana,"JOGULAMBA GADWAL",ITIKYAL,PUTANDODDY,421,421,"7/22/2019 12:00:00 AM"
Telangana,"JOGULAMBA GADWAL",ITIKYAL,"RAJASRI GARLAPAD",287,261,"7/22/2019 12:00:00 AM"
Telangana,"JOGULAMBA GADWAL",ITIKYAL,SASANOOL,258,258,"7/22/2019 12:00:00 AM"
Telangana,"JOGULAMBA GADWAL",ITIKYAL,SATERLA,422,422,"7/22/2019 12:00:00 AM"
Telangana,"JOGULAMBA GADWAL",ITIKYAL,SHABAD,606,556,"7/22/2019 12:00:00 AM"
Telangana,"JOGULAMBA GADWAL",ITIKYAL,SHAIKPALLY,299,299,"7/22/2019 12:00:00 AM"
Telangana,"JOGULAMBA GADWAL",ITIKYAL,THIMMAPUR,526,478,"7/22/2019 12:00:00 AM"
Telangana,"JOGULAMBA GADWAL",ITIKYAL,UDANDAPURAM,299,224,"7/22/2019 12:00:00 AM"
Telangana,"JOGULAMBA GADWAL",ITIKYAL,VALLUR,460,460,"7/22/2019 12:00:00 AM"
Telangana,"JOGULAMBA GADWAL",ITIKYAL,VAVILALA,395,379,"7/22/2019 12:00:00 AM"
Telangana,"JOGULAMBA GADWAL",ITIKYAL,VEMULA,104,104,"7/22/2019 12:00:00 AM"
Telangana,"JOGULAMBA GADWAL",MALDAKAL,ADIVIRAVALCHERU,147,147,"7/22/2019 12:00:00 AM"
Telangana,"JOGULAMBA GADWAL",MALDAKAL,AMARAVAI,795,780,"7/22/2019 12:00:00 AM"
Telangana,"JOGULAMBA GADWAL",MALDAKAL,BIJJAWAR,1341,1260,"7/22/2019 12:00:00 AM"
Telangana,"JOGULAMBA GADWAL",MALDAKAL,KURTHIRAVALCHER,642,619,"7/22/2019 12:00:00 AM"
Telangana,"JOGULAMBA GADWAL",MALDAKAL,MADDELABANDA,624,605,"7/22/2019 12:00:00 AM"
Telangana,"JOGULAMBA GADWAL",MALDAKAL,MALDAKAL,1100,1049,"7/22/2019 12:00:00 AM"
Telangana,"JOGULAMBA GADWAL",MALDAKAL,MALLAMDODDI,314,259,"7/22/2019 12:00:00 AM"
Telangana,"JOGULAMBA GADWAL",MALDAKAL,NAGARDODDI,326,320,"7/22/2019 12:00:00 AM"
Telangana,"JOGULAMBA GADWAL",MALDAKAL,NEELIVANIPALLY,391,332,"7/22/2019 12:00:00 AM"
Telangana,"JOGULAMBA GADWAL",MALDAKAL,NEETHUVANIPALLY,217,214,"7/22/2019 12:00:00 AM"
Telangana,"JOGULAMBA GADWAL",MALDAKAL,PALWAI,651,627,"7/22/2019 12:00:00 AM"
Telangana,"JOGULAMBA GADWAL",MALDAKAL,PEDDADODDI,314,313,"7/22/2019 12:00:00 AM"
Telangana,"JOGULAMBA GADWAL",MALDAKAL,PEDDAPALLY,278,267,"7/22/2019 12:00:00 AM"
Telangana,"JOGULAMBA GADWAL",MALDAKAL,SADDALONPALLY,164,145,"7/22/2019 12:00:00 AM"
Telangana,"JOGULAMBA GADWAL",MALDAKAL,THATIKUNTA,480,422,"7/22/2019 12:00:00 AM"
Telangana,"JOGULAMBA GADWAL",MALDAKAL,ULIGAPALLY,213,177,"7/22/2019 12:00:00 AM"
Telangana,"JOGULAMBA GADWAL",MALDAKAL,VITTALAPURAM,324,315,"7/22/2019 12:00:00 AM"
Telangana,"JOGULAMBA GADWAL",MALDAKAL,YELKUR,797,784,"7/22/2019 12:00:00 AM"
Telangana,"JOGULAMBA GADWAL",MANOPADU,A.BURDIPAD,259,259,"7/22/2019 12:00:00 AM"
Telangana,"JOGULAMBA GADWAL",MANOPADU,AMARAVAI,456,456,"7/22/2019 12:00:00 AM"
Telangana,"JOGULAMBA GADWAL",MANOPADU,BONKUR,587,587,"7/22/2019 12:00:00 AM"
Telangana,"JOGULAMBA GADWAL",MANOPADU,BORAVELLY,699,605,"7/22/2019 12:00:00 AM"
Telangana,"JOGULAMBA GADWAL",MANOPADU,"CHANDRASHEKAR NAGAR",140,134,"7/22/2019 12:00:00 AM"
Telangana,"JOGULAMBA GADWAL",MANOPADU,CHENNIPAD,439,390,"7/22/2019 12:00:00 AM"
Telangana,"JOGULAMBA GADWAL",MANOPADU,"CHINNA AMUDYALA",264,264,"7/22/2019 12:00:00 AM"
Telangana,"JOGULAMBA GADWAL",MANOPADU,"CHINNA POTHULAP",174,174,"7/22/2019 12:00:00 AM"
Telangana,"JOGULAMBA GADWAL",MANOPADU,GOKULAPAD,194,144,"7/22/2019 12:00:00 AM"
Telangana,"JOGULAMBA GADWAL",MANOPADU,ITKYALPADU,200,169,"7/22/2019 12:00:00 AM"
Telangana,"JOGULAMBA GADWAL",MANOPADU,JALLAPUR,638,577,"7/22/2019 12:00:00 AM"
Telangana,"JOGULAMBA GADWAL",MANOPADU,KALGOTLA,426,366,"7/22/2019 12:00:00 AM"
Telangana,"JOGULAMBA GADWAL",MANOPADU,KALKUNTLA,249,249,"7/22/2019 12:00:00 AM"
Telangana,"JOGULAMBA GADWAL",MANOPADU,KANCHUPAD,364,327,"7/22/2019 12:00:00 AM"
Telangana,"JOGULAMBA GADWAL",MANOPADU,KORVIPAD,278,266,"7/22/2019 12:00:00 AM"
Telangana,"JOGULAMBA GADWAL",MANOPADU,MADDUR,416,368,"7/22/2019 12:00:00 AM"
Telangana,"JOGULAMBA GADWAL",MANOPADU,MANOPAD,441,428,"7/22/2019 12:00:00 AM"
Telangana,"JOGULAMBA GADWAL",MANOPADU,MENNIPAD,395,376,"7/22/2019 12:00:00 AM"
Telangana,"JOGULAMBA GADWAL",MANOPADU,NARAYANAPOOR,185,174,"7/22/2019 12:00:00 AM"
Telangana,"JOGULAMBA GADWAL",MANOPADU,PALLEPAD,678,603,"7/22/2019 12:00:00 AM"
Telangana,"JOGULAMBA GADWAL",MANOPADU,"PEDDA AMUDYALAPAD",158,158,"7/22/2019 12:00:00 AM"
Telangana,"JOGULAMBA GADWAL",MANOPADU,PEDDAPOTHULAPAD,251,251,"7/22/2019 12:00:00 AM"
Telangana,"JOGULAMBA GADWAL",MANOPADU,PULLUR,280,222,"7/22/2019 12:00:00 AM"
Telangana,"JOGULAMBA GADWAL",MANOPADU,UNDAVELLY,446,400,"7/22/2019 12:00:00 AM"
Telangana,"JOGULAMBA GADWAL",WADDEPALLE,BUDAMARSU,318,316,"7/22/2019 12:00:00 AM"
Telangana,"JOGULAMBA GADWAL",WADDEPALLE,CHINNADHANWADA,272,272,"7/22/2019 12:00:00 AM"
Telangana,"JOGULAMBA GADWAL",WADDEPALLE,JILLEDDINNE,190,190,"7/22/2019 12:00:00 AM"
Telangana,"JOGULAMBA GADWAL",WADDEPALLE,JULEKAL,577,559,"7/22/2019 12:00:00 AM"
Telangana,"JOGULAMBA GADWAL",WADDEPALLE,KOILDINNE,193,193,"7/22/2019 12:00:00 AM"
Telangana,"JOGULAMBA GADWAL",WADDEPALLE,KONKAL,598,598,"7/22/2019 12:00:00 AM"
Telangana,"JOGULAMBA GADWAL",WADDEPALLE,MANDODDI,383,381,"7/22/2019 12:00:00 AM"
Telangana,"JOGULAMBA GADWAL",WADDEPALLE,MUNDLADINNE,384,384,"7/22/2019 12:00:00 AM"
Telangana,"JOGULAMBA GADWAL",WADDEPALLE,NASANOOR,213,213,"7/22/2019 12:00:00 AM"
Telangana,"JOGULAMBA GADWAL",WADDEPALLE,PACHERLA,419,419,"7/22/2019 12:00:00 AM"
Telangana,"JOGULAMBA GADWAL",WADDEPALLE,PAIPADU,310,310,"7/22/2019 12:00:00 AM"
Telangana,"JOGULAMBA GADWAL",WADDEPALLE,"PEDDA THANDRAPAD",499,499,"7/22/2019 12:00:00 AM"
Telangana,"JOGULAMBA GADWAL",WADDEPALLE,PEDDADHANWADA,296,296,"7/22/2019 12:00:00 AM"
Telangana,"JOGULAMBA GADWAL",WADDEPALLE,RAJOLI,1011,980,"7/22/2019 12:00:00 AM"
Telangana,"JOGULAMBA GADWAL",WADDEPALLE,RAMAPURAM,731,731,"7/22/2019 12:00:00 AM"
Telangana,"JOGULAMBA GADWAL",WADDEPALLE,T.GARLAPADU,171,168,"7/22/2019 12:00:00 AM"
Telangana,"JOGULAMBA GADWAL",WADDEPALLE,TANAGALA,568,533,"7/22/2019 12:00:00 AM"
Telangana,"JOGULAMBA GADWAL",WADDEPALLE,THUMMILLA,345,344,"7/22/2019 12:00:00 AM"
Telangana,"JOGULAMBA GADWAL",WADDEPALLE,WADDEPALLY,838,833,"7/22/2019 12:00:00 AM"
