"Ores & Minerals",Unit,"Quantity - 2015-16","Value - 2015-16","Quantity - 2016-17 (P)","Value - 2016-17 (P)","Note of Quantity - 2015-16","Note of Value - 2015-16","Note of Quantity - 2016-17 (P)","Note of Value - 2016-17 (P)"
"All Minerals",NA,NA,1709463248,NA,2001306842,**,NA,**,NA
"Abrasive (Natural)",tonne,4477,59894,4773,66649,NA,NA,NA,NA
Alabaster,tonne,NA,NA,20,240,---,---,NA,NA
Alumina,tonne,1368526,25895759,1509464,30030430,NA,NA,NA,NA
Andalusite,tonne,NA,NA,150,2063,---,---,NA,NA
"Antimony Ores & Conc.",tonne,264,115561,46,9646,NA,NA,NA,NA
"Arsenic Sulphide (Natural)",tonne,15,98,NA,NA,NA,NA,---,---
Asbestos,tonne,524,23587,102,963,NA,NA,NA,NA
"Ball Clay",tonne,61536,148435,92688,233666,NA,NA,NA,NA
Barytes,tonne,743407,6517075,1067313,7669141,NA,NA,NA,NA
Bauxite,tonne,8914624,19527404,2790675,5105333,NA,NA,NA,NA
Bentonite,tonne,1572469,4814343,1538134,4798150,NA,NA,NA,NA
Borax,tonne,1724,124645,2480,164054,NA,NA,NA,NA
"Building And Monumental Stones Nes",tonne,5133276,8489458,8211193,12089834,NA,NA,NA,NA
Calcite,tonne,25198,177976,26981,202616,NA,NA,NA,NA
Chalk,tonne,481,3818,659,4550,NA,NA,NA,NA
Chromite,tonne,71839,1314085,230531,3657700,NA,NA,NA,NA
"Clay (Others)",tonne,23341,312553,40343,459495,NA,NA,NA,NA
"Coal(Ex Ligbite)",000'tonne,1576,9006274,1772,9669603,NA,NA,NA,NA
CoalLignite,000'tonne,NA,2753,2,251598,++,NA,NA,NA
Coke,tonne,89847,1073159,77642,992815,NA,NA,NA,NA
"Coal Gas",tonne,1,99,NA,95,NA,NA,++,NA
"Cobolt Ores & Conc.",tonne,NA,44,NA,20,++,NA,++,NA
"Copper Ores & Conc.",tonne,11432,712919,22711,1054322,NA,NA,NA,NA
Diamond,NA,NA,1427340191,NA,1627066250,**,NA,**,NA
Diatomite,tonne,30597,328268,38427,362900,NA,NA,NA,NA
Dolomite,tonne,85273,155664,61023,234402,NA,NA,NA,NA
"Earth Clay",tonne,9000,87142,5792,61644,NA,NA,NA,NA
"Emerald (Cut & Uncut)",NA,NA,17879971,NA,20340187,**,NA,**,NA
"Felspar (Natural)",tonne,426172,2232791,481457,2495595,NA,NA,NA,NA
"Felspar (Cut & Uncut)",NA,NA,41189,NA,239664,**,NA,**,NA
"Fire Clay",tonne,887,10775,4324,14883,NA,NA,NA,NA
Flint,tonne,867,7660,652,6619,NA,NA,NA,NA
Fluorspar,tonne,316,11578,608,21579,NA,NA,NA,NA
Garnet(Abrasive),tonne,480408,5950862,387276,4691843,NA,NA,NA,NA
"Garnet( Cut And Uncut)",NA,NA,25405,NA,241716,**,NA,**,NA
Granite,tonne,5674568,92720986,6094341,93368588,NA,NA,NA,NA
Graphite(Natural),tonne,286,17070,402,30315,NA,NA,NA,NA
Gypsum,tonne,110882,291061,194493,523392,NA,NA,NA,NA
"Iron Ore",000'tonne,5441,12639633,30728,102929254,NA,NA,NA,NA
Kaolin,tonne,304702,1105587,232867,1136299,NA,NA,NA,NA
Kieselguhr,tonne,90,1900,39,931,NA,NA,NA,NA
Kyanite,tonne,144,2703,153,3052,NA,NA,NA,NA
"Lead Ores & Conc.",tonne,NA,215,1,33,++,NA,NA,NA
Limestone,tonne,3236010,4694274,4330822,4990065,NA,NA,NA,NA
Magnesite,tonne,6204,124464,8065,135150,NA,NA,NA,NA
"Manganese Ore",tonne,444,18945,244,12377,NA,NA,NA,NA
Marble,tonne,289853,5998393,326977,7048204,NA,NA,NA,NA
Mica,tonne,135805,4229719,135163,4555655,NA,NA,NA,NA
"Mica (Unmanufactured)",tonne,135085,3444188,134423,3744499,NA,NA,NA,NA
"Mica (Worked)",tonne,720,785531,740,811156,NA,NA,NA,NA
"Molybdenum Ores & Conc.",tonne,45,2199,22,1005,NA,NA,NA,NA
"Niobium Or Tantalum Ores & Conc.",tonne,NA,NA,2,7277,---,---,NA,NA
"Natural Gas",tonne,126951,3798603,37072,1521058,NA,NA,NA,NA
"Nickel Ores & Conc.",tonne,125,11510,NA,NA,NA,NA,---,---
Ochre,tonne,3633,75045,3360,78711,NA,NA,NA,NA
"Precious & Semi-Precious Stones (Cut & Uncut)",NA,NA,12590259,NA,11080271,**,NA,**,NA
"Preciuos Metal Ores & Concentrates",Kg,144051,3166,5743,71,NA,NA,NA,NA
"Quartz And Quartzite",tonne,388192,3025919,488800,3579270,NA,NA,NA,NA
"Rock Phosphate",tonne,14242,69097,5915,8615,NA,NA,NA,NA
"Salt ( Other Than Common Salt)",tonne,5926639,6701176,7897937,7450785,NA,NA,NA,NA
"Sand (Excl. Metal Bearing)",tonne,14476,491906,17284,369425,NA,NA,NA,NA
Sandstone,tonne,744657,10161784,710400,9071313,NA,NA,NA,NA
"Silica Sand",tonne,709,6725,1096,8669,NA,NA,NA,NA
Sillimanite,tonne,15078,110847,14064,114678,NA,NA,NA,NA
Slate,tonne,97591,1927313,122097,2343209,NA,NA,NA,NA
Steatite,tonne,187287,2709689,251546,3456143,NA,NA,NA,NA
"Sulphur (Exc. Sublimed Precipited & Colloidal)",tonne,628164,5157081,616472,3469350,NA,NA,NA,NA
"Tin Ores & Conc.",tonne,NA,14,NA,NA,++,NA,---,---
"Titanium Ores & Conc.",tonne,790489,6644935,532204,5716719,NA,NA,NA,NA
"Tungsten Ores & Conc.",tonne,1,390,8,6064,NA,NA,NA,NA
"Vanadium Ores & Conc.",tonne,NA,NA,NA,25,---,---,++,NA
Vermiculite,tonne,528,6402,756,8312,NA,NA,NA,NA
Witherite,tonne,NA,241,NA,216,++,NA,++,NA
Wollastonite,tonne,16616,279263,16700,293524,NA,NA,NA,NA
"Zinc Ores & Conc.",tonne,558,11346,53912,3990176,NA,NA,NA,NA
"Zirconium Ores & Conc.",tonne,4859,241900,1693,95182,NA,NA,NA,NA
"Other Minerals Nes",tonne,1362345,1200053,757361,1663194,NA,NA,NA,NA
