Indicator,"Facility Type","Total No. of Facilities #","Facilities reporting nil performance - Numbers*","Details of Maximum and Minimum Performing facilities - Performance","Details of Maximum and Minimum Performing facilities - Value Reported","Details of Maximum and Minimum Performing facilities - Sub-district","Details of Maximum and Minimum Performing facilities - Facility"
"Deliveries conducted at facility",SDH,1,0,Maximum,203,"Kailashahar Health Sub division","Rajiv Gandhi Memorial SDH"
"Deliveries conducted at facility",SDH,1,0,Minimum,203,"Kailashahar Health Sub division","Rajiv Gandhi Memorial SDH"
"Deliveries conducted at facility",CHC,1,0,Maximum,31,"Kailashahar Health Sub division","Kumarghat Rural Hospital"
"Deliveries conducted at facility",CHC,1,0,Minimum,31,"Kailashahar Health Sub division","Kumarghat Rural Hospital"
"Deliveries conducted at facility",PHC,9,4,Maximum,40,"Kailashahar Health Sub division","Pecharthal PHC"
"Deliveries conducted at facility",PHC,9,4,Minimum,9,"Kailashahar Health Sub division","Kanika Memorial PHC"
"Deliveries conducted at facility",PHC,9,4,Minimum,9,"Kailashahar Health Sub division","Kanchanbari PHC"
"C -Section deliveries at facility",SDH,1,0,Maximum,31,"Kailashahar Health Sub division","Rajiv Gandhi Memorial SDH"
"C -Section deliveries at facility",SDH,1,0,Minimum,31,"Kailashahar Health Sub division","Rajiv Gandhi Memorial SDH"
"IPD Attendance",SDH,1,0,Maximum,1379,"Kailashahar Health Sub division","Rajiv Gandhi Memorial SDH"
"IPD Attendance",SDH,1,0,Minimum,1379,"Kailashahar Health Sub division","Rajiv Gandhi Memorial SDH"
"IPD Attendance",CHC,1,0,Maximum,263,"Kailashahar Health Sub division","Kumarghat Rural Hospital"
"IPD Attendance",CHC,1,0,Minimum,263,"Kailashahar Health Sub division","Kumarghat Rural Hospital"
"IPD Attendance",PHC,9,4,Maximum,241,"Kailashahar Health Sub division","Pecharthal PHC"
"IPD Attendance",PHC,9,4,Minimum,61,"Kailashahar Health Sub division","Kanika Memorial PHC"
"OPD attendance (All)",DH,1,0,Maximum,1230,"Kailashahar Health Sub division","District Hospital of Unakoti District"
"OPD attendance (All)",DH,1,0,Minimum,1230,"Kailashahar Health Sub division","District Hospital of Unakoti District"
"OPD attendance (All)",SDH,1,0,Maximum,4926,"Kailashahar Health Sub division","Rajiv Gandhi Memorial SDH"
"OPD attendance (All)",SDH,1,0,Minimum,4926,"Kailashahar Health Sub division","Rajiv Gandhi Memorial SDH"
"OPD attendance (All)",CHC,1,0,Maximum,1026,"Kailashahar Health Sub division","Kumarghat Rural Hospital"
"OPD attendance (All)",CHC,1,0,Minimum,1026,"Kailashahar Health Sub division","Kumarghat Rural Hospital"
"OPD attendance (All)",PHC,9,2,Maximum,1512,"Kailashahar Health Sub division","Irani PHC"
"OPD attendance (All)",PHC,9,2,Minimum,178,"Kailashahar Health Sub division","Nishi Ranjan Nandita Memorial PHC"
"OPD attendance (All)",SC,74,1,Maximum,292,"Kailashahar Health Sub division","Krishnanagar Sub centre"
"OPD attendance (All)",SC,74,1,Minimum,15,"Kailashahar Health Sub division","Jamtailbari Sub centre"
"Operation major (General and spinal anaesthesia)",SDH,1,0,Maximum,35,"Kailashahar Health Sub division","Rajiv Gandhi Memorial SDH"
"Operation major (General and spinal anaesthesia)",SDH,1,0,Minimum,35,"Kailashahar Health Sub division","Rajiv Gandhi Memorial SDH"
"Operation minor (No or local anaesthesia)",SDH,1,0,Maximum,11,"Kailashahar Health Sub division","Rajiv Gandhi Memorial SDH"
"Operation minor (No or local anaesthesia)",SDH,1,0,Minimum,11,"Kailashahar Health Sub division","Rajiv Gandhi Memorial SDH"
