"City Name","Zone Name","Online Payment of taxes (property / water) [Yes / No]","Online Payment against traffic violations (challans, fines, etc.) [Yes / No]","Online request for Service Connections (gas, water supply) [Yes / No]","Online request for Certificates / Licenses (marriage, driving, birth & death certificates) [Yes / No]","Online display of Tenders (for various works) across various departments/ utilities [Yes / No]","Online Grievance management (tracking of complaints) [Yes / No]","Online buying of Tickets and passes (e.g. public transport, cultural events) [Yes / No]","Online request of Disclosure of documents (e.g. budgets, plans, RTI requests) [Yes / No]"
Agra,Chatta,YES,YES,YES,YES,YES,YES,YES,YES
Agra,Lohamandi,YES,YES,YES,YES,YES,YES,YES,YES
Agra,Hariparvat,YES,YES,YES,YES,YES,YES,YES,YES
Agra,Tajganj,YES,YES,YES,YES,YES,YES,YES,YES
