Indicator,"Facility Type","Total No. of Facilities #","Facilities reporting nil performance - Numbers*","Details of Maximum and Minimum Performing facilities - Performance","Details of Maximum and Minimum Performing facilities - Value Reported","Details of Maximum and Minimum Performing facilities - Sub-district","Details of Maximum and Minimum Performing facilities - Facility"
"Deliveries conducted at facility",DH,1,0,Maximum,111,"Dist Level Facility",Deogarh
"Deliveries conducted at facility",DH,1,0,Minimum,111,"Dist Level Facility",Deogarh
"Deliveries conducted at facility",CHC,4,1,Maximum,51,Riamal,Chhatabar
"Deliveries conducted at facility",CHC,4,1,Minimum,10,Tileibani,Tileibani
"Deliveries conducted at facility",PHC,8,4,Maximum,9,Barkote,Kantapali
"Deliveries conducted at facility",PHC,8,4,Minimum,3,Riamal,Kundheigola
"Deliveries conducted at facility",PHC,8,4,Minimum,3,Tileibani,Kansar
"Deliveries conducted at facility",SC,42,41,Maximum,5,Tileibani,Dudhianali
"Deliveries conducted at facility",SC,42,41,Minimum,5,Tileibani,Dudhianali
"IPD Attendance",DH,1,0,Maximum,936,"Dist Level Facility",Deogarh
"IPD Attendance",DH,1,0,Minimum,936,"Dist Level Facility",Deogarh
"IPD Attendance",CHC,4,0,Maximum,93,Riamal,Chhatabar
"IPD Attendance",CHC,4,0,Minimum,14,Barkote,Bamparda
"IPD Attendance",PHC,8,4,Maximum,9,Barkote,Kantapali
"IPD Attendance",PHC,8,4,Minimum,3,Riamal,Kundheigola
"IPD Attendance",PHC,8,4,Minimum,3,Tileibani,Kansar
"OPD attendance (All)",DH,1,0,Maximum,6310,"Dist Level Facility",Deogarh
"OPD attendance (All)",DH,1,0,Minimum,6310,"Dist Level Facility",Deogarh
"OPD attendance (All)",CHC,4,0,Maximum,2015,Barkote,Barkote
"OPD attendance (All)",CHC,4,0,Minimum,560,Tileibani,Tileibani
"OPD attendance (All)",PHC,8,0,Maximum,1352,Riamal,Budhapal
"OPD attendance (All)",PHC,8,0,Minimum,280,Barkote,Kantapali
"OPD attendance (All)",SC,42,0,Maximum,94,Riamal,Gundiapalli
"OPD attendance (All)",SC,42,0,Minimum,3,Barkote,Barkote
"Operation major (General and spinal anaesthesia)",DH,1,0,Maximum,150,"Dist Level Facility",Deogarh
"Operation major (General and spinal anaesthesia)",DH,1,0,Minimum,150,"Dist Level Facility",Deogarh
"Operation major (General and spinal anaesthesia)",CHC,4,2,Maximum,51,Barkote,Barkote
"Operation major (General and spinal anaesthesia)",CHC,4,2,Minimum,46,Riamal,Chhatabar
"Operation minor (No or local anaesthesia)",DH,1,0,Maximum,16,"Dist Level Facility",Deogarh
"Operation minor (No or local anaesthesia)",DH,1,0,Minimum,16,"Dist Level Facility",Deogarh
"Operation minor (No or local anaesthesia)",CHC,4,0,Maximum,32,Riamal,Chhatabar
"Operation minor (No or local anaesthesia)",CHC,4,0,Minimum,8,Barkote,Bamparda
"Operation minor (No or local anaesthesia)",PHC,8,4,Maximum,60,Riamal,Kundheigola
"Operation minor (No or local anaesthesia)",PHC,8,4,Minimum,5,Barkote,Kantapali
"Operation minor (No or local anaesthesia)",PHC,8,4,Minimum,5,Barkote,Kandhal
