Category,Sub-category,"Type of Pipeline / Owner/Name of Pipeline","Capacity (TMT) - 31.03.2015","Capacity (TMT) - 31.03.2016","Capacity (TMT) - 31.03.2017","Length (KM) - 31.03.2016","Length (KM) - 31.03.2017","Throughput (TMT) - 2015-16","Throughput (TMT) - 2016-17(P)","Utilization (%) - 2015-16","Utilization (%) - 2016-17"
Onshore,IOCL,IOCL,40400,40400,48600,4867,5217,50542,51337,125.104,127.0718
Onshore,IOCL,"Salaya Mathura Pipeline",21000,21000,25000,2226,2576,25142,26124,119.7238,124.4
Onshore,IOCL,"Mundra Panipat Pipeline",8400,8400,8400,1194,1194,8726,8618,103.881,102.5952
Onshore,IOCL,"Paradip Haldia Barauni Pipeline",11000,11000,15200,1447,1447,16674,16595,151.5818,150.8636
Onshore,ONGC,ONGC,23587,23497,24997,691.77,702.87,9525,9676.4,40.3824,41.1814
Onshore,ONGC,"14"" MHN-NGM Trunk pipeline",2265,2265,2265,77,77,2107,2072,93.0243,91.479
Onshore,ONGC,"14"" Kalol-Nawagam-New",3140,3140,3140,62.5,62.5,1037,1029.1,33.0255,32.7739
Onshore,ONGC,"18"" Nawagam-Koyali pipeline",5400,5400,5400,78.4,78.4,2255,2225,41.7593,41.2037
Onshore,ONGC,"14"" Nawagam-Koyali pipeline1",3300,3300,3300,78.4,78.4,1378,1360,41.7576,41.2121
Onshore,ONGC,"16"" CTF, Ankl to Koyali Pipeline2",2199,2199,2199,94.77,94.77,743,854,33.7881,38.8358
Onshore,ONGC,"8"" CTF, Ankl to CPF, Gandhar",394,394,394,44.3,44.3,0,0,0,0
Onshore,ONGC,"12"" CPF, Gandhar to Saraswani 'T' point",1805,1805,1805,56.7,56.7,589,673,32.6316,37.2853
Onshore,ONGC,"10"" Akholjuni to Laxmipura 'T' point",481,481,481,65.5,65.5,124,162.4,25.7796,33.763
Onshore,ONGC,"12"" Lakwa-Moran pipeline",1500,1500,1500,17.5,14.6,303,220.6,20.2,14.7067
Onshore,ONGC,"12"" Lakwa-Moran pipeline (New)3",0,0,1500,0,17.5,0,110.9,NA,NA
Onshore,ONGC,"14"" Geleki-Jorhat pipeline",1500,1500,1500,48.5,48.5,494,471.7,32.9333,31.4467
Onshore,ONGC,"12"" Borholla-Jorhat pipeline",600,600,600,42.8,42.8,146,139,24.3333,23.1667
Onshore,ONGC,"4"" Kesnapalli-WGGS to Tatipaka Refinery",83,83,83,13.5,13.5,21,16,25.3012,19.2771
Onshore,ONGC,"4"" GMAA EPT to S. Yanam unloading terminal (1st Line)4",90,NA,NA,3.5,NA,NA,NA,NA,NA
Onshore,ONGC,"4"" GMAA EPT to S. Yanam unloading terminal (New line)",90,90,90,3.5,3.5,83,63,92.2222,70
Onshore,ONGC,"8"" Narimanam to CPCL refinery pipeline",740,740,740,4.9,4.9,245,279.7,33.1081,37.7973
Onshore,"OIL:Duliajan-Digboi-Barauni-Bongaigaon Pipeline","OIL:Duliajan-Digboi-Barauni-Bongaigaon Pipeline",8400,8400,8400,1192.6,1192.6,6426,6604,76.5,78.619
Onshore,"HMEL:Mundra - Bhatinda Pipeline","HMEL:Mundra - Bhatinda Pipeline",9000,9000,9000,1017,1017,10710,10520,119,116.8889
Onshore,"BORL: Vadinar - Bina Pipeline","BORL: Vadinar - Bina Pipeline",6000,6000,6000,937,937,6422,6377,107.0333,106.2833
Onshore,"Cairn: Mangala- Bhogat Pipeline","Cairn: Mangala- Bhogat Pipeline",8714,8714,8714,660,660,8700,8100,99.8393,92.9539
Onshore,"Total Onshore Crude Pipeline","Total Onshore Crude Pipeline",96101,96011,105711,9365.37,9726.47,92325,92614.4,96.0708,96.4623
Offshore,ONGC,ONGC,45134,45134,45134,488,488,13067,12884,28.9516,28.5461
Offshore,ONGC,"Mumbai High - Uran Trunk Pipeline",15634,15634,15634,204,204,8829,9322,56.4731,59.6265
Offshore,ONGC,"Heera-Uran Trunk Pipeline",11500,11500,11500,81,81,4238,3552,36.8522,30.887
Offshore,ONGC,"Bombay-Uran Trunk 30"" Pipeline",18000,18000,18000,203,203,0,10,0,0.0556
Offshore,"Total Offshore Crude Pipeline","Total Offshore Crude Pipeline",45134,45134,45134,488,488,13067,12884,28.9516,28.5461
"Total Crude pipeline","Total Crude pipeline","Total Crude pipeline",141235,141145,150845,9853.37,10214.47,105392,105498.4,74.6217,74.7447
