StateName,DistrictName,BlockName,GramPanchayatName,IHHLTotalAsPerDetails,IHHLTotalAch,Date
"West Bengal",BIRBHUM,BOLPUR-SRINIKETAN,BAHIRI-PANCHSHOWA,5363,5363,"7/22/2019 12:00:00 AM"
"West Bengal",BIRBHUM,BOLPUR-SRINIKETAN,KANKALITALA,5337,5337,"7/22/2019 12:00:00 AM"
"West Bengal",BIRBHUM,BOLPUR-SRINIKETAN,KASBA,5844,5844,"7/22/2019 12:00:00 AM"
"West Bengal",BIRBHUM,BOLPUR-SRINIKETAN,RAIPUR-SUPUR,10007,10007,"7/22/2019 12:00:00 AM"
"West Bengal",BIRBHUM,BOLPUR-SRINIKETAN,RUPPUR,7092,7092,"7/22/2019 12:00:00 AM"
"West Bengal",BIRBHUM,BOLPUR-SRINIKETAN,SARPALEHANA-ALBANDHA,3082,3082,"7/22/2019 12:00:00 AM"
"West Bengal",BIRBHUM,BOLPUR-SRINIKETAN,SATTORE,4212,4212,"7/22/2019 12:00:00 AM"
"West Bengal",BIRBHUM,BOLPUR-SRINIKETAN,SIAN-MULUK,8077,8077,"7/22/2019 12:00:00 AM"
"West Bengal",BIRBHUM,BOLPUR-SRINIKETAN,SINGHEE,5564,5564,"7/22/2019 12:00:00 AM"
"West Bengal",BIRBHUM,DUBRAJPUR,BALIJURI,2822,2822,"7/22/2019 12:00:00 AM"
"West Bengal",BIRBHUM,DUBRAJPUR,CHINPAI,3923,3923,"7/22/2019 12:00:00 AM"
"West Bengal",BIRBHUM,DUBRAJPUR,GOHALIARA,2566,2566,"7/22/2019 12:00:00 AM"
"West Bengal",BIRBHUM,DUBRAJPUR,HETAMPUR,2006,2006,"7/22/2019 12:00:00 AM"
"West Bengal",BIRBHUM,DUBRAJPUR,JASHPUR,2319,2319,"7/22/2019 12:00:00 AM"
"West Bengal",BIRBHUM,DUBRAJPUR,LAXMI-NARAYANPUR,3780,3780,"7/22/2019 12:00:00 AM"
"West Bengal",BIRBHUM,DUBRAJPUR,LOBA,4826,4826,"7/22/2019 12:00:00 AM"
"West Bengal",BIRBHUM,DUBRAJPUR,PADUMA,2420,2420,"7/22/2019 12:00:00 AM"
"West Bengal",BIRBHUM,DUBRAJPUR,PARULIA,2382,2382,"7/22/2019 12:00:00 AM"
"West Bengal",BIRBHUM,DUBRAJPUR,SAHAPUR,2598,2598,"7/22/2019 12:00:00 AM"
"West Bengal",BIRBHUM,ILLAMBAZAR,BATIKAR,2211,2211,"7/22/2019 12:00:00 AM"
"West Bengal",BIRBHUM,ILLAMBAZAR,BELATI,798,798,"7/22/2019 12:00:00 AM"
"West Bengal",BIRBHUM,ILLAMBAZAR,DHARAMPUR,2478,2478,"7/22/2019 12:00:00 AM"
"West Bengal",BIRBHUM,ILLAMBAZAR,GHURISHA,3247,3247,"7/22/2019 12:00:00 AM"
"West Bengal",BIRBHUM,ILLAMBAZAR,ILLAMBAZAR,4190,4190,"7/22/2019 12:00:00 AM"
"West Bengal",BIRBHUM,ILLAMBAZAR,JOYDEV-KENDULI,2844,2844,"7/22/2019 12:00:00 AM"
"West Bengal",BIRBHUM,ILLAMBAZAR,MONGOLDIHI,3151,3151,"7/22/2019 12:00:00 AM"
"West Bengal",BIRBHUM,ILLAMBAZAR,NANASOLE,2638,2638,"7/22/2019 12:00:00 AM"
"West Bengal",BIRBHUM,ILLAMBAZAR,SIRSHA,2102,2102,"7/22/2019 12:00:00 AM"
"West Bengal",BIRBHUM,KHOYRASOL,BABUIJORE,3373,3373,"7/22/2019 12:00:00 AM"
"West Bengal",BIRBHUM,KHOYRASOL,BARRAH,3008,3008,"7/22/2019 12:00:00 AM"
"West Bengal",BIRBHUM,KHOYRASOL,HAZRATPUR,3170,3170,"7/22/2019 12:00:00 AM"
"West Bengal",BIRBHUM,KHOYRASOL,KENDGORE,2732,2732,"7/22/2019 12:00:00 AM"
"West Bengal",BIRBHUM,KHOYRASOL,KHOYRASOLE,2026,2026,"7/22/2019 12:00:00 AM"
"West Bengal",BIRBHUM,KHOYRASOL,LOKEPUR,2962,2962,"7/22/2019 12:00:00 AM"
"West Bengal",BIRBHUM,KHOYRASOL,NAKRAKONDA,2022,2022,"7/22/2019 12:00:00 AM"
"West Bengal",BIRBHUM,KHOYRASOL,PANCHRA,2871,2871,"7/22/2019 12:00:00 AM"
"West Bengal",BIRBHUM,KHOYRASOL,PARSUNDI,3244,3244,"7/22/2019 12:00:00 AM"
"West Bengal",BIRBHUM,KHOYRASOL,RUPUSPUR,2281,2281,"7/22/2019 12:00:00 AM"
"West Bengal",BIRBHUM,LABPUR,BIPRATIKURI,4302,4302,"7/22/2019 12:00:00 AM"
"West Bengal",BIRBHUM,LABPUR,CHAUHATTA-MAHODARI-I,4836,4836,"7/22/2019 12:00:00 AM"
"West Bengal",BIRBHUM,LABPUR,CHAUHATTA-MAHODARI-II,2596,2596,"7/22/2019 12:00:00 AM"
"West Bengal",BIRBHUM,LABPUR,DWARAKA,5394,5394,"7/22/2019 12:00:00 AM"
"West Bengal",BIRBHUM,LABPUR,HATIA,4752,4752,"7/22/2019 12:00:00 AM"
"West Bengal",BIRBHUM,LABPUR,INDUS,3378,3378,"7/22/2019 12:00:00 AM"
"West Bengal",BIRBHUM,LABPUR,JAMNA,3417,3417,"7/22/2019 12:00:00 AM"
"West Bengal",BIRBHUM,LABPUR,KURUNNAHAR,4251,4251,"7/22/2019 12:00:00 AM"
"West Bengal",BIRBHUM,LABPUR,LABPUR-I,5209,5209,"7/22/2019 12:00:00 AM"
"West Bengal",BIRBHUM,LABPUR,LABPUR-II,3238,3238,"7/22/2019 12:00:00 AM"
"West Bengal",BIRBHUM,LABPUR,THIBA,3343,3343,"7/22/2019 12:00:00 AM"
"West Bengal",BIRBHUM,MAYURESWAR-I,BAJITPUR,2906,2906,"7/22/2019 12:00:00 AM"
"West Bengal",BIRBHUM,MAYURESWAR-I,BARATURIGRAM,4024,4024,"7/22/2019 12:00:00 AM"
"West Bengal",BIRBHUM,MAYURESWAR-I,DABUK,3586,3586,"7/22/2019 12:00:00 AM"
"West Bengal",BIRBHUM,MAYURESWAR-I,DAKSHINGRAM,3252,3252,"7/22/2019 12:00:00 AM"
"West Bengal",BIRBHUM,MAYURESWAR-I,JHIKODDA,5440,5440,"7/22/2019 12:00:00 AM"
"West Bengal",BIRBHUM,MAYURESWAR-I,KANACHI,4262,4262,"7/22/2019 12:00:00 AM"
"West Bengal",BIRBHUM,MAYURESWAR-I,MOLLARPUR-I,2828,2828,"7/22/2019 12:00:00 AM"
"West Bengal",BIRBHUM,MAYURESWAR-I,MOLLARPUR-II,3726,3726,"7/22/2019 12:00:00 AM"
"West Bengal",BIRBHUM,MAYURESWAR-I,TALOWAN,3853,3853,"7/22/2019 12:00:00 AM"
"West Bengal",BIRBHUM,MAYURESWAR-II,DASPALSA,7085,7085,"7/22/2019 12:00:00 AM"
"West Bengal",BIRBHUM,MAYURESWAR-II,DHEKA,3739,3739,"7/22/2019 12:00:00 AM"
"West Bengal",BIRBHUM,MAYURESWAR-II,KALESWAR,4050,4050,"7/22/2019 12:00:00 AM"
"West Bengal",BIRBHUM,MAYURESWAR-II,KUNDOLA,4808,4808,"7/22/2019 12:00:00 AM"
"West Bengal",BIRBHUM,MAYURESWAR-II,MAYURESWAR,4783,4783,"7/22/2019 12:00:00 AM"
"West Bengal",BIRBHUM,MAYURESWAR-II,SATPALSA,4740,4740,"7/22/2019 12:00:00 AM"
"West Bengal",BIRBHUM,MAYURESWAR-II,ULKUNDA,3522,3522,"7/22/2019 12:00:00 AM"
"West Bengal",BIRBHUM,"MOHAMMAD BAZAR",ANGARGARIA,3010,3010,"7/22/2019 12:00:00 AM"
"West Bengal",BIRBHUM,"MOHAMMAD BAZAR",BHARKATA,2901,2901,"7/22/2019 12:00:00 AM"
"West Bengal",BIRBHUM,"MOHAMMAD BAZAR",BHUTURA,2519,2519,"7/22/2019 12:00:00 AM"
"West Bengal",BIRBHUM,"MOHAMMAD BAZAR",CHARICHA,2403,2403,"7/22/2019 12:00:00 AM"
"West Bengal",BIRBHUM,"MOHAMMAD BAZAR",DEUCHA,2457,2457,"7/22/2019 12:00:00 AM"
"West Bengal",BIRBHUM,"MOHAMMAD BAZAR",GONPUR,2173,2173,"7/22/2019 12:00:00 AM"
"West Bengal",BIRBHUM,"MOHAMMAD BAZAR",HINGLOW,4116,4116,"7/22/2019 12:00:00 AM"
"West Bengal",BIRBHUM,"MOHAMMAD BAZAR",KAPISTA,2083,2083,"7/22/2019 12:00:00 AM"
"West Bengal",BIRBHUM,"MOHAMMAD BAZAR",MAHAMADBAZAR,4029,4029,"7/22/2019 12:00:00 AM"
"West Bengal",BIRBHUM,"MOHAMMAD BAZAR",PURANAGRAM,5707,5707,"7/22/2019 12:00:00 AM"
"West Bengal",BIRBHUM,"MOHAMMAD BAZAR",RAMPUR,1784,1784,"7/22/2019 12:00:00 AM"
"West Bengal",BIRBHUM,"MOHAMMAD BAZAR",SEKEDDA,4231,4231,"7/22/2019 12:00:00 AM"
"West Bengal",BIRBHUM,MURARAI-I,CHATRA,3544,3544,"7/22/2019 12:00:00 AM"
"West Bengal",BIRBHUM,MURARAI-I,DUMURGRAM,4240,4240,"7/22/2019 12:00:00 AM"
"West Bengal",BIRBHUM,MURARAI-I,GORSHA,3050,3050,"7/22/2019 12:00:00 AM"
"West Bengal",BIRBHUM,MURARAI-I,MAHURAPUR,6325,6325,"7/22/2019 12:00:00 AM"
"West Bengal",BIRBHUM,MURARAI-I,MURARAI,7863,7863,"7/22/2019 12:00:00 AM"
"West Bengal",BIRBHUM,MURARAI-I,PALSA,5124,5124,"7/22/2019 12:00:00 AM"
"West Bengal",BIRBHUM,MURARAI-I,RAJGRAM,7776,7776,"7/22/2019 12:00:00 AM"
"West Bengal",BIRBHUM,MURARAI-II,AMDOLE,4809,4809,"7/22/2019 12:00:00 AM"
"West Bengal",BIRBHUM,MURARAI-II,JAJIGRAM,4903,4903,"7/22/2019 12:00:00 AM"
"West Bengal",BIRBHUM,MURARAI-II,KUSHMORE-I,3264,3264,"7/22/2019 12:00:00 AM"
"West Bengal",BIRBHUM,MURARAI-II,KUSHMORE-II,3469,3469,"7/22/2019 12:00:00 AM"
"West Bengal",BIRBHUM,MURARAI-II,MITRAPUR,6445,6445,"7/22/2019 12:00:00 AM"
"West Bengal",BIRBHUM,MURARAI-II,NANDIGRAM,4831,4831,"7/22/2019 12:00:00 AM"
"West Bengal",BIRBHUM,MURARAI-II,PAIKAR-I,3792,3792,"7/22/2019 12:00:00 AM"
"West Bengal",BIRBHUM,MURARAI-II,PAIKAR-II,3313,3313,"7/22/2019 12:00:00 AM"
"West Bengal",BIRBHUM,MURARAI-II,RUDRANAGAR,5485,5485,"7/22/2019 12:00:00 AM"
"West Bengal",BIRBHUM,NALHATI-I,BANIOR,5086,5086,"7/22/2019 12:00:00 AM"
"West Bengal",BIRBHUM,NALHATI-I,BARLA,5105,5105,"7/22/2019 12:00:00 AM"
"West Bengal",BIRBHUM,NALHATI-I,BAUTIA,5357,5357,"7/22/2019 12:00:00 AM"
"West Bengal",BIRBHUM,NALHATI-I,HARIDASPUR,5397,5397,"7/22/2019 12:00:00 AM"
"West Bengal",BIRBHUM,NALHATI-I,KAITHA-I,4886,4886,"7/22/2019 12:00:00 AM"
"West Bengal",BIRBHUM,NALHATI-I,KAITHA-II,3836,3836,"7/22/2019 12:00:00 AM"
"West Bengal",BIRBHUM,NALHATI-I,KALITHA,6016,6016,"7/22/2019 12:00:00 AM"
"West Bengal",BIRBHUM,NALHATI-I,KURUMGRAM,6885,6885,"7/22/2019 12:00:00 AM"
"West Bengal",BIRBHUM,NALHATI-I,PAIKPARA,5557,5557,"7/22/2019 12:00:00 AM"
"West Bengal",BIRBHUM,NALHATI-II,BARA-I,5397,5397,"7/22/2019 12:00:00 AM"
"West Bengal",BIRBHUM,NALHATI-II,BARA-II,4579,4579,"7/22/2019 12:00:00 AM"
"West Bengal",BIRBHUM,NALHATI-II,BHADRAPUR-I,3387,3387,"7/22/2019 12:00:00 AM"
"West Bengal",BIRBHUM,NALHATI-II,BHADRAPUR-II,4480,4480,"7/22/2019 12:00:00 AM"
"West Bengal",BIRBHUM,NALHATI-II,NOAPARA,5475,5475,"7/22/2019 12:00:00 AM"
"West Bengal",BIRBHUM,NALHATI-II,SHITALGRAM,6257,6257,"7/22/2019 12:00:00 AM"
"West Bengal",BIRBHUM,NANOOR,BARASAOTA,4702,4702,"7/22/2019 12:00:00 AM"
"West Bengal",BIRBHUM,NANOOR,CHANDIDASNANOOR,4931,4931,"7/22/2019 12:00:00 AM"
"West Bengal",BIRBHUM,NANOOR,CHARKALGRAM,3901,3901,"7/22/2019 12:00:00 AM"
"West Bengal",BIRBHUM,NANOOR,DASKALGRAM-KAREYA-I,3191,3191,"7/22/2019 12:00:00 AM"
"West Bengal",BIRBHUM,NANOOR,DASKALGRAM-KAREYA-II,3314,3314,"7/22/2019 12:00:00 AM"
"West Bengal",BIRBHUM,NANOOR,JALUNDI,4473,4473,"7/22/2019 12:00:00 AM"
"West Bengal",BIRBHUM,NANOOR,KIRNAHAR-I,4318,4318,"7/22/2019 12:00:00 AM"
"West Bengal",BIRBHUM,NANOOR,KIRNAHAR-II,3435,3435,"7/22/2019 12:00:00 AM"
"West Bengal",BIRBHUM,NANOOR,NAWANAGAR-KADDA,6772,6772,"7/22/2019 12:00:00 AM"
"West Bengal",BIRBHUM,NANOOR,THUPSARA,6559,6559,"7/22/2019 12:00:00 AM"
"West Bengal",BIRBHUM,NANOOR,UCHKARAN,4571,4571,"7/22/2019 12:00:00 AM"
"West Bengal",BIRBHUM,RAJNAGAR,BHABANIPUR,1953,1953,"7/22/2019 12:00:00 AM"
"West Bengal",BIRBHUM,RAJNAGAR,CHANDRAPUR,2760,2760,"7/22/2019 12:00:00 AM"
"West Bengal",BIRBHUM,RAJNAGAR,GANGMURI-JOYPUR,3162,3162,"7/22/2019 12:00:00 AM"
"West Bengal",BIRBHUM,RAJNAGAR,RAJNAGAR,4183,4183,"7/22/2019 12:00:00 AM"
"West Bengal",BIRBHUM,RAJNAGAR,TANTIPARA,4098,4098,"7/22/2019 12:00:00 AM"
"West Bengal",BIRBHUM,RAMPURHAT-I,AYAS,7112,7112,"7/22/2019 12:00:00 AM"
"West Bengal",BIRBHUM,RAMPURHAT-I,BARSHAL,4707,4707,"7/22/2019 12:00:00 AM"
"West Bengal",BIRBHUM,RAMPURHAT-I,BONHAT,4637,4637,"7/22/2019 12:00:00 AM"
"West Bengal",BIRBHUM,RAMPURHAT-I,DAKHALBATI,3057,3057,"7/22/2019 12:00:00 AM"
"West Bengal",BIRBHUM,RAMPURHAT-I,KASTHOGORA,3626,3626,"7/22/2019 12:00:00 AM"
"West Bengal",BIRBHUM,RAMPURHAT-I,KHARUN,2951,2951,"7/22/2019 12:00:00 AM"
"West Bengal",BIRBHUM,RAMPURHAT-I,KUSUMBA,5476,5476,"7/22/2019 12:00:00 AM"
"West Bengal",BIRBHUM,RAMPURHAT-I,MASHRA,3144,3144,"7/22/2019 12:00:00 AM"
"West Bengal",BIRBHUM,RAMPURHAT-I,NARAYANPUR,2588,2588,"7/22/2019 12:00:00 AM"
"West Bengal",BIRBHUM,RAMPURHAT-II,BISHNUPUR,6683,6683,"7/22/2019 12:00:00 AM"
"West Bengal",BIRBHUM,RAMPURHAT-II,BUDHIGRAM,6392,6392,"7/22/2019 12:00:00 AM"
"West Bengal",BIRBHUM,RAMPURHAT-II,DUNIGRAM,6108,6108,"7/22/2019 12:00:00 AM"
"West Bengal",BIRBHUM,RAMPURHAT-II,HANSAN-I,3686,3686,"7/22/2019 12:00:00 AM"
"West Bengal",BIRBHUM,RAMPURHAT-II,HANSAN-II,4008,4008,"7/22/2019 12:00:00 AM"
"West Bengal",BIRBHUM,RAMPURHAT-II,KALUHA,6968,6968,"7/22/2019 12:00:00 AM"
"West Bengal",BIRBHUM,RAMPURHAT-II,MARGRAM-I,5001,5001,"7/22/2019 12:00:00 AM"
"West Bengal",BIRBHUM,RAMPURHAT-II,MARGRAM-II,4687,4687,"7/22/2019 12:00:00 AM"
"West Bengal",BIRBHUM,RAMPURHAT-II,SAHAPUR,4896,4896,"7/22/2019 12:00:00 AM"
"West Bengal",BIRBHUM,SAINTHIA,AHMEDPUR,5891,5891,"7/22/2019 12:00:00 AM"
"West Bengal",BIRBHUM,SAINTHIA,AMARPUR,2964,2964,"7/22/2019 12:00:00 AM"
"West Bengal",BIRBHUM,SAINTHIA,BANAGRAM,3207,3207,"7/22/2019 12:00:00 AM"
"West Bengal",BIRBHUM,SAINTHIA,BHROMORKOL,2955,2955,"7/22/2019 12:00:00 AM"
"West Bengal",BIRBHUM,SAINTHIA,DERIAPUR,2006,2006,"7/22/2019 12:00:00 AM"
"West Bengal",BIRBHUM,SAINTHIA,FULUR,6321,6321,"7/22/2019 12:00:00 AM"
"West Bengal",BIRBHUM,SAINTHIA,HATORA,3097,3097,"7/22/2019 12:00:00 AM"
"West Bengal",BIRBHUM,SAINTHIA,HORISARA,2693,2693,"7/22/2019 12:00:00 AM"
"West Bengal",BIRBHUM,SAINTHIA,MATHPALSA,4207,4207,"7/22/2019 12:00:00 AM"
"West Bengal",BIRBHUM,SAINTHIA,PANRUI,2737,2737,"7/22/2019 12:00:00 AM"
"West Bengal",BIRBHUM,SAINTHIA,SANGRA,3192,3192,"7/22/2019 12:00:00 AM"
"West Bengal",BIRBHUM,SAINTHIA,SREENIDHIPUR,2894,2894,"7/22/2019 12:00:00 AM"
"West Bengal",BIRBHUM,SURI-I,ALUNDA,4014,4014,"7/22/2019 12:00:00 AM"
"West Bengal",BIRBHUM,SURI-I,BHURKUNA,3235,3235,"7/22/2019 12:00:00 AM"
"West Bengal",BIRBHUM,SURI-I,KARIDHYA,3394,3394,"7/22/2019 12:00:00 AM"
"West Bengal",BIRBHUM,SURI-I,KHATANGA,1667,1667,"7/22/2019 12:00:00 AM"
"West Bengal",BIRBHUM,SURI-I,MALLICKPUR,2641,2641,"7/22/2019 12:00:00 AM"
"West Bengal",BIRBHUM,SURI-I,NAGARI,2403,2403,"7/22/2019 12:00:00 AM"
"West Bengal",BIRBHUM,SURI-I,TILPARA,3830,3830,"7/22/2019 12:00:00 AM"
"West Bengal",BIRBHUM,SURI-II,ABINASHPUR,2424,2424,"7/22/2019 12:00:00 AM"
"West Bengal",BIRBHUM,SURI-II,BANSHANKA,3506,3506,"7/22/2019 12:00:00 AM"
"West Bengal",BIRBHUM,SURI-II,DOMDAMA,4369,4369,"7/22/2019 12:00:00 AM"
"West Bengal",BIRBHUM,SURI-II,KENDUA,3656,3656,"7/22/2019 12:00:00 AM"
"West Bengal",BIRBHUM,SURI-II,KOMA,2531,2531,"7/22/2019 12:00:00 AM"
"West Bengal",BIRBHUM,SURI-II,PURANDARPUR,3004,3004,"7/22/2019 12:00:00 AM"
