Mineral,Unit,"Qunatity 2012-13(R)","Note of Qunatity 2012-13(R)","Value 2012-13(R)","Qunatity 2013-14(P)","Note of Qunatity 2013-14(P)","Value 2013-14(P)","Note of Value 2013-14(P)","Qunatity 2014-15(P)","Note of Qunatity 2014-15(P)","Value 2014-15(P)","Note of Value 2014-15(P)"
"All Minerals",NA,NA,**,11008001478,NA,**,12158267979,NA,NA,**,10716891382,NA
"Abrasive (Natural)",Tonne,5850,NA,79649,4312,NA,56954,NA,5775,NA,80934,NA
Alabaster,Tonne,798,NA,16809,877,NA,23975,NA,912,NA,24831,NA
Alumina,Tonne,1113927,NA,24589496,1169523,NA,27542194,NA,790305,NA,21244790,NA
Andalusite,Tonne,13767,NA,262633,8738,NA,187621,NA,9350,NA,201731,NA
"Antimony Ores & Conc.",Tonne,4916,NA,1361490,3464,NA,888707,NA,4711,NA,1004076,NA
"Arsenic Sulphide (Natural)",Tonne,40,NA,2621,8,NA,576,NA,31,NA,2041,NA
Asbestos,Tonne,460445,NA,19004033,285870,NA,13298986,NA,396493,NA,17168105,NA
"Ball Clay",Tonne,156527,NA,1044148,130804,NA,915231,NA,125384,NA,957636,NA
Barytes,Tonne,6174,NA,112461,5687,NA,144378,NA,7484,NA,146614,NA
Bauxite,Tonne,66742,NA,1494744,421612,NA,3662474,NA,1800689,NA,8560886,NA
Bentonite,Tonne,3245,NA,130584,6071,NA,201663,NA,11002,NA,316055,NA
Borax,Tonne,95046,NA,2980032,112775,NA,3551233,NA,146301,NA,4474017,NA
"Building And Monumental Stones Nes",Tonne,1211434,NA,1257775,958905,NA,1147451,NA,766721,NA,1481235,NA
Calcite,Tonne,145966,NA,652237,75863,NA,427442,NA,66450,NA,369703,NA
Chalk,Tonne,6003,NA,36136,17172,NA,108515,NA,6714,NA,47715,NA
Chromite,Tonne,216736,NA,2503421,261336,NA,3099722,NA,242685,NA,2871479,NA
"Clay (Others)",Tonne,14638,NA,194203,17016,NA,256640,NA,14347,NA,231877,NA
"Coal(Ex Ligbite)",000Tonne,145790,NA,868505454,166861,NA,923353960,NA,217785,NA,1045125605,NA
Coal,"Gas Water Etc.(Except Gaseous Hydrocarbons)",0,6,NA,616,NA,0,306,NA,NA,0,1290
Coal:Lignite,000Tonne,NA,++,5407,NA,++,5629,NA,NA,++,11131,NA
"Cobolt Ores & Conc.",Tonne,443,NA,548799,16,NA,17358,NA,272,NA,366480,NA
Coke,Tonne,3077258,NA,56872490,4167206,NA,67948149,NA,3290324,NA,43751479,NA
"Copper Ores & Conc.",Tonne,2296421,NA,309704411,2048240,NA,332267404,NA,1702247,NA,285028249,NA
"Corundum (Natural)",Tonne,NA,++,27,2,NA,96,NA,NA,....,NA,....
Diamond,NA,NA,**,1176986143,NA,**,1349155094,NA,NA,**,1252140913,NA
Diatomite,Tonne,3600,NA,109400,6006,NA,186713,NA,2122,NA,87085,NA
Dolomite,Tonne,1859996,NA,2529066,2511602,NA,3736522,NA,2014760,NA,3146097,NA
"Earth Clay",Tonne,196,NA,10056,586,NA,16862,NA,4617,NA,2979,NA
"Emerald (Cut & Uncut)",NA,NA,**,37464291,NA,**,22328772,NA,NA,**,63062394,NA
"Felspar (Cut & Uncut)",NA,NA,**,3590,NA,**,12453,NA,NA,**,9639,NA
"Felspar (Natural)",Tonne,59956,NA,252204,42448,NA,212990,NA,66749,NA,242645,NA
"Fire Clay",Tonne,1610,NA,22423,146,NA,4473,NA,4,NA,137,NA
Flint,Tonne,28,NA,1086,NA,....,NA,....,141,NA,2257,NA
Fluorspar,Tonne,98043,NA,2241949,117254,NA,2412179,NA,155673,NA,2967071,NA
"Garnet( Cut And Uncut)",NA,NA,**,117864,NA,**,46894,NA,NA,**,68743,NA
Garnet(Abrasive),Tonne,1115,NA,19800,626,NA,10542,NA,647,NA,10297,NA
Granite,Tonne,64739,NA,1860578,71378,NA,2402008,NA,65265,NA,2261146,NA
Graphite(Natural),Tonne,19485,NA,1193505,22916,NA,1235588,NA,28549,NA,1335288,NA
Gypsum,Tonne,3218900,NA,5009977,3231930,NA,5252011,NA,4421048,NA,6747745,NA
"Iron Ore",000Tonne,3056,NA,25778633,369,NA,3423552,NA,12093,NA,65947416,NA
Kaolin,Tonne,87867,NA,1095336,80204,NA,1420872,NA,93322,NA,1662634,NA
Kieselguhr,Tonne,1,NA,55,20,NA,717,NA,20,NA,804,NA
Kyanite,Tonne,622,NA,20765,394,NA,13711,NA,508,NA,17006,NA
"Lead Ores & Conc.",Tonne,56049,NA,7590645,33405,NA,3880931,NA,39441,NA,3846804,NA
Limestone,Tonne,11139331,NA,16672231,13214179,NA,21580366,NA,13834373,NA,21961663,NA
Magnesite,Tonne,79080,NA,2770015,66001,NA,2216905,NA,102077,NA,3327761,NA
"Manganese Ore",Tonne,2326729,NA,25622446,2179334,NA,28306272,NA,3172858,NA,34669120,NA
Marble,Tonne,757793,NA,20313010,757948,NA,22107203,NA,779325,NA,23848492,NA
Mica,Tonne,2285,NA,557140,2049,NA,563468,NA,2240,NA,703135,NA
"Molybdenum Ores & Conc.",Tonne,6863,NA,7522354,5572,NA,5558080,NA,8093,NA,8645534,NA
"Natural Gas",Tonne,13135869,NA,411417374,13020689,NA,516992878,NA,13289155,NA,563400559,NA
"Nickel Ores & Conc.",Tonne,865,NA,808473,1343,NA,1207103,NA,4185,NA,3842487,NA
"Niobium Or Tantalum Ores & Conc.",Tonne,93,NA,182526,61,NA,163720,NA,115,NA,179733,NA
Ochre,Tonne,1223,NA,61759,282,NA,30443,NA,176,NA,25953,NA
"Other Minerals Nes",Tonne,58972,NA,664668,52993,NA,592588,NA,74554,NA,2286200,NA
"Petroleum (Crude)",000Tonne,185534,NA,7856017148,189176,NA,8696574352,NA,187911,NA,7093749532,NA
"Precious & Semi-Precious Stones (Cut & Uncut):",NA,NA,**,8276623,NA,**,12574990,NA,NA,**,14675050,NA
"Preciuos Metal Ores & Concentrates",Kg,840,NA,240260,179,NA,106977,NA,101601,NA,22252599,NA
"Quartz And Quartzite",Tonne,1652,NA,26982,377,NA,10924,NA,215,NA,10404,NA
"Rock Phosphate",Tonne,8160950,NA,73098249,7160798,NA,55177899,NA,8258191,NA,61803761,NA
"Salt ( Other Than Common Salt)",Tonne,40274,NA,98849,35591,NA,120999,NA,41300,NA,114191,NA
"Sand (Excl. Metal Bearing)",Tonne,12785,NA,42747,15688,NA,61432,NA,58237,NA,98399,NA
Sandstone,Tonne,42,NA,643,NA,....,NA,....,NA,++,18,NA
"Silica Sand",Tonne,54380,NA,579833,97526,NA,938842,NA,76529,NA,556336,NA
Sillimanite,Tonne,74,NA,7401,110,NA,14307,NA,116,NA,10754,NA
Slate,Tonne,213,NA,23025,850,NA,23951,NA,472,NA,16814,NA
Steatite,Tonne,2906,NA,121394,2935,NA,129217,NA,3693,NA,130505,NA
"Sulphur (Exc. Sublimed Precipited & Colloidal)",Tonne,1547267,NA,17358957,1289979,NA,11002926,NA,1626419,NA,17446236,NA
"Tin Ores & Conc.",Tonne,21,NA,14088,1,NA,380,NA,NA,....,NA,....
"Titanium Ores & Conc.",Tonne,77819,NA,2842107,91775,NA,1933433,NA,51991,NA,971521,NA
"Tripoli Earth",Tonne,22,NA,1002,19,NA,740,NA,NA,....,NA,....
"Tungsten Ores & Conc.",Tonne,107,NA,28762,17,NA,28235,NA,191,NA,61582,NA
"Vanadium Ores & Conc.",Tonne,1,NA,708,61,NA,8674,NA,19,NA,1378,NA
Vermiculite,Tonne,170,NA,8263,176,NA,8396,NA,391,NA,11486,NA
Witherite,Tonne,50,NA,1364,344,NA,7122,NA,184,NA,5268,NA
Wollastonite,Tonne,1288,NA,24233,1305,NA,30479,NA,1948,NA,32549,NA
"Zinc Ores & Conc.",Tonne,111912,NA,4997266,33113,NA,1562269,NA,35696,NA,1693837,NA
"Zirconium Ores & Conc.",Tonne,34652,NA,3932536,50945,NA,3772861,NA,47656,NA,3331466,NA
