Sl.No.,Subject,"No. of Questions asked","No. of Questions orally answered","No. of Supplementaries asked"
1,"Academic exchange agreement",1,1,2
2,"Accredited institute",1,0,0
3,"Adult education",1,1,3
4,AICTE,2,0,0
5,Appointment/Vacancies/Unemployment,3,0,0
6,"Autonomous colleges",1,1,2
7,Books/textbooks,5,0,0
8,CBSE,3,0,0
9,"Children out of school",2,0,0
10,"Commercialisation of education",1,0,0
11,"Computer education",2,0,0
12,"Construction of classrooms",1,0,0
13,"Corruption/accountability in education",4,0,0
14,Curriculum/syllabus,3,1,4
15,DPEP,2,0,0
16,Dropouts,6,0,0
17,"Education boards",2,0,0
18,"Education for all",1,0,0
19,"Education in boarder areas",1,0,0
20,"Education zone",1,0,0
21,"Education institute",3,0,0
22,"Educationally backward district",1,0,0
23,"Engineering college",4,0,0
24,Examinations,2,0,0
25,"Expenditure on education / Fund for education",2,0,0
26,"Girl education",4,1,3
27,"Government polytechnics",1,0,0
28,"Handicapped students",2,0,0
29,"Higher education",13,0,0
30,"Hotel Management",1,0,0
31,"IIAS, Shimla",2,1,2
32,"IIMs and IITs",20,0,0
33,"Indian Institute of Science Education & Research",1,0,0
34,"Jan Shikshan Sansthan",1,0,0
35,"Jawahar Lal Nehru University/Delhi University",3,0,0
36,Language,2,0,0
37,Literacy,7,0,0
38,"Madarsa/Muslim education",5,0,0
39,"Mahila Samakhya Programme",1,0,0
40,Mid-day-meal,18,0,0
41,"Moral science",1,0,0
42,"National Book Trust",1,0,0
43,"National Knowledge Commission",1,0,0
44,"National Literacy Mission",2,0,0
45,"National Bal Bhavan",1,0,0
46,"Navodaya Vidyalayas / Kendriya Vidyalayas",19,0,0
47,NCERT,4,0,0
48,"Operation Black Board",1,0,0
49,Ph.D./Net,2,0,0
50,"Prarambhik Shiksha Kosh",1,0,0
51,"Primary Education",1,0,0
52,Reservation,5,0,0
53,"Revamp of Education",1,0,0
54,"Right to education",3,0,0
55,"Rural education",1,0,0
56,"Sanskrit Vidyapeeths / Mahavidyalayas",2,0,0
57,"Scheme for education",5,1,5
58,Scholarships,2,1,1
59,Schools,16,0,0
60,"Science and research foundation",1,0,0
61,"Science education/Science task force/Basic science",3,0,0
62,"Secondary education",6,1,7
63,"Security to academics",2,0,0
64,"Skilled resource",1,0,0
65,SSA,16,1,3
66,"Standard of education",2,0,0
67,"Student teacher ratio",3,0,0
68,"Student Union Election",2,0,0
69,"Technical education",6,0,0
70,"Training of Bureaucrats",1,0,0
71,UGC,8,0,0
72,Universities/Colleges,34,0,0
73,"Vision document",2,0,0
74,"Vocational education and training",2,1,2
75,"Workers university",1,0,0
76,"Yoga and physical activities",2,0,0
TOTAL:,TOTAL:,297,11,34
