No.,Parameter,"FY 2008-09","FY 2009-10","FY 2010-11","FY 2011-12","FY 2012-13","FY 2013-14"
1,"Loans Sanctioned",33629,38843,47798,44412,41918,48264
2,"Loans Disbursed",28933,33249,34423,37045,40635,43262
"3 (a)","Gross Loans Outstanding - (A)",34505,39371,46041,54530,65563,75873
"3 (b)","Gross borrowings outstanding - (B)",37202,40509,47192,54655,64485,71482
4,"Guarantee Portfolio - (C)",3540,2274,3056,3241,4744,5367
5,"Letters of Credit Outstanidng (D)",939,843,1206,1829,2982,4060
6,"Total Business (A + B + C+D)",76186,82997,97495,114255,137774,156782
7,"Paid-up Capital (fully subscribed to by Government of India (GOI))",1400,1700,2000,2300,3059,3759
8,"Net Worth",3868,4532,5230,6000,7239,8310
9,"Capital to Risk Assets Ratio (CRAR) (%)",16.77,18.99,17.04,16.44,15.28,14.32
10,"Gross NPL ratio (%)",1.24,1.05,1.04,1.46,2.31,2.1
11,"Number of employees",232,232,244,253,275,295
12,"Business per employee",324,354,395,444,501,531
13,"Return on capital paid to Central Government",0.1,0.1,0.1,0.1,0.1,0.1
14,"Profit Before Tax (PBT)",610,772,868,1013,1089,1020
15,"Profit After Tax (PAT)",477,513,584,675,742,710
