StateName,DistrictName,BlockName,GramPanchayatName,IHHLTotalAsPerDetails,IHHLTotalAch,Date
Telangana,KAMAREDDY,BANSWADA,BANSWADA,2234,2234,"7/22/2019 12:00:00 AM"
Telangana,KAMAREDDY,BANSWADA,BORLAM,663,663,"7/22/2019 12:00:00 AM"
Telangana,KAMAREDDY,BANSWADA,BUDMI,353,353,"7/22/2019 12:00:00 AM"
Telangana,KAMAREDDY,BANSWADA,CH.RAMPUR,178,178,"7/22/2019 12:00:00 AM"
Telangana,KAMAREDDY,BANSWADA,DESAIPET,358,358,"7/22/2019 12:00:00 AM"
Telangana,KAMAREDDY,BANSWADA,HANMAJIPET,497,497,"7/22/2019 12:00:00 AM"
Telangana,KAMAREDDY,BANSWADA,IBRAHIMPET,375,375,"7/22/2019 12:00:00 AM"
Telangana,KAMAREDDY,BANSWADA,KOLLOOR,360,360,"7/22/2019 12:00:00 AM"
Telangana,KAMAREDDY,BANSWADA,KONAPUR,526,526,"7/22/2019 12:00:00 AM"
Telangana,KAMAREDDY,BANSWADA,POCHARAM,198,198,"7/22/2019 12:00:00 AM"
Telangana,KAMAREDDY,BANSWADA,SANGOJIPET,148,148,"7/22/2019 12:00:00 AM"
Telangana,KAMAREDDY,BANSWADA,SOMESHWAR,368,368,"7/22/2019 12:00:00 AM"
Telangana,KAMAREDDY,BANSWADA,TADKOLE,557,557,"7/22/2019 12:00:00 AM"
Telangana,KAMAREDDY,BANSWADA,TIRMALAPUR,253,253,"7/22/2019 12:00:00 AM"
Telangana,KAMAREDDY,BHIKNUR,ANTHAMPALLY,438,438,"7/22/2019 12:00:00 AM"
Telangana,KAMAREDDY,BHIKNUR,BASWAPUR,885,885,"7/22/2019 12:00:00 AM"
Telangana,KAMAREDDY,BHIKNUR,BHAGIRTHPALLY,564,564,"7/22/2019 12:00:00 AM"
Telangana,KAMAREDDY,BHIKNUR,BHIKNOOR,2730,2730,"7/22/2019 12:00:00 AM"
Telangana,KAMAREDDY,BHIKNUR,GURJAKUNTA,219,219,"7/22/2019 12:00:00 AM"
Telangana,KAMAREDDY,BHIKNUR,ISSANNAPALLY,414,414,"7/22/2019 12:00:00 AM"
Telangana,KAMAREDDY,BHIKNUR,JANGAMPALLY,1241,1241,"7/22/2019 12:00:00 AM"
Telangana,KAMAREDDY,BHIKNUR,KACHAPUR,803,803,"7/22/2019 12:00:00 AM"
Telangana,KAMAREDDY,BHIKNUR,KANCHERLA,509,509,"7/22/2019 12:00:00 AM"
Telangana,KAMAREDDY,BHIKNUR,LAXMIDEVANPALLY,276,276,"7/22/2019 12:00:00 AM"
Telangana,KAMAREDDY,BHIKNUR,PEDDAMALLAREDDY,1859,1859,"7/22/2019 12:00:00 AM"
Telangana,KAMAREDDY,BHIKNUR,PONDURTHY,431,431,"7/22/2019 12:00:00 AM"
Telangana,KAMAREDDY,BHIKNUR,RAJAMPET,948,948,"7/22/2019 12:00:00 AM"
Telangana,KAMAREDDY,BHIKNUR,RAMESHWERPALLY,595,595,"7/22/2019 12:00:00 AM"
Telangana,KAMAREDDY,BHIKNUR,RYAGATLAPALLY,359,359,"7/22/2019 12:00:00 AM"
Telangana,KAMAREDDY,BHIKNUR,SHIVAIPALLY,261,261,"7/22/2019 12:00:00 AM"
Telangana,KAMAREDDY,BHIKNUR,TALAMADLA,1002,1002,"7/22/2019 12:00:00 AM"
Telangana,KAMAREDDY,BHIKNUR,THIPPAPUR,1043,1043,"7/22/2019 12:00:00 AM"
Telangana,KAMAREDDY,BICHKUNDA,BANDARENJAL,623,623,"7/22/2019 12:00:00 AM"
Telangana,KAMAREDDY,BICHKUNDA,BEGUMPUR,157,157,"7/22/2019 12:00:00 AM"
Telangana,KAMAREDDY,BICHKUNDA,BICHKUNDA,1897,1897,"7/22/2019 12:00:00 AM"
Telangana,KAMAREDDY,BICHKUNDA,BURUGUPALLI,193,193,"7/22/2019 12:00:00 AM"
Telangana,KAMAREDDY,BICHKUNDA,"DEVADA BIG",229,229,"7/22/2019 12:00:00 AM"
Telangana,KAMAREDDY,BICHKUNDA,"DEVADA SMALL",199,199,"7/22/2019 12:00:00 AM"
Telangana,KAMAREDDY,BICHKUNDA,"DHADGI BIG",394,394,"7/22/2019 12:00:00 AM"
Telangana,KAMAREDDY,BICHKUNDA,"DHADGI SMALL",126,126,"7/22/2019 12:00:00 AM"
Telangana,KAMAREDDY,BICHKUNDA,FATHLAPUR,677,677,"7/22/2019 12:00:00 AM"
Telangana,KAMAREDDY,BICHKUNDA,GOPANPALLI,292,292,"7/22/2019 12:00:00 AM"
Telangana,KAMAREDDY,BICHKUNDA,GUNDEKOLLOOR,139,139,"7/22/2019 12:00:00 AM"
Telangana,KAMAREDDY,BICHKUNDA,GUNDENAMLI,328,328,"7/22/2019 12:00:00 AM"
Telangana,KAMAREDDY,BICHKUNDA,HASGUL,677,677,"7/22/2019 12:00:00 AM"
Telangana,KAMAREDDY,BICHKUNDA,KASLABAD,259,259,"7/22/2019 12:00:00 AM"
Telangana,KAMAREDDY,BICHKUNDA,KHATGAON,264,264,"7/22/2019 12:00:00 AM"
Telangana,KAMAREDDY,BICHKUNDA,"KODAPGAL BIG",559,559,"7/22/2019 12:00:00 AM"
Telangana,KAMAREDDY,BICHKUNDA,MISSIONKALLALI,312,312,"7/22/2019 12:00:00 AM"
Telangana,KAMAREDDY,BICHKUNDA,PULKAL,667,667,"7/22/2019 12:00:00 AM"
Telangana,KAMAREDDY,BICHKUNDA,RAJULA,294,294,"7/22/2019 12:00:00 AM"
Telangana,KAMAREDDY,BICHKUNDA,SHANTAPUR,1179,1179,"7/22/2019 12:00:00 AM"
Telangana,KAMAREDDY,BICHKUNDA,SHETLUR,304,304,"7/22/2019 12:00:00 AM"
Telangana,KAMAREDDY,BICHKUNDA,SIRSAMUNDER,134,134,"7/22/2019 12:00:00 AM"
Telangana,KAMAREDDY,BICHKUNDA,TAKKADPALLI(B),148,148,"7/22/2019 12:00:00 AM"
Telangana,KAMAREDDY,BICHKUNDA,WADLAM,625,625,"7/22/2019 12:00:00 AM"
Telangana,KAMAREDDY,BICHKUNDA,WAJIDNAGAR,596,596,"7/22/2019 12:00:00 AM"
Telangana,KAMAREDDY,BICHKUNDA,YELLARAM,156,156,"7/22/2019 12:00:00 AM"
Telangana,KAMAREDDY,BIRKOOR,ANKOLE,757,757,"7/22/2019 12:00:00 AM"
Telangana,KAMAREDDY,BIRKOOR,ANNARAM,125,125,"7/22/2019 12:00:00 AM"
Telangana,KAMAREDDY,BIRKOOR,BARANGEDGI,464,464,"7/22/2019 12:00:00 AM"
Telangana,KAMAREDDY,BIRKOOR,B'DEVPALLI,459,459,"7/22/2019 12:00:00 AM"
Telangana,KAMAREDDY,BIRKOOR,BHAIRAPUR,564,564,"7/22/2019 12:00:00 AM"
Telangana,KAMAREDDY,BIRKOOR,BIRKUR,1308,1308,"7/22/2019 12:00:00 AM"
Telangana,KAMAREDDY,BIRKOOR,BOPPASPALLI,138,138,"7/22/2019 12:00:00 AM"
Telangana,KAMAREDDY,BIRKOOR,DAMRANCHA,360,360,"7/22/2019 12:00:00 AM"
Telangana,KAMAREDDY,BIRKOOR,DURKI,924,924,"7/22/2019 12:00:00 AM"
Telangana,KAMAREDDY,BIRKOOR,KISTAPOOR,652,652,"7/22/2019 12:00:00 AM"
Telangana,KAMAREDDY,BIRKOOR,MAILARAM,445,445,"7/22/2019 12:00:00 AM"
Telangana,KAMAREDDY,BIRKOOR,MIRZAPOOR,656,656,"7/22/2019 12:00:00 AM"
Telangana,KAMAREDDY,BIRKOOR,NACHUPALLI,407,407,"7/22/2019 12:00:00 AM"
Telangana,KAMAREDDY,BIRKOOR,NASRULLABAD,345,345,"7/22/2019 12:00:00 AM"
Telangana,KAMAREDDY,BIRKOOR,NEMLI,351,351,"7/22/2019 12:00:00 AM"
Telangana,KAMAREDDY,BIRKOOR,SANGAM,388,388,"7/22/2019 12:00:00 AM"
Telangana,KAMAREDDY,BIRKOOR,THIMMAPUR,350,350,"7/22/2019 12:00:00 AM"
Telangana,KAMAREDDY,DOMAKONDA,AMBARIPET,374,374,"7/22/2019 12:00:00 AM"
Telangana,KAMAREDDY,DOMAKONDA,ANCHANOOR,315,315,"7/22/2019 12:00:00 AM"
Telangana,KAMAREDDY,DOMAKONDA,BEEBIPET,177,177,"7/22/2019 12:00:00 AM"
Telangana,KAMAREDDY,DOMAKONDA,CHITAMANPALLY,381,381,"7/22/2019 12:00:00 AM"
Telangana,KAMAREDDY,DOMAKONDA,DOMAKONDA,1659,1659,"7/22/2019 12:00:00 AM"
Telangana,KAMAREDDY,DOMAKONDA,GOTTUMUKLA,30,30,"7/22/2019 12:00:00 AM"
Telangana,KAMAREDDY,DOMAKONDA,ISSANAGAR,33,33,"7/22/2019 12:00:00 AM"
Telangana,KAMAREDDY,DOMAKONDA,JANAGAON,32,32,"7/22/2019 12:00:00 AM"
Telangana,KAMAREDDY,DOMAKONDA,KONAPUR,143,143,"7/22/2019 12:00:00 AM"
Telangana,KAMAREDDY,DOMAKONDA,LINGUPALLY,138,138,"7/22/2019 12:00:00 AM"
Telangana,KAMAREDDY,DOMAKONDA,MALKAPUR,293,293,"7/22/2019 12:00:00 AM"
Telangana,KAMAREDDY,DOMAKONDA,MAMDAPUR,137,137,"7/22/2019 12:00:00 AM"
Telangana,KAMAREDDY,DOMAKONDA,MUTHYAMPET,36,36,"7/22/2019 12:00:00 AM"
Telangana,KAMAREDDY,DOMAKONDA,SANGAMESHWER,226,226,"7/22/2019 12:00:00 AM"
Telangana,KAMAREDDY,DOMAKONDA,TUJALPUR,245,245,"7/22/2019 12:00:00 AM"
Telangana,KAMAREDDY,DOMAKONDA,UPPARPALLY,113,113,"7/22/2019 12:00:00 AM"
Telangana,KAMAREDDY,DOMAKONDA,YADARAM,308,308,"7/22/2019 12:00:00 AM"
Telangana,KAMAREDDY,GANDHARI,BURGUL,416,416,"7/22/2019 12:00:00 AM"
Telangana,KAMAREDDY,GANDHARI,CHADMAL,347,347,"7/22/2019 12:00:00 AM"
Telangana,KAMAREDDY,GANDHARI,DURGAM,542,542,"7/22/2019 12:00:00 AM"
Telangana,KAMAREDDY,GANDHARI,GANDHARI,1560,1560,"7/22/2019 12:00:00 AM"
Telangana,KAMAREDDY,GANDHARI,GANDIVET,647,647,"7/22/2019 12:00:00 AM"
Telangana,KAMAREDDY,GANDHARI,"GOURARM  KALAN",292,292,"7/22/2019 12:00:00 AM"
Telangana,KAMAREDDY,GANDHARI,GURJAL,442,442,"7/22/2019 12:00:00 AM"
Telangana,KAMAREDDY,GANDHARI,JUVVADI,210,210,"7/22/2019 12:00:00 AM"
Telangana,KAMAREDDY,GANDHARI,MATHUSANGAM,414,414,"7/22/2019 12:00:00 AM"
Telangana,KAMAREDDY,GANDHARI,MUDHOLI,184,184,"7/22/2019 12:00:00 AM"
Telangana,KAMAREDDY,GANDHARI,NAGLOOR,272,272,"7/22/2019 12:00:00 AM"
Telangana,KAMAREDDY,GANDHARI,NEERAL,323,323,"7/22/2019 12:00:00 AM"
Telangana,KAMAREDDY,GANDHARI,PETSANGAM,217,217,"7/22/2019 12:00:00 AM"
Telangana,KAMAREDDY,GANDHARI,"POTHANGAL KL",739,739,"7/22/2019 12:00:00 AM"
Telangana,KAMAREDDY,GANDHARI,SEETHAIPALLY,627,627,"7/22/2019 12:00:00 AM"
Telangana,KAMAREDDY,GANDHARI,UTHNOOR,463,463,"7/22/2019 12:00:00 AM"
Telangana,KAMAREDDY,GANDHARI,"VAJJAPALLY KL",216,216,"7/22/2019 12:00:00 AM"
Telangana,KAMAREDDY,GANDHARI,VENKATAPUR,69,69,"7/22/2019 12:00:00 AM"
Telangana,KAMAREDDY,GANDHARI,YACHARAM,481,481,"7/22/2019 12:00:00 AM"
Telangana,KAMAREDDY,JUKKAL,BABALGAON,278,278,"7/22/2019 12:00:00 AM"
Telangana,KAMAREDDY,JUKKAL,BASWAPUR,520,520,"7/22/2019 12:00:00 AM"
Telangana,KAMAREDDY,JUKKAL,BIJJALWADI,240,240,"7/22/2019 12:00:00 AM"
Telangana,KAMAREDDY,JUKKAL,CHANDEGAON,403,403,"7/22/2019 12:00:00 AM"
Telangana,KAMAREDDY,JUKKAL,"CHINNA EDGI",241,241,"7/22/2019 12:00:00 AM"
Telangana,KAMAREDDY,JUKKAL,DONGAON,687,687,"7/22/2019 12:00:00 AM"
Telangana,KAMAREDDY,JUKKAL,"GULLA BIG",24,24,"7/22/2019 12:00:00 AM"
Telangana,KAMAREDDY,JUKKAL,GUNDUR,407,407,"7/22/2019 12:00:00 AM"
Telangana,KAMAREDDY,JUKKAL,HANGARGA,484,484,"7/22/2019 12:00:00 AM"
Telangana,KAMAREDDY,JUKKAL,JUKKAL,1734,1734,"7/22/2019 12:00:00 AM"
Telangana,KAMAREDDY,JUKKAL,KANDEBELLUR,571,571,"7/22/2019 12:00:00 AM"
Telangana,KAMAREDDY,JUKKAL,KANTALI,403,403,"7/22/2019 12:00:00 AM"
Telangana,KAMAREDDY,JUKKAL,KEMRAJKALLALI,447,447,"7/22/2019 12:00:00 AM"
Telangana,KAMAREDDY,JUKKAL,KOWLAS,765,765,"7/22/2019 12:00:00 AM"
Telangana,KAMAREDDY,JUKKAL,LADEGAON,410,410,"7/22/2019 12:00:00 AM"
Telangana,KAMAREDDY,JUKKAL,MOHMADABAD,416,416,"7/22/2019 12:00:00 AM"
Telangana,KAMAREDDY,JUKKAL,NAGULGAON,393,393,"7/22/2019 12:00:00 AM"
Telangana,KAMAREDDY,JUKKAL,PADAMPALLIY,276,276,"7/22/2019 12:00:00 AM"
Telangana,KAMAREDDY,JUKKAL,"PEDDA EDGI",709,709,"7/22/2019 12:00:00 AM"
Telangana,KAMAREDDY,JUKKAL,SHIVVAPUR,310,310,"7/22/2019 12:00:00 AM"
Telangana,KAMAREDDY,JUKKAL,VITTALWADI,354,354,"7/22/2019 12:00:00 AM"
Telangana,KAMAREDDY,JUKKAL,WAZRAKHANDI,737,737,"7/22/2019 12:00:00 AM"
Telangana,KAMAREDDY,KAMAREDDY,ADLOOR,1054,1054,"7/22/2019 12:00:00 AM"
Telangana,KAMAREDDY,KAMAREDDY,CHINNAMALLAREDDY,1097,1097,"7/22/2019 12:00:00 AM"
Telangana,KAMAREDDY,KAMAREDDY,DEVANPALLY,1503,1503,"7/22/2019 12:00:00 AM"
Telangana,KAMAREDDY,KAMAREDDY,GARGUL,550,550,"7/22/2019 12:00:00 AM"
Telangana,KAMAREDDY,KAMAREDDY,GUDEM,336,336,"7/22/2019 12:00:00 AM"
Telangana,KAMAREDDY,KAMAREDDY,ISSROJIWADI,296,296,"7/22/2019 12:00:00 AM"
Telangana,KAMAREDDY,KAMAREDDY,KYASAMPALLY,811,811,"7/22/2019 12:00:00 AM"
Telangana,KAMAREDDY,KAMAREDDY,LINGAIPALLY,378,378,"7/22/2019 12:00:00 AM"
Telangana,KAMAREDDY,KAMAREDDY,LINGAPUR,739,739,"7/22/2019 12:00:00 AM"
Telangana,KAMAREDDY,KAMAREDDY,NARSANNAPALLY,31,31,"7/22/2019 12:00:00 AM"
Telangana,KAMAREDDY,KAMAREDDY,PATHARAJAMPET,201,201,"7/22/2019 12:00:00 AM"
Telangana,KAMAREDDY,KAMAREDDY,RAMESHWERPALLY,323,323,"7/22/2019 12:00:00 AM"
Telangana,KAMAREDDY,KAMAREDDY,SARAMPALLY,446,446,"7/22/2019 12:00:00 AM"
Telangana,KAMAREDDY,KAMAREDDY,SHABDIPUR,619,619,"7/22/2019 12:00:00 AM"
Telangana,KAMAREDDY,KAMAREDDY,TEKRIYAL,423,423,"7/22/2019 12:00:00 AM"
Telangana,KAMAREDDY,KAMAREDDY,THIMMAKPALLY,387,387,"7/22/2019 12:00:00 AM"
Telangana,KAMAREDDY,KAMAREDDY,UGGARWAI,353,353,"7/22/2019 12:00:00 AM"
Telangana,KAMAREDDY,LINGAMPET,BANAPUR,390,390,"7/22/2019 12:00:00 AM"
Telangana,KAMAREDDY,LINGAMPET,BHAVANIPET,386,386,"7/22/2019 12:00:00 AM"
Telangana,KAMAREDDY,LINGAMPET,BONAL,369,369,"7/22/2019 12:00:00 AM"
Telangana,KAMAREDDY,LINGAMPET,JALDIPALLI,308,308,"7/22/2019 12:00:00 AM"
Telangana,KAMAREDDY,LINGAMPET,KARPOLE,238,238,"7/22/2019 12:00:00 AM"
Telangana,KAMAREDDY,LINGAMPET,"LINGAMPALLI KD",696,696,"7/22/2019 12:00:00 AM"
Telangana,KAMAREDDY,LINGAMPET,LINGAMPET,1989,1989,"7/22/2019 12:00:00 AM"
Telangana,KAMAREDDY,LINGAMPET,MENGARAM,149,149,"7/22/2019 12:00:00 AM"
Telangana,KAMAREDDY,LINGAMPET,MOTHE,1147,1147,"7/22/2019 12:00:00 AM"
Telangana,KAMAREDDY,LINGAMPET,MUMBAJIPET,424,424,"7/22/2019 12:00:00 AM"
Telangana,KAMAREDDY,LINGAMPET,NALLAMADUGU,324,324,"7/22/2019 12:00:00 AM"
Telangana,KAMAREDDY,LINGAMPET,PERMALLA,581,581,"7/22/2019 12:00:00 AM"
Telangana,KAMAREDDY,LINGAMPET,POLKAMPET,202,202,"7/22/2019 12:00:00 AM"
Telangana,KAMAREDDY,LINGAMPET,POTHAIPALLI,806,806,"7/22/2019 12:00:00 AM"
Telangana,KAMAREDDY,LINGAMPET,S.SANGAREDDY,1179,1179,"7/22/2019 12:00:00 AM"
Telangana,KAMAREDDY,LINGAMPET,SHETPALLY,593,593,"7/22/2019 12:00:00 AM"
Telangana,KAMAREDDY,MACHAREDDY,AKKAPUR,503,503,"7/22/2019 12:00:00 AM"
Telangana,KAMAREDDY,MACHAREDDY,ANNARAM,1086,1086,"7/22/2019 12:00:00 AM"
Telangana,KAMAREDDY,MACHAREDDY,AREPALLY,174,174,"7/22/2019 12:00:00 AM"
Telangana,KAMAREDDY,MACHAREDDY,B.R.PALLY,336,336,"7/22/2019 12:00:00 AM"
Telangana,KAMAREDDY,MACHAREDDY,BANJAPALLY,383,383,"7/22/2019 12:00:00 AM"
Telangana,KAMAREDDY,MACHAREDDY,BHAVANIPET,718,718,"7/22/2019 12:00:00 AM"
Telangana,KAMAREDDY,MACHAREDDY,CHUKKAPUR,595,595,"7/22/2019 12:00:00 AM"
Telangana,KAMAREDDY,MACHAREDDY,DEVANPALLY,324,324,"7/22/2019 12:00:00 AM"
Telangana,KAMAREDDY,MACHAREDDY,FAREEDPET,498,498,"7/22/2019 12:00:00 AM"
Telangana,KAMAREDDY,MACHAREDDY,GHANPUR,319,319,"7/22/2019 12:00:00 AM"
Telangana,KAMAREDDY,MACHAREDDY,ISSAIPET,521,521,"7/22/2019 12:00:00 AM"
Telangana,KAMAREDDY,MACHAREDDY,LACHAPET,746,746,"7/22/2019 12:00:00 AM"
Telangana,KAMAREDDY,MACHAREDDY,LAXMIRAOLAPALLY,319,319,"7/22/2019 12:00:00 AM"
Telangana,KAMAREDDY,MACHAREDDY,MACHAREDDY,945,945,"7/22/2019 12:00:00 AM"
Telangana,KAMAREDDY,MACHAREDDY,MADDIKUNTA,469,469,"7/22/2019 12:00:00 AM"
Telangana,KAMAREDDY,MACHAREDDY,PALWANCHA,777,777,"7/22/2019 12:00:00 AM"
Telangana,KAMAREDDY,MACHAREDDY,POTHARAM,262,262,"7/22/2019 12:00:00 AM"
Telangana,KAMAREDDY,MACHAREDDY,RATHNAGIRIPALLY,290,290,"7/22/2019 12:00:00 AM"
Telangana,KAMAREDDY,MACHAREDDY,REDDYPET,1819,1819,"7/22/2019 12:00:00 AM"
Telangana,KAMAREDDY,MACHAREDDY,SINGARAIPALLY,323,323,"7/22/2019 12:00:00 AM"
Telangana,KAMAREDDY,MACHAREDDY,SOMARPET,460,460,"7/22/2019 12:00:00 AM"
Telangana,KAMAREDDY,MACHAREDDY,WADI,254,254,"7/22/2019 12:00:00 AM"
Telangana,KAMAREDDY,MACHAREDDY,YELLAMPET,675,675,"7/22/2019 12:00:00 AM"
Telangana,KAMAREDDY,MACHAREDDY,YELLAPUGONDA,511,511,"7/22/2019 12:00:00 AM"
Telangana,KAMAREDDY,MADNUR,AWALGAON,255,255,"7/22/2019 12:00:00 AM"
Telangana,KAMAREDDY,MADNUR,DHANNUR,248,248,"7/22/2019 12:00:00 AM"
Telangana,KAMAREDDY,MADNUR,DONGLI,803,803,"7/22/2019 12:00:00 AM"
Telangana,KAMAREDDY,MADNUR,DOTHI,369,369,"7/22/2019 12:00:00 AM"
Telangana,KAMAREDDY,MADNUR,"EKLARA BIG",708,708,"7/22/2019 12:00:00 AM"
Telangana,KAMAREDDY,MADNUR,GOJEGAON,319,319,"7/22/2019 12:00:00 AM"
Telangana,KAMAREDDY,MADNUR,HANDEKEROOR,222,222,"7/22/2019 12:00:00 AM"
Telangana,KAMAREDDY,MADNUR,KODICHERLA,191,191,"7/22/2019 12:00:00 AM"
Telangana,KAMAREDDY,MADNUR,KURLA,436,436,"7/22/2019 12:00:00 AM"
Telangana,KAMAREDDY,MADNUR,LACHAN,580,580,"7/22/2019 12:00:00 AM"
Telangana,KAMAREDDY,MADNUR,LIMBOOR,464,464,"7/22/2019 12:00:00 AM"
Telangana,KAMAREDDY,MADNUR,MADANHIPPARGA,526,526,"7/22/2019 12:00:00 AM"
Telangana,KAMAREDDY,MADNUR,MADNUR,1753,1753,"7/22/2019 12:00:00 AM"
Telangana,KAMAREDDY,MADNUR,MENOOR,775,775,"7/22/2019 12:00:00 AM"
Telangana,KAMAREDDY,MADNUR,MOGHA,397,397,"7/22/2019 12:00:00 AM"
Telangana,KAMAREDDY,MADNUR,RUSHEGAON,162,162,"7/22/2019 12:00:00 AM"
Telangana,KAMAREDDY,MADNUR,SHAIKAPUR,170,170,"7/22/2019 12:00:00 AM"
Telangana,KAMAREDDY,MADNUR,"SHAKKARGA B",239,239,"7/22/2019 12:00:00 AM"
Telangana,KAMAREDDY,MADNUR,"SHAKKARGA KD",457,457,"7/22/2019 12:00:00 AM"
Telangana,KAMAREDDY,MADNUR,SULTANPET,336,336,"7/22/2019 12:00:00 AM"
Telangana,KAMAREDDY,MADNUR,"TADGOOR BIG",889,889,"7/22/2019 12:00:00 AM"
Telangana,KAMAREDDY,MADNUR,TADIHIPPERGA,550,550,"7/22/2019 12:00:00 AM"
Telangana,KAMAREDDY,MADNUR,"TAKLI BIG",340,340,"7/22/2019 12:00:00 AM"
Telangana,KAMAREDDY,NAGIREDDYPET,ATHMAKUR,600,600,"7/22/2019 12:00:00 AM"
Telangana,KAMAREDDY,NAGIREDDYPET,BOLLARAM,425,425,"7/22/2019 12:00:00 AM"
Telangana,KAMAREDDY,NAGIREDDYPET,CHINNOOR,724,724,"7/22/2019 12:00:00 AM"
Telangana,KAMAREDDY,NAGIREDDYPET,DHARMAREDDY,333,333,"7/22/2019 12:00:00 AM"
Telangana,KAMAREDDY,NAGIREDDYPET,GOLILINGAL,295,295,"7/22/2019 12:00:00 AM"
Telangana,KAMAREDDY,NAGIREDDYPET,J.JANKAMPALLI,444,444,"7/22/2019 12:00:00 AM"
Telangana,KAMAREDDY,NAGIREDDYPET,JALALPUR,720,720,"7/22/2019 12:00:00 AM"
Telangana,KAMAREDDY,NAGIREDDYPET,"LINGAMPALLI KL",192,192,"7/22/2019 12:00:00 AM"
Telangana,KAMAREDDY,NAGIREDDYPET,MALTHUMMEDA,435,435,"7/22/2019 12:00:00 AM"
Telangana,KAMAREDDY,NAGIREDDYPET,"MATHUR MASANIPALLY",316,316,"7/22/2019 12:00:00 AM"
Telangana,KAMAREDDY,NAGIREDDYPET,NAGAREDDIPET,908,908,"7/22/2019 12:00:00 AM"
Telangana,KAMAREDDY,NAGIREDDYPET,POCHARAM,236,236,"7/22/2019 12:00:00 AM"
Telangana,KAMAREDDY,NAGIREDDYPET,RAGHAVAPALLI,344,344,"7/22/2019 12:00:00 AM"
Telangana,KAMAREDDY,NAGIREDDYPET,TANDUR,1360,1360,"7/22/2019 12:00:00 AM"
Telangana,KAMAREDDY,NAGIREDDYPET,VADALPARTHI,357,357,"7/22/2019 12:00:00 AM"
Telangana,KAMAREDDY,NIZAMSAGAR,ACHAMPET,667,667,"7/22/2019 12:00:00 AM"
Telangana,KAMAREDDY,NIZAMSAGAR,AREPALLY,12,12,"7/22/2019 12:00:00 AM"
Telangana,KAMAREDDY,NIZAMSAGAR,BANJAPALLI,640,640,"7/22/2019 12:00:00 AM"
Telangana,KAMAREDDY,NIZAMSAGAR,BURGUL,315,315,"7/22/2019 12:00:00 AM"
Telangana,KAMAREDDY,NIZAMSAGAR,GALIPUR,318,318,"7/22/2019 12:00:00 AM"
Telangana,KAMAREDDY,NIZAMSAGAR,GUNKUL,835,835,"7/22/2019 12:00:00 AM"
Telangana,KAMAREDDY,NIZAMSAGAR,HASANPALLI,342,342,"7/22/2019 12:00:00 AM"
Telangana,KAMAREDDY,NIZAMSAGAR,KOMALANCHA,356,356,"7/22/2019 12:00:00 AM"
Telangana,KAMAREDDY,NIZAMSAGAR,MAGHI,416,416,"7/22/2019 12:00:00 AM"
Telangana,KAMAREDDY,NIZAMSAGAR,MALLUR,840,840,"7/22/2019 12:00:00 AM"
Telangana,KAMAREDDY,NIZAMSAGAR,MAQDUMPUR,732,732,"7/22/2019 12:00:00 AM"
Telangana,KAMAREDDY,NIZAMSAGAR,NARSINGRAOPALLI,427,427,"7/22/2019 12:00:00 AM"
Telangana,KAMAREDDY,NIZAMSAGAR,NARVA,377,377,"7/22/2019 12:00:00 AM"
Telangana,KAMAREDDY,NIZAMSAGAR,ODDEPALLI,562,562,"7/22/2019 12:00:00 AM"
Telangana,KAMAREDDY,NIZAMSAGAR,SINGITHAM,778,778,"7/22/2019 12:00:00 AM"
Telangana,KAMAREDDY,NIZAMSAGAR,TUNKIPALLI,421,421,"7/22/2019 12:00:00 AM"
Telangana,KAMAREDDY,NIZAMSAGAR,VELGANUR,331,331,"7/22/2019 12:00:00 AM"
Telangana,KAMAREDDY,PITLAM,"ANNARAM KL.",335,335,"7/22/2019 12:00:00 AM"
Telangana,KAMAREDDY,PITLAM,BANDAPALLY,375,375,"7/22/2019 12:00:00 AM"
Telangana,KAMAREDDY,PITLAM,BOLLAKPALLY,270,270,"7/22/2019 12:00:00 AM"
Telangana,KAMAREDDY,PITLAM,CHILLARGI,753,753,"7/22/2019 12:00:00 AM"
Telangana,KAMAREDDY,PITLAM,GODMEGAON,409,409,"7/22/2019 12:00:00 AM"
Telangana,KAMAREDDY,PITLAM,KAREGAON,625,625,"7/22/2019 12:00:00 AM"
Telangana,KAMAREDDY,PITLAM,KATEPALLI,858,858,"7/22/2019 12:00:00 AM"
Telangana,KAMAREDDY,PITLAM,"KISTAPUR (M)",318,318,"7/22/2019 12:00:00 AM"
Telangana,KAMAREDDY,PITLAM,"KODAPGAL KD.",1329,1329,"7/22/2019 12:00:00 AM"
Telangana,KAMAREDDY,PITLAM,KURTHI,346,346,"7/22/2019 12:00:00 AM"
Telangana,KAMAREDDY,PITLAM,MARDANDA,279,279,"7/22/2019 12:00:00 AM"
Telangana,KAMAREDDY,PITLAM,PITLAM,2475,2475,"7/22/2019 12:00:00 AM"
Telangana,KAMAREDDY,PITLAM,"RAMPUR KL.",595,595,"7/22/2019 12:00:00 AM"
Telangana,KAMAREDDY,PITLAM,THIMMANAGAR,645,645,"7/22/2019 12:00:00 AM"
Telangana,KAMAREDDY,SADASIVANAGAR,ADLOOR-YELLAREDDY,1075,1075,"7/22/2019 12:00:00 AM"
Telangana,KAMAREDDY,SADASIVANAGAR,AMARLABANDA,198,198,"7/22/2019 12:00:00 AM"
Telangana,KAMAREDDY,SADASIVANAGAR,BHOOMPALLY,663,663,"7/22/2019 12:00:00 AM"
Telangana,KAMAREDDY,SADASIVANAGAR,DHARMARAOPET,766,766,"7/22/2019 12:00:00 AM"
Telangana,KAMAREDDY,SADASIVANAGAR,GIDDA,458,458,"7/22/2019 12:00:00 AM"
Telangana,KAMAREDDY,SADASIVANAGAR,ISSANNAPALLY,203,203,"7/22/2019 12:00:00 AM"
Telangana,KAMAREDDY,SADASIVANAGAR,JANAGAON,138,138,"7/22/2019 12:00:00 AM"
Telangana,KAMAREDDY,SADASIVANAGAR,KALWARAL,602,602,"7/22/2019 12:00:00 AM"
Telangana,KAMAREDDY,SADASIVANAGAR,KANNAPUR,238,238,"7/22/2019 12:00:00 AM"
Telangana,KAMAREDDY,SADASIVANAGAR,KUPRIYAL,717,717,"7/22/2019 12:00:00 AM"
Telangana,KAMAREDDY,SADASIVANAGAR,LINGAMPALLY,343,343,"7/22/2019 12:00:00 AM"
Telangana,KAMAREDDY,SADASIVANAGAR,MALLUPET,160,160,"7/22/2019 12:00:00 AM"
Telangana,KAMAREDDY,SADASIVANAGAR,MARKAL,692,692,"7/22/2019 12:00:00 AM"
Telangana,KAMAREDDY,SADASIVANAGAR,MODEGAON,357,357,"7/22/2019 12:00:00 AM"
Telangana,KAMAREDDY,SADASIVANAGAR,MOSHAMPUR,343,343,"7/22/2019 12:00:00 AM"
Telangana,KAMAREDDY,SADASIVANAGAR,PADMAJIWADI,492,492,"7/22/2019 12:00:00 AM"
Telangana,KAMAREDDY,SADASIVANAGAR,POSANIPET,903,903,"7/22/2019 12:00:00 AM"
Telangana,KAMAREDDY,SADASIVANAGAR,RAMAREDDY,1072,1072,"7/22/2019 12:00:00 AM"
Telangana,KAMAREDDY,SADASIVANAGAR,RANGAMPET,235,235,"7/22/2019 12:00:00 AM"
Telangana,KAMAREDDY,SADASIVANAGAR,SADASHIVANGAR,1110,1110,"7/22/2019 12:00:00 AM"
Telangana,KAMAREDDY,SADASIVANAGAR,THIMMOJIWADI,139,139,"7/22/2019 12:00:00 AM"
Telangana,KAMAREDDY,SADASIVANAGAR,THIRMANPALLY,446,446,"7/22/2019 12:00:00 AM"
Telangana,KAMAREDDY,SADASIVANAGAR,THUKKOJIWADI,220,220,"7/22/2019 12:00:00 AM"
Telangana,KAMAREDDY,SADASIVANAGAR,UPPALWAI,444,444,"7/22/2019 12:00:00 AM"
Telangana,KAMAREDDY,TADWAI,ANNARAM,15,15,"7/22/2019 12:00:00 AM"
Telangana,KAMAREDDY,TADWAI,ARGONDA,362,362,"7/22/2019 12:00:00 AM"
Telangana,KAMAREDDY,TADWAI,BASWANPALLY,59,59,"7/22/2019 12:00:00 AM"
Telangana,KAMAREDDY,TADWAI,BRAHMAJIWADI,277,277,"7/22/2019 12:00:00 AM"
Telangana,KAMAREDDY,TADWAI,BRAHMANPALLY,575,575,"7/22/2019 12:00:00 AM"
Telangana,KAMAREDDY,TADWAI,CHANDAPUR,357,357,"7/22/2019 12:00:00 AM"
Telangana,KAMAREDDY,TADWAI,CHITYAL,409,409,"7/22/2019 12:00:00 AM"
Telangana,KAMAREDDY,TADWAI,"DEMI KALAN",504,504,"7/22/2019 12:00:00 AM"
Telangana,KAMAREDDY,TADWAI,DEVAIPALLY,180,180,"7/22/2019 12:00:00 AM"
Telangana,KAMAREDDY,TADWAI,GUNDARAM,590,590,"7/22/2019 12:00:00 AM"
Telangana,KAMAREDDY,TADWAI,KALOJIWADI,160,160,"7/22/2019 12:00:00 AM"
Telangana,KAMAREDDY,TADWAI,KANKAL,583,583,"7/22/2019 12:00:00 AM"
Telangana,KAMAREDDY,TADWAI,KARADPALLY,334,334,"7/22/2019 12:00:00 AM"
Telangana,KAMAREDDY,TADWAI,KONDAPUR,394,394,"7/22/2019 12:00:00 AM"
Telangana,KAMAREDDY,TADWAI,KRISHNAJIWADI,404,404,"7/22/2019 12:00:00 AM"
Telangana,KAMAREDDY,TADWAI,NANDIWADA,425,425,"7/22/2019 12:00:00 AM"
Telangana,KAMAREDDY,TADWAI,SANGOJIWADI,262,262,"7/22/2019 12:00:00 AM"
Telangana,KAMAREDDY,TADWAI,SANTHAIPET,191,191,"7/22/2019 12:00:00 AM"
Telangana,KAMAREDDY,TADWAI,SOMARAM,143,143,"7/22/2019 12:00:00 AM"
Telangana,KAMAREDDY,TADWAI,TADWAI,633,633,"7/22/2019 12:00:00 AM"
Telangana,KAMAREDDY,TADWAI,"YELLAREDDY PALLY",319,319,"7/22/2019 12:00:00 AM"
Telangana,KAMAREDDY,TADWAI,YENDRIYAL,251,251,"7/22/2019 12:00:00 AM"
Telangana,KAMAREDDY,TADWAI,YRRAPAHAD,479,479,"7/22/2019 12:00:00 AM"
Telangana,KAMAREDDY,YELLAREDDY,ADVILINGAL,666,666,"7/22/2019 12:00:00 AM"
Telangana,KAMAREDDY,YELLAREDDY,ANNASAGAR,180,180,"7/22/2019 12:00:00 AM"
Telangana,KAMAREDDY,YELLAREDDY,BICKNOOR,247,247,"7/22/2019 12:00:00 AM"
Telangana,KAMAREDDY,YELLAREDDY,BRAHMANPALLI,174,174,"7/22/2019 12:00:00 AM"
Telangana,KAMAREDDY,YELLAREDDY,G.MASANIPET,305,305,"7/22/2019 12:00:00 AM"
Telangana,KAMAREDDY,YELLAREDDY,JANGAMAIPALLI,439,439,"7/22/2019 12:00:00 AM"
Telangana,KAMAREDDY,YELLAREDDY,LAXMAPUR,423,423,"7/22/2019 12:00:00 AM"
Telangana,KAMAREDDY,YELLAREDDY,LINGAREDDIPET,663,663,"7/22/2019 12:00:00 AM"
Telangana,KAMAREDDY,YELLAREDDY,MACHAPUR,143,143,"7/22/2019 12:00:00 AM"
Telangana,KAMAREDDY,YELLAREDDY,MATHMAL,182,182,"7/22/2019 12:00:00 AM"
Telangana,KAMAREDDY,YELLAREDDY,MEESANPALLI,207,207,"7/22/2019 12:00:00 AM"
Telangana,KAMAREDDY,YELLAREDDY,REPALLIWADA,382,382,"7/22/2019 12:00:00 AM"
Telangana,KAMAREDDY,YELLAREDDY,RUDRARAM,235,235,"7/22/2019 12:00:00 AM"
Telangana,KAMAREDDY,YELLAREDDY,SOMARPET,177,177,"7/22/2019 12:00:00 AM"
Telangana,KAMAREDDY,YELLAREDDY,THIMMAPUR,190,190,"7/22/2019 12:00:00 AM"
Telangana,KAMAREDDY,YELLAREDDY,THIMMAREDDY,461,461,"7/22/2019 12:00:00 AM"
Telangana,KAMAREDDY,YELLAREDDY,VELLUTLA,389,389,"7/22/2019 12:00:00 AM"
Telangana,KAMAREDDY,YELLAREDDY,YELLAREDDY,823,823,"7/22/2019 12:00:00 AM"
