Year,Month,"SLP/AG/SG/ASG opinion","Cabinet Note",Meeting,"State Bill","Total references received"
2015,April,65,12,19,12,373
2015,May,48,10,22,8,429
2015,June,62,5,28,11,364
2015,July,61,9,13,7,430
2015,August,52,5,12,3,325
2015,September,56,5,15,0,373
2015,October,50,7,18,11,323
2015,November,49,7,13,2,317
2015,December,68,12,24,4,319
2016,January,65,5,22,17,371
2016,February,69,4,18,9,405
2016,"March (Up to 10th March)",10,5,16,3,173
Total,"Total (From 1st April-2015 Up to 10th March 2016)",655,86,222,87,4202
