"City Name","Zone Name","Ward Name","Ward No.","2013-14 - Property Tax Collection (in crores) - Residential","2013-14 - Property Tax Demand (in crores) - Residential","2013-14 - Property Tax Collection (in crores) - Commercial","2013-14 - Property Tax Demand (in crores) - Commercial"
Rajkot,"West Zone",1,1,3.38,11.49,0.95,3.17
Rajkot,"Central Zone",2,2,4.73,19.1,3.64,10.46
Rajkot,"Central Zone",3,3,2.63,8.91,1.75,16.25
Rajkot,"East Zone",4,4,2.23,9.89,1.75,9.23
Rajkot,"East Zone",5,5,1.91,7.48,2.58,7.71
Rajkot,"East Zone",6,6,1.61,8.91,3.36,10.75
Rajkot,"Central Zone",7,7,5.18,13.67,32.08,79.54
Rajkot,"West Zone",8,8,9.05,16.81,8.76,21.75
Rajkot,"West Zone",9,9,7.23,17.03,2.78,7.7
Rajkot,"West Zone",10,10,9.31,18.44,8.08,19.83
Rajkot,"West Zone",11,11,5.91,14.93,2.13,6.92
Rajkot,"West Zone",12,12,3.94,12.58,1.16,4.15
Rajkot,"Central Zone",13,13,3.17,13.31,5.91,18.81
Rajkot,"Central Zone",14,14,3.71,9.91,4.29,10.39
Rajkot,"East Zone",15,15,1.17,7.8,5.63,15.89
Rajkot,"East Zone",16,16,1.7,7.83,1.92,5.02
Rajkot,"Central Zone",17,17,2.14,9.33,2.37,6.81
Rajkot,"East Zone",18,18,1.32,4.43,0.51,1.65
