Plan,"Time Period","Length Added (in km)","Total Length (in km)"
"As on 1st April 1947","As on 1st April 1947",0,21440
"Pre First Plan (1947-51)","Pre First Plan (1947-51)",815,22255
"First Plan (1951-56)","First Plan (1951-56)",815,22255
"Second Plan (1956-61)","Second Plan (1956-61)",1514,23769
"Third Plan (1961-66)","Third Plan (1961-66)",179,23948
"Interregnum (1966-69)","Interregnum (1966-69)",52,24000
"Fourth Plan (1969-74)","Fourth Plan (1969-74)",4819,28819
"Fifth Plan (1974-78)","Fifth Plan (1974-78)",158,28977
"Interregnum (1978-80)","Interregnum (1978-80)",46,29023
"Sixth Plan (1980-85)","Sixth Plan (1980-85)",2687,31710
"Seventh Plan (1985-90)","Seventh Plan (1985-90)",1902,33612
"Interregnum (1990-92)","Interregnum (1990-92)",77,33689
"Eighth Plan (1992-97)","Eighth Plan (1992-97)",609,34298
"Ninth Plan (1997-2002)","Ninth Plan (1997-2002)",23814,58112
"Tenth Plan (2002-07)","Tenth Plan (2002-07)",9008,66590
"Eleventh Plan (2007-12)","Eleventh Plan (2007-12)",10228,76818
"Eleventh Plan (2007-12)",2007-08,164,66754
"Eleventh Plan (2007-12)",2008-09,3794,70548
"Eleventh Plan (2007-12)",2009-10,386,70934
"Eleventh Plan (2007-12)",2010-11,0,70934
"Eleventh Plan (2007-12)",2011-12,5884,76818
