States/UTs,"New Lives Covered","Claims Settled* - Numbers","Claims Settled* - Amount (Rupees in thousands)","Scholarship paid** - Numbers","Scholarship paid** - Amount (Rupees in thousands)"
"ANDHRA PRADESH",498879,18832,610875.5,136226,104541600
"ARUNACHAL PRADESH",0,0,0,0,0
ASSAM,37775,163,9000,332,199200
BIHAR,51600,202,6405,3787,2272200
CHANDIGARH,43,0,0,0,0
CHHATTISGARH,42069,523,12960,54179,32433600
DELHI,40,7,250,0,0
GOA,98,9,270,1,600
GUJARAT,96922,1254,40630,54106,32463200
HARYANA,146,20,600,1491,1038600
"HIMACHAL PRADESH",13934,8,585,992,1008300
"JAMMU & KASHMIR",513,77,2370,292,175200
JHARKHAND,25296,44,1365,818,490800
KARNATAKA,140324,1834,68279,9510,5706000
KERALA,48856,119,4235,15568,9340800
"MADHYA PRADESH",334217,2433,77625,23311,14226000
MAHARASHTRA,456549,2531,86680,60839,36503400
MANIPUR,2161,0,0,0,0
MEGHALAYA,0,0,0,0,0
MIZORAM,0,0,0,0,0
NAGALAND,172,0,0,0,0
ORISSA,41748,247,9340,8831,5298600
PUDUCHERRY,11181,65,1950,1527,916200
PUNJAB,1962,12,570,1330,1590600
RAJASTHAN,113087,2403,79390,62575,73439400
SIKKIM,131,4,120,0,0
"TAMIL NADU",198609,1257,53005,73261,43956600
TRIPURA,0,0,0,0,0
"UTTAR PRADESH",20041,1097,35685,3037,1822200
UTTRANCHAL,338,481,15435,3374,4000200
"WEST BENGAL",7321,123,5325,1181,708600
TOTAL,2144012,33745,1122949.5,516568,372131900
