StateName,DistrictName,BlockName,GramPanchayatName,IHHLTotalAsPerDetails,IHHLTotalAch,Date
"Uttar Pradesh",BIJNOR,AFZALGARH,ABHAIRAJPUR,416,416,"7/22/2019 12:00:00 AM"
"Uttar Pradesh",BIJNOR,AFZALGARH,"AJIMULLA NAGAR",855,855,"7/22/2019 12:00:00 AM"
"Uttar Pradesh",BIJNOR,AFZALGARH,"ALAMPUR GANVADI AHATMALI",522,522,"7/22/2019 12:00:00 AM"
"Uttar Pradesh",BIJNOR,AFZALGARH,ALI1ARPUR,324,324,"7/22/2019 12:00:00 AM"
"Uttar Pradesh",BIJNOR,AFZALGARH,"ALLAHA1PUR MOKAM",307,307,"7/22/2019 12:00:00 AM"
"Uttar Pradesh",BIJNOR,AFZALGARH,"AMAN NAGAR",354,354,"7/22/2019 12:00:00 AM"
"Uttar Pradesh",BIJNOR,AFZALGARH,"ANANDI PUR",331,331,"7/22/2019 12:00:00 AM"
"Uttar Pradesh",BIJNOR,AFZALGARH,"ANWARPUR CHANDIKA",393,393,"7/22/2019 12:00:00 AM"
"Uttar Pradesh",BIJNOR,AFZALGARH,"ARAZI KANDRLA",1008,1008,"7/22/2019 12:00:00 AM"
"Uttar Pradesh",BIJNOR,AFZALGARH,"ASFABAD CHAMAN",680,680,"7/22/2019 12:00:00 AM"
"Uttar Pradesh",BIJNOR,AFZALGARH,BAZIDPUR,490,490,"7/22/2019 12:00:00 AM"
"Uttar Pradesh",BIJNOR,AFZALGARH,"BERKHERA AHATMALI",325,325,"7/22/2019 12:00:00 AM"
"Uttar Pradesh",BIJNOR,AFZALGARH,BHATPURA,348,348,"7/22/2019 12:00:00 AM"
"Uttar Pradesh",BIJNOR,AFZALGARH,BHAWANIPUR,649,649,"7/22/2019 12:00:00 AM"
"Uttar Pradesh",BIJNOR,AFZALGARH,CHAJMALWALA,157,157,"7/22/2019 12:00:00 AM"
"Uttar Pradesh",BIJNOR,AFZALGARH,"CHAMATPUR CHAKLA",268,268,"7/22/2019 12:00:00 AM"
"Uttar Pradesh",BIJNOR,AFZALGARH,CHANDPUR,516,516,"7/22/2019 12:00:00 AM"
"Uttar Pradesh",BIJNOR,AFZALGARH,DAHALAWALA,436,436,"7/22/2019 12:00:00 AM"
"Uttar Pradesh",BIJNOR,AFZALGARH,"DULI CHANDPUR",411,411,"7/22/2019 12:00:00 AM"
"Uttar Pradesh",BIJNOR,AFZALGARH,"FATEHPUR DHARA",743,743,"7/22/2019 12:00:00 AM"
"Uttar Pradesh",BIJNOR,AFZALGARH,FAZALPUR,1175,1175,"7/22/2019 12:00:00 AM"
"Uttar Pradesh",BIJNOR,AFZALGARH,"FAZLABAD PARMANANDPUR",747,747,"7/22/2019 12:00:00 AM"
"Uttar Pradesh",BIJNOR,AFZALGARH,GORDHANPUR,837,837,"7/22/2019 12:00:00 AM"
"Uttar Pradesh",BIJNOR,AFZALGARH,HAREWALA,626,626,"7/22/2019 12:00:00 AM"
"Uttar Pradesh",BIJNOR,AFZALGARH,"HAREWALI BILA AHATMALI",820,820,"7/22/2019 12:00:00 AM"
"Uttar Pradesh",BIJNOR,AFZALGARH,HARKISHANPUR,327,327,"7/22/2019 12:00:00 AM"
"Uttar Pradesh",BIJNOR,AFZALGARH,HARPUR,570,570,"7/22/2019 12:00:00 AM"
"Uttar Pradesh",BIJNOR,AFZALGARH,HASANPUR,463,463,"7/22/2019 12:00:00 AM"
"Uttar Pradesh",BIJNOR,AFZALGARH,"HEERAPUR GOKAL",656,656,"7/22/2019 12:00:00 AM"
"Uttar Pradesh",BIJNOR,AFZALGARH,HIDAYATPUR,1319,1319,"7/22/2019 12:00:00 AM"
"Uttar Pradesh",BIJNOR,AFZALGARH,"ISLAM NAGAR",1060,1060,"7/22/2019 12:00:00 AM"
"Uttar Pradesh",BIJNOR,AFZALGARH,"JABTA NAGAR",521,521,"7/22/2019 12:00:00 AM"
"Uttar Pradesh",BIJNOR,AFZALGARH,JAFARABAD,276,276,"7/22/2019 12:00:00 AM"
"Uttar Pradesh",BIJNOR,AFZALGARH,"JAI NEGAR",267,267,"7/22/2019 12:00:00 AM"
"Uttar Pradesh",BIJNOR,AFZALGARH,"JAI SINGH JOT",461,461,"7/22/2019 12:00:00 AM"
"Uttar Pradesh",BIJNOR,AFZALGARH,JATPURA,446,446,"7/22/2019 12:00:00 AM"
"Uttar Pradesh",BIJNOR,AFZALGARH,KALLUWALA,436,436,"7/22/2019 12:00:00 AM"
"Uttar Pradesh",BIJNOR,AFZALGARH,"KASHAMPUR GARHI",720,720,"7/22/2019 12:00:00 AM"
"Uttar Pradesh",BIJNOR,AFZALGARH,"KEHRIPUR JANGAL",499,499,"7/22/2019 12:00:00 AM"
"Uttar Pradesh",BIJNOR,AFZALGARH,KHIJARPUR,453,453,"7/22/2019 12:00:00 AM"
"Uttar Pradesh",BIJNOR,AFZALGARH,"KUNWA KHERA",410,410,"7/22/2019 12:00:00 AM"
"Uttar Pradesh",BIJNOR,AFZALGARH,MADHOWALA,550,550,"7/22/2019 12:00:00 AM"
"Uttar Pradesh",BIJNOR,AFZALGARH,MADHPURI,297,297,"7/22/2019 12:00:00 AM"
"Uttar Pradesh",BIJNOR,AFZALGARH,MAHAVATPUR,361,361,"7/22/2019 12:00:00 AM"
"Uttar Pradesh",BIJNOR,AFZALGARH,"MAKSUDABAD BILA AHATMALI",925,925,"7/22/2019 12:00:00 AM"
"Uttar Pradesh",BIJNOR,AFZALGARH,MEGHPUR,90,90,"7/22/2019 12:00:00 AM"
"Uttar Pradesh",BIJNOR,AFZALGARH,"MIRAPUR MODIWALA",506,506,"7/22/2019 12:00:00 AM"
"Uttar Pradesh",BIJNOR,AFZALGARH,"MOHAMMAD ALIPUR CHAUHAR",312,312,"7/22/2019 12:00:00 AM"
"Uttar Pradesh",BIJNOR,AFZALGARH,"MOHAMMAD NAGAR URF JOGIPURA",61,61,"7/22/2019 12:00:00 AM"
"Uttar Pradesh",BIJNOR,AFZALGARH,MOHIDDINPUR,145,145,"7/22/2019 12:00:00 AM"
"Uttar Pradesh",BIJNOR,AFZALGARH,"MOHMMADPUR RAJAURI",590,590,"7/22/2019 12:00:00 AM"
"Uttar Pradesh",BIJNOR,AFZALGARH,"NAGARPUR KHADAKSEN",112,112,"7/22/2019 12:00:00 AM"
"Uttar Pradesh",BIJNOR,AFZALGARH,NARAINWALA,605,605,"7/22/2019 12:00:00 AM"
"Uttar Pradesh",BIJNOR,AFZALGARH,NARAYANPUR,191,191,"7/22/2019 12:00:00 AM"
"Uttar Pradesh",BIJNOR,AFZALGARH,PADRATPUR,352,352,"7/22/2019 12:00:00 AM"
"Uttar Pradesh",BIJNOR,AFZALGARH,"PHATAHPUR DHARA (SALAWATPUR GIRDHAR)",1212,1212,"7/22/2019 12:00:00 AM"
"Uttar Pradesh",BIJNOR,AFZALGARH,PUKKHEWALA,207,207,"7/22/2019 12:00:00 AM"
"Uttar Pradesh",BIJNOR,AFZALGARH,"RAFETPUR HULAS",125,125,"7/22/2019 12:00:00 AM"
"Uttar Pradesh",BIJNOR,AFZALGARH,RAIPURI,46,46,"7/22/2019 12:00:00 AM"
"Uttar Pradesh",BIJNOR,AFZALGARH,"RAM NAGER",177,177,"7/22/2019 12:00:00 AM"
"Uttar Pradesh",BIJNOR,AFZALGARH,"RASOOLPUR ABAD",894,894,"7/22/2019 12:00:00 AM"
"Uttar Pradesh",BIJNOR,AFZALGARH,REHAR,891,891,"7/22/2019 12:00:00 AM"
"Uttar Pradesh",BIJNOR,AFZALGARH,"SAHNAGAR KURALI",1242,1242,"7/22/2019 12:00:00 AM"
"Uttar Pradesh",BIJNOR,AFZALGARH,"SALAWAT NAGAR",304,304,"7/22/2019 12:00:00 AM"
"Uttar Pradesh",BIJNOR,AFZALGARH,"SER BASU CHAND",958,958,"7/22/2019 12:00:00 AM"
"Uttar Pradesh",BIJNOR,AFZALGARH,"SHAHPUR JAMAL AHATMALI",472,472,"7/22/2019 12:00:00 AM"
"Uttar Pradesh",BIJNOR,AFZALGARH,"SHAHPUR JAMAL BA",557,557,"7/22/2019 12:00:00 AM"
"Uttar Pradesh",BIJNOR,AFZALGARH,SHAHZADPUR,678,678,"7/22/2019 12:00:00 AM"
"Uttar Pradesh",BIJNOR,AFZALGARH,SHERGARH,663,663,"7/22/2019 12:00:00 AM"
"Uttar Pradesh",BIJNOR,AFZALGARH,SHIVPURI,351,351,"7/22/2019 12:00:00 AM"
"Uttar Pradesh",BIJNOR,AFZALGARH,SIRYAWALI,73,73,"7/22/2019 12:00:00 AM"
"Uttar Pradesh",BIJNOR,AFZALGARH,SUAWALA,754,754,"7/22/2019 12:00:00 AM"
"Uttar Pradesh",BIJNOR,AFZALGARH,"SULTAN NAGAR URF SADAKPUR",339,339,"7/22/2019 12:00:00 AM"
"Uttar Pradesh",BIJNOR,AFZALGARH,"SULTANPUR KHAS",492,492,"7/22/2019 12:00:00 AM"
"Uttar Pradesh",BIJNOR,AFZALGARH,TIRLOKPUR,472,472,"7/22/2019 12:00:00 AM"
"Uttar Pradesh",BIJNOR,AFZALGARH,TURATPUR,644,644,"7/22/2019 12:00:00 AM"
"Uttar Pradesh",BIJNOR,AFZALGARH,"UMARPUR NATTHAN",227,227,"7/22/2019 12:00:00 AM"
"Uttar Pradesh",BIJNOR,AFZALGARH,VEERBHANWALA,177,177,"7/22/2019 12:00:00 AM"
"Uttar Pradesh",BIJNOR,"BUDHANPUR SEOHARA","AKBARPUR ASHA",252,252,"7/22/2019 12:00:00 AM"
"Uttar Pradesh",BIJNOR,"BUDHANPUR SEOHARA",ALADINPUR,413,413,"7/22/2019 12:00:00 AM"
"Uttar Pradesh",BIJNOR,"BUDHANPUR SEOHARA",ALAMPURI,304,304,"7/22/2019 12:00:00 AM"
"Uttar Pradesh",BIJNOR,"BUDHANPUR SEOHARA",AMANATPUR,256,256,"7/22/2019 12:00:00 AM"
"Uttar Pradesh",BIJNOR,"BUDHANPUR SEOHARA",AMINABAD,412,412,"7/22/2019 12:00:00 AM"
"Uttar Pradesh",BIJNOR,"BUDHANPUR SEOHARA",AMIRPUR,208,208,"7/22/2019 12:00:00 AM"
"Uttar Pradesh",BIJNOR,"BUDHANPUR SEOHARA","ANES NANGLI",382,382,"7/22/2019 12:00:00 AM"
"Uttar Pradesh",BIJNOR,"BUDHANPUR SEOHARA","AVIDNAGAR URF DHUNDLI",228,228,"7/22/2019 12:00:00 AM"
"Uttar Pradesh",BIJNOR,"BUDHANPUR SEOHARA",BAGWARA,329,329,"7/22/2019 12:00:00 AM"
"Uttar Pradesh",BIJNOR,"BUDHANPUR SEOHARA","BALLA NANGLA",149,149,"7/22/2019 12:00:00 AM"
"Uttar Pradesh",BIJNOR,"BUDHANPUR SEOHARA",BAMNOLI,563,563,"7/22/2019 12:00:00 AM"
"Uttar Pradesh",BIJNOR,"BUDHANPUR SEOHARA",BEHLOLPUR,477,477,"7/22/2019 12:00:00 AM"
"Uttar Pradesh",BIJNOR,"BUDHANPUR SEOHARA",BERKHERA,323,323,"7/22/2019 12:00:00 AM"
"Uttar Pradesh",BIJNOR,"BUDHANPUR SEOHARA","BHAGWANPUR RAINI",763,763,"7/22/2019 12:00:00 AM"
"Uttar Pradesh",BIJNOR,"BUDHANPUR SEOHARA",BHOGPUR,543,543,"7/22/2019 12:00:00 AM"
"Uttar Pradesh",BIJNOR,"BUDHANPUR SEOHARA",BISHANPURA,399,399,"7/22/2019 12:00:00 AM"
"Uttar Pradesh",BIJNOR,"BUDHANPUR SEOHARA",BUDHANPURA,535,535,"7/22/2019 12:00:00 AM"
"Uttar Pradesh",BIJNOR,"BUDHANPUR SEOHARA","BURHA NANGLA",295,295,"7/22/2019 12:00:00 AM"
"Uttar Pradesh",BIJNOR,"BUDHANPUR SEOHARA","CHAK MAHMUDSANI",309,309,"7/22/2019 12:00:00 AM"
"Uttar Pradesh",BIJNOR,"BUDHANPUR SEOHARA","DEHRA BULANDI",407,407,"7/22/2019 12:00:00 AM"
"Uttar Pradesh",BIJNOR,"BUDHANPUR SEOHARA",DHINGRAPUR,265,265,"7/22/2019 12:00:00 AM"
"Uttar Pradesh",BIJNOR,"BUDHANPUR SEOHARA",DILDARPUR,253,253,"7/22/2019 12:00:00 AM"
"Uttar Pradesh",BIJNOR,"BUDHANPUR SEOHARA",DULATABAD,177,177,"7/22/2019 12:00:00 AM"
"Uttar Pradesh",BIJNOR,"BUDHANPUR SEOHARA",FAZULLAPUR,958,958,"7/22/2019 12:00:00 AM"
"Uttar Pradesh",BIJNOR,"BUDHANPUR SEOHARA","GENDA JUD",435,435,"7/22/2019 12:00:00 AM"
"Uttar Pradesh",BIJNOR,"BUDHANPUR SEOHARA",GOVINDPUR,380,380,"7/22/2019 12:00:00 AM"
"Uttar Pradesh",BIJNOR,"BUDHANPUR SEOHARA","HALDUA MAFI",91,91,"7/22/2019 12:00:00 AM"
"Uttar Pradesh",BIJNOR,"BUDHANPUR SEOHARA",HIRANPURA,233,233,"7/22/2019 12:00:00 AM"
"Uttar Pradesh",BIJNOR,"BUDHANPUR SEOHARA","HUSAINPUR KALA",327,327,"7/22/2019 12:00:00 AM"
"Uttar Pradesh",BIJNOR,"BUDHANPUR SEOHARA",JAIRAMPUR,282,282,"7/22/2019 12:00:00 AM"
"Uttar Pradesh",BIJNOR,"BUDHANPUR SEOHARA","JAMALPUR MAHIPAT",308,308,"7/22/2019 12:00:00 AM"
"Uttar Pradesh",BIJNOR,"BUDHANPUR SEOHARA",JAMAPUR,278,278,"7/22/2019 12:00:00 AM"
"Uttar Pradesh",BIJNOR,"BUDHANPUR SEOHARA",KADRABAD,301,301,"7/22/2019 12:00:00 AM"
"Uttar Pradesh",BIJNOR,"BUDHANPUR SEOHARA",KAMALA,282,282,"7/22/2019 12:00:00 AM"
"Uttar Pradesh",BIJNOR,"BUDHANPUR SEOHARA",KASMABAD,330,330,"7/22/2019 12:00:00 AM"
"Uttar Pradesh",BIJNOR,"BUDHANPUR SEOHARA",KAZAMPUR,262,262,"7/22/2019 12:00:00 AM"
"Uttar Pradesh",BIJNOR,"BUDHANPUR SEOHARA",KHALEELPUR,479,479,"7/22/2019 12:00:00 AM"
"Uttar Pradesh",BIJNOR,"BUDHANPUR SEOHARA",KHANPUR,427,427,"7/22/2019 12:00:00 AM"
"Uttar Pradesh",BIJNOR,"BUDHANPUR SEOHARA",KHERI,309,309,"7/22/2019 12:00:00 AM"
"Uttar Pradesh",BIJNOR,"BUDHANPUR SEOHARA",KIWAR,498,498,"7/22/2019 12:00:00 AM"
"Uttar Pradesh",BIJNOR,"BUDHANPUR SEOHARA","KOLA SAGAR",88,88,"7/22/2019 12:00:00 AM"
"Uttar Pradesh",BIJNOR,"BUDHANPUR SEOHARA","KUDI BANGAR",445,445,"7/22/2019 12:00:00 AM"
"Uttar Pradesh",BIJNOR,"BUDHANPUR SEOHARA","LAMBA KHERA",410,410,"7/22/2019 12:00:00 AM"
"Uttar Pradesh",BIJNOR,"BUDHANPUR SEOHARA",LAMBIA,186,186,"7/22/2019 12:00:00 AM"
"Uttar Pradesh",BIJNOR,"BUDHANPUR SEOHARA","M.ALIPUR INA1AT",439,439,"7/22/2019 12:00:00 AM"
"Uttar Pradesh",BIJNOR,"BUDHANPUR SEOHARA","MADHAVPUR UDA1CHAND",245,245,"7/22/2019 12:00:00 AM"
"Uttar Pradesh",BIJNOR,"BUDHANPUR SEOHARA",MAHMUDPUR,522,522,"7/22/2019 12:00:00 AM"
"Uttar Pradesh",BIJNOR,"BUDHANPUR SEOHARA",MAHUPURA,209,209,"7/22/2019 12:00:00 AM"
"Uttar Pradesh",BIJNOR,"BUDHANPUR SEOHARA",MAKSANPUR,219,219,"7/22/2019 12:00:00 AM"
"Uttar Pradesh",BIJNOR,"BUDHANPUR SEOHARA",MAKSUDPUR,450,450,"7/22/2019 12:00:00 AM"
"Uttar Pradesh",BIJNOR,"BUDHANPUR SEOHARA",MALAKPUR,292,292,"7/22/2019 12:00:00 AM"
"Uttar Pradesh",BIJNOR,"BUDHANPUR SEOHARA",MANDORI,661,661,"7/22/2019 12:00:00 AM"
"Uttar Pradesh",BIJNOR,"BUDHANPUR SEOHARA",MEWAJAT,726,726,"7/22/2019 12:00:00 AM"
"Uttar Pradesh",BIJNOR,"BUDHANPUR SEOHARA",MEWANABADA,567,567,"7/22/2019 12:00:00 AM"
"Uttar Pradesh",BIJNOR,"BUDHANPUR SEOHARA","MEWLA MAFI",297,297,"7/22/2019 12:00:00 AM"
"Uttar Pradesh",BIJNOR,"BUDHANPUR SEOHARA",MITTHEPUR,219,219,"7/22/2019 12:00:00 AM"
"Uttar Pradesh",BIJNOR,"BUDHANPUR SEOHARA","MUBARAKPUR MADHO",368,368,"7/22/2019 12:00:00 AM"
"Uttar Pradesh",BIJNOR,"BUDHANPUR SEOHARA","MUNDA KHERI",273,273,"7/22/2019 12:00:00 AM"
"Uttar Pradesh",BIJNOR,"BUDHANPUR SEOHARA",MURTAJANAGAR,345,345,"7/22/2019 12:00:00 AM"
"Uttar Pradesh",BIJNOR,"BUDHANPUR SEOHARA","NAMDARPUR CHANDAN",188,188,"7/22/2019 12:00:00 AM"
"Uttar Pradesh",BIJNOR,"BUDHANPUR SEOHARA",NICHALPUR,258,258,"7/22/2019 12:00:00 AM"
"Uttar Pradesh",BIJNOR,"BUDHANPUR SEOHARA",PAINDAPUR,352,352,"7/22/2019 12:00:00 AM"
"Uttar Pradesh",BIJNOR,"BUDHANPUR SEOHARA",PALANPUR,320,320,"7/22/2019 12:00:00 AM"
"Uttar Pradesh",BIJNOR,"BUDHANPUR SEOHARA",PITTHAPUR,352,352,"7/22/2019 12:00:00 AM"
"Uttar Pradesh",BIJNOR,"BUDHANPUR SEOHARA",RAHMANPUR(REHPANPUR),336,336,"7/22/2019 12:00:00 AM"
"Uttar Pradesh",BIJNOR,"BUDHANPUR SEOHARA",RAHTAULI,480,480,"7/22/2019 12:00:00 AM"
"Uttar Pradesh",BIJNOR,"BUDHANPUR SEOHARA","RAM KHERA",500,500,"7/22/2019 12:00:00 AM"
"Uttar Pradesh",BIJNOR,"BUDHANPUR SEOHARA",RAMPUR,180,180,"7/22/2019 12:00:00 AM"
"Uttar Pradesh",BIJNOR,"BUDHANPUR SEOHARA","RAMPUR DULLI",171,171,"7/22/2019 12:00:00 AM"
"Uttar Pradesh",BIJNOR,"BUDHANPUR SEOHARA",RANAWALI,229,229,"7/22/2019 12:00:00 AM"
"Uttar Pradesh",BIJNOR,"BUDHANPUR SEOHARA","RASOOLPUR KASBA",214,214,"7/22/2019 12:00:00 AM"
"Uttar Pradesh",BIJNOR,"BUDHANPUR SEOHARA",RATANPURA,443,443,"7/22/2019 12:00:00 AM"
"Uttar Pradesh",BIJNOR,"BUDHANPUR SEOHARA","RAVANA SHIKARPUR",857,857,"7/22/2019 12:00:00 AM"
"Uttar Pradesh",BIJNOR,"BUDHANPUR SEOHARA",SABDALPUR,350,350,"7/22/2019 12:00:00 AM"
"Uttar Pradesh",BIJNOR,"BUDHANPUR SEOHARA",SADAFAL,519,519,"7/22/2019 12:00:00 AM"
"Uttar Pradesh",BIJNOR,"BUDHANPUR SEOHARA",SADHARANPUR,344,344,"7/22/2019 12:00:00 AM"
"Uttar Pradesh",BIJNOR,"BUDHANPUR SEOHARA","SAHASPURA AHATMALI",350,350,"7/22/2019 12:00:00 AM"
"Uttar Pradesh",BIJNOR,"BUDHANPUR SEOHARA","SATTO NANGLI",352,352,"7/22/2019 12:00:00 AM"
"Uttar Pradesh",BIJNOR,"BUDHANPUR SEOHARA",SATWAI,382,382,"7/22/2019 12:00:00 AM"
"Uttar Pradesh",BIJNOR,"BUDHANPUR SEOHARA",SHAHPUR,284,284,"7/22/2019 12:00:00 AM"
"Uttar Pradesh",BIJNOR,"BUDHANPUR SEOHARA","SHAHPUR HARRA1A",439,439,"7/22/2019 12:00:00 AM"
"Uttar Pradesh",BIJNOR,"BUDHANPUR SEOHARA","SUMAL KHERI",129,129,"7/22/2019 12:00:00 AM"
"Uttar Pradesh",BIJNOR,"BUDHANPUR SEOHARA","SURA NANGLA",328,328,"7/22/2019 12:00:00 AM"
"Uttar Pradesh",BIJNOR,"BUDHANPUR SEOHARA","VAZIRPUR BILA AHATMALI",241,241,"7/22/2019 12:00:00 AM"
"Uttar Pradesh",BIJNOR,"BUDHANPUR SEOHARA","WAZIRPUR AHATMALI",517,517,"7/22/2019 12:00:00 AM"
"Uttar Pradesh",BIJNOR,DHAMPUR,"AJAMPUR JAMNI BHAN  AHATMALI",447,447,"7/22/2019 12:00:00 AM"
"Uttar Pradesh",BIJNOR,DHAMPUR,"AJAMPUR JAMNI BHAN AHATMALI (AURANG SHAHPUR NARAIA",226,226,"7/22/2019 12:00:00 AM"
"Uttar Pradesh",BIJNOR,DHAMPUR,AJITPURDASI,466,466,"7/22/2019 12:00:00 AM"
"Uttar Pradesh",BIJNOR,DHAMPUR,"ALADINPUR BHATPURA",524,524,"7/22/2019 12:00:00 AM"
"Uttar Pradesh",BIJNOR,DHAMPUR,ALADINPURBHOGI,552,552,"7/22/2019 12:00:00 AM"
"Uttar Pradesh",BIJNOR,DHAMPUR,ALLHEPUR,885,885,"7/22/2019 12:00:00 AM"
"Uttar Pradesh",BIJNOR,DHAMPUR,"AMKHERA SHAJARPUR",1019,1019,"7/22/2019 12:00:00 AM"
"Uttar Pradesh",BIJNOR,DHAMPUR,"ASFABAD BHAVAN BILA AHATMALI",292,292,"7/22/2019 12:00:00 AM"
"Uttar Pradesh",BIJNOR,DHAMPUR,"AURANGSHAHPUR BANWARI",557,557,"7/22/2019 12:00:00 AM"
"Uttar Pradesh",BIJNOR,DHAMPUR,"BADSHAHPUR LAXMISAIN",268,268,"7/22/2019 12:00:00 AM"
"Uttar Pradesh",BIJNOR,DHAMPUR,BAKSHANPUR,671,671,"7/22/2019 12:00:00 AM"
"Uttar Pradesh",BIJNOR,DHAMPUR,"BAL KISHAN PUR",499,499,"7/22/2019 12:00:00 AM"
"Uttar Pradesh",BIJNOR,DHAMPUR,BAMNOLI,114,114,"7/22/2019 12:00:00 AM"
"Uttar Pradesh",BIJNOR,DHAMPUR,"BASERA NARAIN",487,487,"7/22/2019 12:00:00 AM"
"Uttar Pradesh",BIJNOR,DHAMPUR,"BERKHERA CHAUHAN",277,277,"7/22/2019 12:00:00 AM"
"Uttar Pradesh",BIJNOR,DHAMPUR,"BERKHERA TANDA BILA AHATMALI",371,371,"7/22/2019 12:00:00 AM"
"Uttar Pradesh",BIJNOR,DHAMPUR,"BUAPUR NATHU",527,527,"7/22/2019 12:00:00 AM"
"Uttar Pradesh",BIJNOR,DHAMPUR,"CHAK MOHMAD NAGAR",742,742,"7/22/2019 12:00:00 AM"
"Uttar Pradesh",BIJNOR,DHAMPUR,"CHAK SHAHJANI",291,291,"7/22/2019 12:00:00 AM"
"Uttar Pradesh",BIJNOR,DHAMPUR,CHAKRAJMAL,1331,1331,"7/22/2019 12:00:00 AM"
"Uttar Pradesh",BIJNOR,DHAMPUR,"DAULAT PUR SUKHA",647,647,"7/22/2019 12:00:00 AM"
"Uttar Pradesh",BIJNOR,DHAMPUR,"DHAKKA KARAM CHAND",777,777,"7/22/2019 12:00:00 AM"
"Uttar Pradesh",BIJNOR,DHAMPUR,"DHAMPUR HISAINPUR",1121,1121,"7/22/2019 12:00:00 AM"
"Uttar Pradesh",BIJNOR,DHAMPUR,DITTANPUR,670,670,"7/22/2019 12:00:00 AM"
"Uttar Pradesh",BIJNOR,DHAMPUR,"FATAHPUR JAMAL",398,398,"7/22/2019 12:00:00 AM"
"Uttar Pradesh",BIJNOR,DHAMPUR,"FATEHPUR LAL BILA AHATMALI",250,250,"7/22/2019 12:00:00 AM"
"Uttar Pradesh",BIJNOR,DHAMPUR,"GAJROLA BILA AHATMALI",287,287,"7/22/2019 12:00:00 AM"
"Uttar Pradesh",BIJNOR,DHAMPUR,"GAJU PURA",362,362,"7/22/2019 12:00:00 AM"
"Uttar Pradesh",BIJNOR,DHAMPUR,"GHURADA BILA AHATMALI",299,299,"7/22/2019 12:00:00 AM"
"Uttar Pradesh",BIJNOR,DHAMPUR,"HAFIJABAD SHARKI",656,656,"7/22/2019 12:00:00 AM"
"Uttar Pradesh",BIJNOR,DHAMPUR,"HAKIMPURSHAN KARGANJ",833,833,"7/22/2019 12:00:00 AM"
"Uttar Pradesh",BIJNOR,DHAMPUR,"HARA AHMADPUR JALAL",65,65,"7/22/2019 12:00:00 AM"
"Uttar Pradesh",BIJNOR,DHAMPUR,HARIYANA,80,80,"7/22/2019 12:00:00 AM"
"Uttar Pradesh",BIJNOR,DHAMPUR,"HASANPUR PALKI",409,409,"7/22/2019 12:00:00 AM"
"Uttar Pradesh",BIJNOR,DHAMPUR,"HUSAINPUR HAMEED",308,308,"7/22/2019 12:00:00 AM"
"Uttar Pradesh",BIJNOR,DHAMPUR,"IBRAHIM PUR NARAIN",262,262,"7/22/2019 12:00:00 AM"
"Uttar Pradesh",BIJNOR,DHAMPUR,"JAHANGIRA BAD MILAK",590,590,"7/22/2019 12:00:00 AM"
"Uttar Pradesh",BIJNOR,DHAMPUR,"JAMAL PUR UDAYCHAND BILA AHATM",659,659,"7/22/2019 12:00:00 AM"
"Uttar Pradesh",BIJNOR,DHAMPUR,"JAMALPUR ALAM",266,266,"7/22/2019 12:00:00 AM"
"Uttar Pradesh",BIJNOR,DHAMPUR,"JOT HIMMA BILA AHATMALI",724,724,"7/22/2019 12:00:00 AM"
"Uttar Pradesh",BIJNOR,DHAMPUR,"KIRAR KHERI",445,445,"7/22/2019 12:00:00 AM"
"Uttar Pradesh",BIJNOR,DHAMPUR,KODUPURA,296,296,"7/22/2019 12:00:00 AM"
"Uttar Pradesh",BIJNOR,DHAMPUR,"KOPA BILA AHATMALI",184,184,"7/22/2019 12:00:00 AM"
"Uttar Pradesh",BIJNOR,DHAMPUR,"LATIFPUR BILA AHATMALI",527,527,"7/22/2019 12:00:00 AM"
"Uttar Pradesh",BIJNOR,DHAMPUR,"MAKRANDPUR MANAK",271,271,"7/22/2019 12:00:00 AM"
"Uttar Pradesh",BIJNOR,DHAMPUR,MANKUA,267,267,"7/22/2019 12:00:00 AM"
"Uttar Pradesh",BIJNOR,DHAMPUR,"MANPUR SHIVPURI",279,279,"7/22/2019 12:00:00 AM"
"Uttar Pradesh",BIJNOR,DHAMPUR,MIMLA,604,604,"7/22/2019 12:00:00 AM"
"Uttar Pradesh",BIJNOR,DHAMPUR,MIRZAPUR,566,566,"7/22/2019 12:00:00 AM"
"Uttar Pradesh",BIJNOR,DHAMPUR,"MO.ALIPUR LALMAN",331,331,"7/22/2019 12:00:00 AM"
"Uttar Pradesh",BIJNOR,DHAMPUR,"MOHAMMAD ALIPUR BHIKAN",491,491,"7/22/2019 12:00:00 AM"
"Uttar Pradesh",BIJNOR,DHAMPUR,"MOHAMMADPUR SULTAN",50,50,"7/22/2019 12:00:00 AM"
"Uttar Pradesh",BIJNOR,DHAMPUR,"MOHD. PUR JAMAL",385,385,"7/22/2019 12:00:00 AM"
"Uttar Pradesh",BIJNOR,DHAMPUR,"MOHMADPUR SADA BILA AHATMALI",328,328,"7/22/2019 12:00:00 AM"
"Uttar Pradesh",BIJNOR,DHAMPUR,MORHA,415,415,"7/22/2019 12:00:00 AM"
"Uttar Pradesh",BIJNOR,DHAMPUR,"MOZAMPUR SURAJ",380,380,"7/22/2019 12:00:00 AM"
"Uttar Pradesh",BIJNOR,DHAMPUR,"MOZAMPUR ZAITRA",1535,1535,"7/22/2019 12:00:00 AM"
"Uttar Pradesh",BIJNOR,DHAMPUR,"MUBARAKPUR TAPPA AHATMALI",381,381,"7/22/2019 12:00:00 AM"
"Uttar Pradesh",BIJNOR,DHAMPUR,"MUKERPURI BILA AHATMALI",685,685,"7/22/2019 12:00:00 AM"
"Uttar Pradesh",BIJNOR,DHAMPUR,"MUSTAFAPUR TAYYAB BILA AHATMAL",518,518,"7/22/2019 12:00:00 AM"
"Uttar Pradesh",BIJNOR,DHAMPUR,"NAGLAN NENSI BILA AHATMALI",332,332,"7/22/2019 12:00:00 AM"
"Uttar Pradesh",BIJNOR,DHAMPUR,"NANGLA BHAJJA BILA AHATMALI",487,487,"7/22/2019 12:00:00 AM"
"Uttar Pradesh",BIJNOR,DHAMPUR,"NANGLA GANNA BILA AHATMALI",351,351,"7/22/2019 12:00:00 AM"
"Uttar Pradesh",BIJNOR,DHAMPUR,"NANGLA NATTHA BA",112,112,"7/22/2019 12:00:00 AM"
"Uttar Pradesh",BIJNOR,DHAMPUR,"NANGLI LADAN",675,675,"7/22/2019 12:00:00 AM"
"Uttar Pradesh",BIJNOR,DHAMPUR,"NASIRPUR BANWARI",182,182,"7/22/2019 12:00:00 AM"
"Uttar Pradesh",BIJNOR,DHAMPUR,"NATHADOI BILA AHATMALI",494,494,"7/22/2019 12:00:00 AM"
"Uttar Pradesh",BIJNOR,DHAMPUR,"NAVADA KESHO",396,396,"7/22/2019 12:00:00 AM"
"Uttar Pradesh",BIJNOR,DHAMPUR,"NAVADA SAIDPUR JALAL",355,355,"7/22/2019 12:00:00 AM"
"Uttar Pradesh",BIJNOR,DHAMPUR,"NINDRU KHAS",2204,2204,"7/22/2019 12:00:00 AM"
"Uttar Pradesh",BIJNOR,DHAMPUR,"NOORPUR CHIBRI",655,655,"7/22/2019 12:00:00 AM"
"Uttar Pradesh",BIJNOR,DHAMPUR,"NORULLAPUR UDA1ACHAND",687,687,"7/22/2019 12:00:00 AM"
"Uttar Pradesh",BIJNOR,DHAMPUR,"NURULLA PUR",399,399,"7/22/2019 12:00:00 AM"
"Uttar Pradesh",BIJNOR,DHAMPUR,"PALKI AMAN BILA AHATMALI",312,312,"7/22/2019 12:00:00 AM"
"Uttar Pradesh",BIJNOR,DHAMPUR,PIPALSANA,514,514,"7/22/2019 12:00:00 AM"
"Uttar Pradesh",BIJNOR,DHAMPUR,"PRITHI PARBANWARI",600,600,"7/22/2019 12:00:00 AM"
"Uttar Pradesh",BIJNOR,DHAMPUR,PURANPUR,92,92,"7/22/2019 12:00:00 AM"
"Uttar Pradesh",BIJNOR,DHAMPUR,"RAIPUR MALOOK",520,520,"7/22/2019 12:00:00 AM"
"Uttar Pradesh",BIJNOR,DHAMPUR,RAMTHERA,243,243,"7/22/2019 12:00:00 AM"
"Uttar Pradesh",BIJNOR,DHAMPUR,"RASULPUR MO. KULI",645,645,"7/22/2019 12:00:00 AM"
"Uttar Pradesh",BIJNOR,DHAMPUR,"SADDOVAR BILA AHATMALI",199,199,"7/22/2019 12:00:00 AM"
"Uttar Pradesh",BIJNOR,DHAMPUR,"SADULLA KHANPUR",425,425,"7/22/2019 12:00:00 AM"
"Uttar Pradesh",BIJNOR,DHAMPUR,"SAHANPUR NAVADA",60,60,"7/22/2019 12:00:00 AM"
"Uttar Pradesh",BIJNOR,DHAMPUR,SALARABAD,309,309,"7/22/2019 12:00:00 AM"
"Uttar Pradesh",BIJNOR,DHAMPUR,SALAWA,380,380,"7/22/2019 12:00:00 AM"
"Uttar Pradesh",BIJNOR,DHAMPUR,"SALEM SARAI",389,389,"7/22/2019 12:00:00 AM"
"Uttar Pradesh",BIJNOR,DHAMPUR,SARAKTHALSANI,341,341,"7/22/2019 12:00:00 AM"
"Uttar Pradesh",BIJNOR,DHAMPUR,"SHAH ALIPUR UTTAMCHAND BILA AH",284,284,"7/22/2019 12:00:00 AM"
"Uttar Pradesh",BIJNOR,DHAMPUR,"SHAHALIPUR NICHAL BILA AHATMAL",526,526,"7/22/2019 12:00:00 AM"
"Uttar Pradesh",BIJNOR,DHAMPUR,"SHEKPUR BHAWRA",194,194,"7/22/2019 12:00:00 AM"
"Uttar Pradesh",BIJNOR,DHAMPUR,"SUHAGPUR B.A.",859,859,"7/22/2019 12:00:00 AM"
"Uttar Pradesh",BIJNOR,DHAMPUR,TAPRAULA,537,537,"7/22/2019 12:00:00 AM"
"Uttar Pradesh",BIJNOR,DHAMPUR,"THATA JAT",447,447,"7/22/2019 12:00:00 AM"
"Uttar Pradesh",BIJNOR,DHAMPUR,TIBRI,423,423,"7/22/2019 12:00:00 AM"
"Uttar Pradesh",BIJNOR,DHAMPUR,"UMARPUR ASHA BILA AHATMALI",587,587,"7/22/2019 12:00:00 AM"
"Uttar Pradesh",BIJNOR,DHAMPUR,"UMARPUR KHADAR",322,322,"7/22/2019 12:00:00 AM"
"Uttar Pradesh",BIJNOR,DHAMPUR,WAZIDPUR,365,365,"7/22/2019 12:00:00 AM"
"Uttar Pradesh",BIJNOR,"HALDAUR(KHARI JHALU)","ABDULPUR MUNNA",196,196,"7/22/2019 12:00:00 AM"
"Uttar Pradesh",BIJNOR,"HALDAUR(KHARI JHALU)",AGARI,299,299,"7/22/2019 12:00:00 AM"
"Uttar Pradesh",BIJNOR,"HALDAUR(KHARI JHALU)","AHAMADPUR CHANDAR URF GADANA",1123,1123,"7/22/2019 12:00:00 AM"
"Uttar Pradesh",BIJNOR,"HALDAUR(KHARI JHALU)",AKHLASPUR,289,289,"7/22/2019 12:00:00 AM"
"Uttar Pradesh",BIJNOR,"HALDAUR(KHARI JHALU)",AMHERA,721,721,"7/22/2019 12:00:00 AM"
"Uttar Pradesh",BIJNOR,"HALDAUR(KHARI JHALU)","ATAPUR URF KHATAPUR",922,922,"7/22/2019 12:00:00 AM"
"Uttar Pradesh",BIJNOR,"HALDAUR(KHARI JHALU)",BAJEEDPUR,150,150,"7/22/2019 12:00:00 AM"
"Uttar Pradesh",BIJNOR,"HALDAUR(KHARI JHALU)",BALDIYA,415,415,"7/22/2019 12:00:00 AM"
"Uttar Pradesh",BIJNOR,"HALDAUR(KHARI JHALU)",BALDLA,0,0,"7/22/2019 12:00:00 AM"
"Uttar Pradesh",BIJNOR,"HALDAUR(KHARI JHALU)",BHARAIRA,246,246,"7/22/2019 12:00:00 AM"
"Uttar Pradesh",BIJNOR,"HALDAUR(KHARI JHALU)","BIJNOR RURAL(KADARPUR JASWANT)",499,499,"7/22/2019 12:00:00 AM"
"Uttar Pradesh",BIJNOR,"HALDAUR(KHARI JHALU)",BISAT,396,396,"7/22/2019 12:00:00 AM"
"Uttar Pradesh",BIJNOR,"HALDAUR(KHARI JHALU)","CHANDA NANGLI",390,390,"7/22/2019 12:00:00 AM"
"Uttar Pradesh",BIJNOR,"HALDAUR(KHARI JHALU)",CHANDANPURA,236,236,"7/22/2019 12:00:00 AM"
"Uttar Pradesh",BIJNOR,"HALDAUR(KHARI JHALU)","CHHACHARI TEEP",349,349,"7/22/2019 12:00:00 AM"
"Uttar Pradesh",BIJNOR,"HALDAUR(KHARI JHALU)",CHOWKPURI,1047,1047,"7/22/2019 12:00:00 AM"
"Uttar Pradesh",BIJNOR,"HALDAUR(KHARI JHALU)","DARANAGAR BILA AHATMALI",521,521,"7/22/2019 12:00:00 AM"
"Uttar Pradesh",BIJNOR,"HALDAUR(KHARI JHALU)",DHANORI,410,410,"7/22/2019 12:00:00 AM"
"Uttar Pradesh",BIJNOR,"HALDAUR(KHARI JHALU)",DHARAMPURA,229,229,"7/22/2019 12:00:00 AM"
"Uttar Pradesh",BIJNOR,"HALDAUR(KHARI JHALU)","FAREEDPUR BHOGAN",488,488,"7/22/2019 12:00:00 AM"
"Uttar Pradesh",BIJNOR,"HALDAUR(KHARI JHALU)","FARIDPUR SADHIRAN",368,368,"7/22/2019 12:00:00 AM"
"Uttar Pradesh",BIJNOR,"HALDAUR(KHARI JHALU)","FATEHPUR KALAN",179,179,"7/22/2019 12:00:00 AM"
"Uttar Pradesh",BIJNOR,"HALDAUR(KHARI JHALU)","FATEHPUR NOABAD",391,391,"7/22/2019 12:00:00 AM"
"Uttar Pradesh",BIJNOR,"HALDAUR(KHARI JHALU)","FATEHULLA PUR PAUTA",572,572,"7/22/2019 12:00:00 AM"
"Uttar Pradesh",BIJNOR,"HALDAUR(KHARI JHALU)",GANGADASPUR,279,279,"7/22/2019 12:00:00 AM"
"Uttar Pradesh",BIJNOR,"HALDAUR(KHARI JHALU)","GANGORA JAT",277,277,"7/22/2019 12:00:00 AM"
"Uttar Pradesh",BIJNOR,"HALDAUR(KHARI JHALU)","GANGORA SHEKH",543,543,"7/22/2019 12:00:00 AM"
"Uttar Pradesh",BIJNOR,"HALDAUR(KHARI JHALU)","GANGU NAGLA",568,568,"7/22/2019 12:00:00 AM"
"Uttar Pradesh",BIJNOR,"HALDAUR(KHARI JHALU)",GHOMANPUR,264,264,"7/22/2019 12:00:00 AM"
"Uttar Pradesh",BIJNOR,"HALDAUR(KHARI JHALU)",GOPALPUR,191,191,"7/22/2019 12:00:00 AM"
"Uttar Pradesh",BIJNOR,"HALDAUR(KHARI JHALU)","HARDASPUR JAFRABAD GARHI",312,312,"7/22/2019 12:00:00 AM"
"Uttar Pradesh",BIJNOR,"HALDAUR(KHARI JHALU)","IBRAHIMPUR URF KUMHARPURA",467,467,"7/22/2019 12:00:00 AM"
"Uttar Pradesh",BIJNOR,"HALDAUR(KHARI JHALU)",INAMPURA,284,284,"7/22/2019 12:00:00 AM"
"Uttar Pradesh",BIJNOR,"HALDAUR(KHARI JHALU)",ISAPUR,338,338,"7/22/2019 12:00:00 AM"
"Uttar Pradesh",BIJNOR,"HALDAUR(KHARI JHALU)","ISLAMPUR NEEMDAS",247,247,"7/22/2019 12:00:00 AM"
"Uttar Pradesh",BIJNOR,"HALDAUR(KHARI JHALU)","ISLAMPUR THAMBUCHAU",399,399,"7/22/2019 12:00:00 AM"
"Uttar Pradesh",BIJNOR,"HALDAUR(KHARI JHALU)","JAHANABAD AHATMALI",682,682,"7/22/2019 12:00:00 AM"
"Uttar Pradesh",BIJNOR,"HALDAUR(KHARI JHALU)","JALALPUR HASNA",446,446,"7/22/2019 12:00:00 AM"
"Uttar Pradesh",BIJNOR,"HALDAUR(KHARI JHALU)",JEETPURA,1107,1107,"7/22/2019 12:00:00 AM"
"Uttar Pradesh",BIJNOR,"HALDAUR(KHARI JHALU)","KADAR PUR JASWANT",0,0,"7/22/2019 12:00:00 AM"
"Uttar Pradesh",BIJNOR,"HALDAUR(KHARI JHALU)",KAMBOR,494,494,"7/22/2019 12:00:00 AM"
"Uttar Pradesh",BIJNOR,"HALDAUR(KHARI JHALU)","KANHA NANGLA",530,530,"7/22/2019 12:00:00 AM"
"Uttar Pradesh",BIJNOR,"HALDAUR(KHARI JHALU)","KARANPUR GAUNRI",459,459,"7/22/2019 12:00:00 AM"
"Uttar Pradesh",BIJNOR,"HALDAUR(KHARI JHALU)",KARAPUR,439,439,"7/22/2019 12:00:00 AM"
"Uttar Pradesh",BIJNOR,"HALDAUR(KHARI JHALU)","KARIMNAGAR URF ULEDA",551,551,"7/22/2019 12:00:00 AM"
"Uttar Pradesh",BIJNOR,"HALDAUR(KHARI JHALU)",KHARI,813,813,"7/22/2019 12:00:00 AM"
"Uttar Pradesh",BIJNOR,"HALDAUR(KHARI JHALU)","KHERKI TAPPA NAGALA",192,192,"7/22/2019 12:00:00 AM"
"Uttar Pradesh",BIJNOR,"HALDAUR(KHARI JHALU)","KOOKARA ISLAMPUR",383,383,"7/22/2019 12:00:00 AM"
"Uttar Pradesh",BIJNOR,"HALDAUR(KHARI JHALU)",LADANPUR,651,651,"7/22/2019 12:00:00 AM"
"Uttar Pradesh",BIJNOR,"HALDAUR(KHARI JHALU)",LADAPURA,442,442,"7/22/2019 12:00:00 AM"
"Uttar Pradesh",BIJNOR,"HALDAUR(KHARI JHALU)","MANDORA JAT",234,234,"7/22/2019 12:00:00 AM"
"Uttar Pradesh",BIJNOR,"HALDAUR(KHARI JHALU)","MITHAN KUNWAR PRATAPSINGH",328,328,"7/22/2019 12:00:00 AM"
"Uttar Pradesh",BIJNOR,"HALDAUR(KHARI JHALU)","MUBARAKPUR KALAN",571,571,"7/22/2019 12:00:00 AM"
"Uttar Pradesh",BIJNOR,"HALDAUR(KHARI JHALU)","MUBARAKPUR TALAN",587,587,"7/22/2019 12:00:00 AM"
"Uttar Pradesh",BIJNOR,"HALDAUR(KHARI JHALU)","MUKARPUR GUJAR",311,311,"7/22/2019 12:00:00 AM"
"Uttar Pradesh",BIJNOR,"HALDAUR(KHARI JHALU)","MUKARPUR KHEMA",878,878,"7/22/2019 12:00:00 AM"
"Uttar Pradesh",BIJNOR,"HALDAUR(KHARI JHALU)","MUKARPUR SATTI",329,329,"7/22/2019 12:00:00 AM"
"Uttar Pradesh",BIJNOR,"HALDAUR(KHARI JHALU)",MUKRANDPUR,456,456,"7/22/2019 12:00:00 AM"
"Uttar Pradesh",BIJNOR,"HALDAUR(KHARI JHALU)","NANGAL JAT",632,632,"7/22/2019 12:00:00 AM"
"Uttar Pradesh",BIJNOR,"HALDAUR(KHARI JHALU)",NANGALI,822,822,"7/22/2019 12:00:00 AM"
"Uttar Pradesh",BIJNOR,"HALDAUR(KHARI JHALU)",NANUPURA,285,285,"7/22/2019 12:00:00 AM"
"Uttar Pradesh",BIJNOR,"HALDAUR(KHARI JHALU)","NASIRPUR NAINSINGH",346,346,"7/22/2019 12:00:00 AM"
"Uttar Pradesh",BIJNOR,"HALDAUR(KHARI JHALU)",NAWADA,484,484,"7/22/2019 12:00:00 AM"
"Uttar Pradesh",BIJNOR,"HALDAUR(KHARI JHALU)","NIJAMATPURA BILA AHATMALI",573,573,"7/22/2019 12:00:00 AM"
"Uttar Pradesh",BIJNOR,"HALDAUR(KHARI JHALU)","NIKOFAL URF BILAI",251,251,"7/22/2019 12:00:00 AM"
"Uttar Pradesh",BIJNOR,"HALDAUR(KHARI JHALU)",PAVTI,187,187,"7/22/2019 12:00:00 AM"
"Uttar Pradesh",BIJNOR,"HALDAUR(KHARI JHALU)",PEDI,445,445,"7/22/2019 12:00:00 AM"
"Uttar Pradesh",BIJNOR,"HALDAUR(KHARI JHALU)",PILANA,463,463,"7/22/2019 12:00:00 AM"
"Uttar Pradesh",BIJNOR,"HALDAUR(KHARI JHALU)",PIRTHIPUR,364,364,"7/22/2019 12:00:00 AM"
"Uttar Pradesh",BIJNOR,"HALDAUR(KHARI JHALU)",PUTTHA,436,436,"7/22/2019 12:00:00 AM"
"Uttar Pradesh",BIJNOR,"HALDAUR(KHARI JHALU)","RAMPUR BAKLI",329,329,"7/22/2019 12:00:00 AM"
"Uttar Pradesh",BIJNOR,"HALDAUR(KHARI JHALU)","RASULPUR PITANKA BILA AHATMALI",593,593,"7/22/2019 12:00:00 AM"
"Uttar Pradesh",BIJNOR,"HALDAUR(KHARI JHALU)",RAUNIYA,445,445,"7/22/2019 12:00:00 AM"
"Uttar Pradesh",BIJNOR,"HALDAUR(KHARI JHALU)",SADHUPURA,246,246,"7/22/2019 12:00:00 AM"
"Uttar Pradesh",BIJNOR,"HALDAUR(KHARI JHALU)","SAFIPUR HEERA",293,293,"7/22/2019 12:00:00 AM"
"Uttar Pradesh",BIJNOR,"HALDAUR(KHARI JHALU)","SALEMPUR MATHNA",285,285,"7/22/2019 12:00:00 AM"
"Uttar Pradesh",BIJNOR,"HALDAUR(KHARI JHALU)",SALLAHPUR,300,300,"7/22/2019 12:00:00 AM"
"Uttar Pradesh",BIJNOR,"HALDAUR(KHARI JHALU)","SARDHANI BANGAR",552,552,"7/22/2019 12:00:00 AM"
"Uttar Pradesh",BIJNOR,"HALDAUR(KHARI JHALU)",SARIYAPUR,353,353,"7/22/2019 12:00:00 AM"
"Uttar Pradesh",BIJNOR,"HALDAUR(KHARI JHALU)","SHABAZPUR KHANA",128,128,"7/22/2019 12:00:00 AM"
"Uttar Pradesh",BIJNOR,"HALDAUR(KHARI JHALU)","SHADIPUR KALAN",315,315,"7/22/2019 12:00:00 AM"
"Uttar Pradesh",BIJNOR,"HALDAUR(KHARI JHALU)","SHADMAPUR KHEMA(SALAMABAD)",594,594,"7/22/2019 12:00:00 AM"
"Uttar Pradesh",BIJNOR,"HALDAUR(KHARI JHALU)",SHAHNAGAR,540,540,"7/22/2019 12:00:00 AM"
"Uttar Pradesh",BIJNOR,"HALDAUR(KHARI JHALU)",SHARIFPUR,348,348,"7/22/2019 12:00:00 AM"
"Uttar Pradesh",BIJNOR,"HALDAUR(KHARI JHALU)",SHERPUR,425,425,"7/22/2019 12:00:00 AM"
"Uttar Pradesh",BIJNOR,"HALDAUR(KHARI JHALU)","SIKANDARPUR LALMAN",116,116,"7/22/2019 12:00:00 AM"
"Uttar Pradesh",BIJNOR,"HALDAUR(KHARI JHALU)",SISAUNA,716,716,"7/22/2019 12:00:00 AM"
"Uttar Pradesh",BIJNOR,"HALDAUR(KHARI JHALU)",SOTKHERI,198,198,"7/22/2019 12:00:00 AM"
"Uttar Pradesh",BIJNOR,"HALDAUR(KHARI JHALU)","SULTANPUR ABAD",433,433,"7/22/2019 12:00:00 AM"
"Uttar Pradesh",BIJNOR,"HALDAUR(KHARI JHALU)","TAHARPUR MADAD IMAM",381,381,"7/22/2019 12:00:00 AM"
"Uttar Pradesh",BIJNOR,"HALDAUR(KHARI JHALU)",TAUPRI,452,452,"7/22/2019 12:00:00 AM"
"Uttar Pradesh",BIJNOR,"HALDAUR(KHARI JHALU)",UMARI,787,787,"7/22/2019 12:00:00 AM"
"Uttar Pradesh",BIJNOR,"HALDAUR(KHARI JHALU)",UMRIPIR,630,630,"7/22/2019 12:00:00 AM"
"Uttar Pradesh",BIJNOR,"HALDAUR(KHARI JHALU)","ZANAIL ABDINPUR",110,110,"7/22/2019 12:00:00 AM"
"Uttar Pradesh",BIJNOR,JALILPUR,AHROLA,279,279,"7/22/2019 12:00:00 AM"
"Uttar Pradesh",BIJNOR,JALILPUR,AJDEV,173,173,"7/22/2019 12:00:00 AM"
"Uttar Pradesh",BIJNOR,JALILPUR,"AKBARPUR JHOJA",466,466,"7/22/2019 12:00:00 AM"
"Uttar Pradesh",BIJNOR,JALILPUR,"AKBARPUR MAJRA SAINDWAR",253,253,"7/22/2019 12:00:00 AM"
"Uttar Pradesh",BIJNOR,JALILPUR,"AKBARPUR URF SABDALPUR",150,150,"7/22/2019 12:00:00 AM"
"Uttar Pradesh",BIJNOR,JALILPUR,AKBARPURTIGRI,312,312,"7/22/2019 12:00:00 AM"
"Uttar Pradesh",BIJNOR,JALILPUR,AKONDHA,454,454,"7/22/2019 12:00:00 AM"
"Uttar Pradesh",BIJNOR,JALILPUR,"ASALATPUR URF TOFAPUR",246,246,"7/22/2019 12:00:00 AM"
"Uttar Pradesh",BIJNOR,JALILPUR,ATHAI,446,446,"7/22/2019 12:00:00 AM"
"Uttar Pradesh",BIJNOR,JALILPUR,"AURANGPUR JOGIPURA",152,152,"7/22/2019 12:00:00 AM"
"Uttar Pradesh",BIJNOR,JALILPUR,BABARPUR,240,240,"7/22/2019 12:00:00 AM"
"Uttar Pradesh",BIJNOR,JALILPUR,BADIWALA,527,527,"7/22/2019 12:00:00 AM"
"Uttar Pradesh",BIJNOR,JALILPUR,BAGARPUR,286,286,"7/22/2019 12:00:00 AM"
"Uttar Pradesh",BIJNOR,JALILPUR,BAHTOLA,426,426,"7/22/2019 12:00:00 AM"
"Uttar Pradesh",BIJNOR,JALILPUR,BAJIDPUR,324,324,"7/22/2019 12:00:00 AM"
"Uttar Pradesh",BIJNOR,JALILPUR,BAMNAULA,608,608,"7/22/2019 12:00:00 AM"
"Uttar Pradesh",BIJNOR,JALILPUR,BAMNAULI,341,341,"7/22/2019 12:00:00 AM"
"Uttar Pradesh",BIJNOR,JALILPUR,BASANTPUR,485,485,"7/22/2019 12:00:00 AM"
"Uttar Pradesh",BIJNOR,JALILPUR,BASEDI,214,214,"7/22/2019 12:00:00 AM"
"Uttar Pradesh",BIJNOR,JALILPUR,BASTA,660,660,"7/22/2019 12:00:00 AM"
"Uttar Pradesh",BIJNOR,JALILPUR,BEHMANSHORA,327,327,"7/22/2019 12:00:00 AM"
"Uttar Pradesh",BIJNOR,JALILPUR,BERKHERA,300,300,"7/22/2019 12:00:00 AM"
"Uttar Pradesh",BIJNOR,JALILPUR,BHAGORA,487,487,"7/22/2019 12:00:00 AM"
"Uttar Pradesh",BIJNOR,JALILPUR,"BHIRIYA KHERA",279,279,"7/22/2019 12:00:00 AM"
"Uttar Pradesh",BIJNOR,JALILPUR,BIBIPURA,645,645,"7/22/2019 12:00:00 AM"
"Uttar Pradesh",BIJNOR,JALILPUR,"BUNDRA KALAN",239,239,"7/22/2019 12:00:00 AM"
"Uttar Pradesh",BIJNOR,JALILPUR,"BUNDRA KHURD",487,487,"7/22/2019 12:00:00 AM"
"Uttar Pradesh",BIJNOR,JALILPUR,CHAUNDHERI,341,341,"7/22/2019 12:00:00 AM"
"Uttar Pradesh",BIJNOR,JALILPUR,DARBAR,620,620,"7/22/2019 12:00:00 AM"
"Uttar Pradesh",BIJNOR,JALILPUR,DARBARA,482,482,"7/22/2019 12:00:00 AM"
"Uttar Pradesh",BIJNOR,JALILPUR,DATYANA,548,548,"7/22/2019 12:00:00 AM"
"Uttar Pradesh",BIJNOR,JALILPUR,DHAKI,287,287,"7/22/2019 12:00:00 AM"
"Uttar Pradesh",BIJNOR,JALILPUR,"DHINVAR PURA",618,618,"7/22/2019 12:00:00 AM"
"Uttar Pradesh",BIJNOR,JALILPUR,"FAIZIPUR KHADAR",395,395,"7/22/2019 12:00:00 AM"
"Uttar Pradesh",BIJNOR,JALILPUR,GANDHOR,587,587,"7/22/2019 12:00:00 AM"
"Uttar Pradesh",BIJNOR,JALILPUR,"GHANSOOR PUR",341,341,"7/22/2019 12:00:00 AM"
"Uttar Pradesh",BIJNOR,JALILPUR,"HALLA NAGLA",188,188,"7/22/2019 12:00:00 AM"
"Uttar Pradesh",BIJNOR,JALILPUR,HATAMPUR,329,329,"7/22/2019 12:00:00 AM"
"Uttar Pradesh",BIJNOR,JALILPUR,"HEEMPUR DEEPA",246,246,"7/22/2019 12:00:00 AM"
"Uttar Pradesh",BIJNOR,JALILPUR,"HILAL PUR",183,183,"7/22/2019 12:00:00 AM"
"Uttar Pradesh",BIJNOR,JALILPUR,HIRNAKHERI,257,257,"7/22/2019 12:00:00 AM"
"Uttar Pradesh",BIJNOR,JALILPUR,HISAMPUR,388,388,"7/22/2019 12:00:00 AM"
"Uttar Pradesh",BIJNOR,JALILPUR,"HUSENPUR KHASA",426,426,"7/22/2019 12:00:00 AM"
"Uttar Pradesh",BIJNOR,JALILPUR,IBRAHIMPUR,315,315,"7/22/2019 12:00:00 AM"
"Uttar Pradesh",BIJNOR,JALILPUR,ISMAILPUR,392,392,"7/22/2019 12:00:00 AM"
"Uttar Pradesh",BIJNOR,JALILPUR,"JAHANGIRPUR MAJARA GYANPUR ROO",422,422,"7/22/2019 12:00:00 AM"
"Uttar Pradesh",BIJNOR,JALILPUR,JALILPUR,517,517,"7/22/2019 12:00:00 AM"
"Uttar Pradesh",BIJNOR,JALILPUR,JAMALUDDINPUR,281,281,"7/22/2019 12:00:00 AM"
"Uttar Pradesh",BIJNOR,JALILPUR,"JOGI ONDHA",551,551,"7/22/2019 12:00:00 AM"
"Uttar Pradesh",BIJNOR,JALILPUR,"JUJHARPUR URF NAIPURA",258,258,"7/22/2019 12:00:00 AM"
"Uttar Pradesh",BIJNOR,JALILPUR,KAKRALA,331,331,"7/22/2019 12:00:00 AM"
"Uttar Pradesh",BIJNOR,JALILPUR,"KAMAL PUR",605,605,"7/22/2019 12:00:00 AM"
"Uttar Pradesh",BIJNOR,JALILPUR,KARAL,260,260,"7/22/2019 12:00:00 AM"
"Uttar Pradesh",BIJNOR,JALILPUR,KELANPUR,374,374,"7/22/2019 12:00:00 AM"
"Uttar Pradesh",BIJNOR,JALILPUR,"KHANPUR KHADAR",296,296,"7/22/2019 12:00:00 AM"
"Uttar Pradesh",BIJNOR,JALILPUR,KHERKI,630,630,"7/22/2019 12:00:00 AM"
"Uttar Pradesh",BIJNOR,JALILPUR,LADUPURA,451,451,"7/22/2019 12:00:00 AM"
"Uttar Pradesh",BIJNOR,JALILPUR,"LATIFPUR URF CHUKHERI",436,436,"7/22/2019 12:00:00 AM"
"Uttar Pradesh",BIJNOR,JALILPUR,LUHARPURA,218,218,"7/22/2019 12:00:00 AM"
"Uttar Pradesh",BIJNOR,JALILPUR,MAHU,394,394,"7/22/2019 12:00:00 AM"
"Uttar Pradesh",BIJNOR,JALILPUR,MANAUTA,116,116,"7/22/2019 12:00:00 AM"
"Uttar Pradesh",BIJNOR,JALILPUR,MANPUR,534,534,"7/22/2019 12:00:00 AM"
"Uttar Pradesh",BIJNOR,JALILPUR,MASIT,308,308,"7/22/2019 12:00:00 AM"
"Uttar Pradesh",BIJNOR,JALILPUR,"MEHBULLA PUR DHAKI",395,395,"7/22/2019 12:00:00 AM"
"Uttar Pradesh",BIJNOR,JALILPUR,MEHMOODPUR,325,325,"7/22/2019 12:00:00 AM"
"Uttar Pradesh",BIJNOR,JALILPUR,MIRAPUR,281,281,"7/22/2019 12:00:00 AM"
"Uttar Pradesh",BIJNOR,JALILPUR,"MIRZAPUR BELA",887,887,"7/22/2019 12:00:00 AM"
"Uttar Pradesh",BIJNOR,JALILPUR,MUBARAKPUR,252,252,"7/22/2019 12:00:00 AM"
"Uttar Pradesh",BIJNOR,JALILPUR,MUNDHAL,353,353,"7/22/2019 12:00:00 AM"
"Uttar Pradesh",BIJNOR,JALILPUR,NABADA,248,248,"7/22/2019 12:00:00 AM"
"Uttar Pradesh",BIJNOR,JALILPUR,NALPURA,435,435,"7/22/2019 12:00:00 AM"
"Uttar Pradesh",BIJNOR,JALILPUR,NARNAUR,402,402,"7/22/2019 12:00:00 AM"
"Uttar Pradesh",BIJNOR,JALILPUR,"NASIRPUR SHEKH",421,421,"7/22/2019 12:00:00 AM"
"Uttar Pradesh",BIJNOR,JALILPUR,PADLA,356,356,"7/22/2019 12:00:00 AM"
"Uttar Pradesh",BIJNOR,JALILPUR,"PAHAR PURKALA URF MALESHIYA",224,224,"7/22/2019 12:00:00 AM"
"Uttar Pradesh",BIJNOR,JALILPUR,"PIPAL SANA",369,369,"7/22/2019 12:00:00 AM"
"Uttar Pradesh",BIJNOR,JALILPUR,PIPLIJAT,242,242,"7/22/2019 12:00:00 AM"
"Uttar Pradesh",BIJNOR,JALILPUR,"RAIPUR KHADAR",572,572,"7/22/2019 12:00:00 AM"
"Uttar Pradesh",BIJNOR,JALILPUR,"RAJOPUR BEHMAN",375,375,"7/22/2019 12:00:00 AM"
"Uttar Pradesh",BIJNOR,JALILPUR,"RAJPUR PARSU",389,389,"7/22/2019 12:00:00 AM"
"Uttar Pradesh",BIJNOR,JALILPUR,"RAMPUR NAJRANA",279,279,"7/22/2019 12:00:00 AM"
"Uttar Pradesh",BIJNOR,JALILPUR,"RASOOLPUR NAGLA",1267,1267,"7/22/2019 12:00:00 AM"
"Uttar Pradesh",BIJNOR,JALILPUR,"RATANPUR KHURD",385,385,"7/22/2019 12:00:00 AM"
"Uttar Pradesh",BIJNOR,JALILPUR,RAVTI,478,478,"7/22/2019 12:00:00 AM"
"Uttar Pradesh",BIJNOR,JALILPUR,RAWANA,492,492,"7/22/2019 12:00:00 AM"
"Uttar Pradesh",BIJNOR,JALILPUR,REHRA,605,605,"7/22/2019 12:00:00 AM"
"Uttar Pradesh",BIJNOR,JALILPUR,RUKANPUR,195,195,"7/22/2019 12:00:00 AM"
"Uttar Pradesh",BIJNOR,JALILPUR,SABDALPUR,395,395,"7/22/2019 12:00:00 AM"
"Uttar Pradesh",BIJNOR,JALILPUR,SADABAD,529,529,"7/22/2019 12:00:00 AM"
"Uttar Pradesh",BIJNOR,JALILPUR,"SAIDPUR URF NAIPURA",167,167,"7/22/2019 12:00:00 AM"
"Uttar Pradesh",BIJNOR,JALILPUR,SAINDWAR,351,351,"7/22/2019 12:00:00 AM"
"Uttar Pradesh",BIJNOR,JALILPUR,"SAKTALPUR MILAK",308,308,"7/22/2019 12:00:00 AM"
"Uttar Pradesh",BIJNOR,JALILPUR,SALEMPUR,426,426,"7/22/2019 12:00:00 AM"
"Uttar Pradesh",BIJNOR,JALILPUR,SARAI,237,237,"7/22/2019 12:00:00 AM"
"Uttar Pradesh",BIJNOR,JALILPUR,SARAKTHAL,307,307,"7/22/2019 12:00:00 AM"
"Uttar Pradesh",BIJNOR,JALILPUR,SHADIPUR,353,353,"7/22/2019 12:00:00 AM"
"Uttar Pradesh",BIJNOR,JALILPUR,"SHAHPUR BHASORI",542,542,"7/22/2019 12:00:00 AM"
"Uttar Pradesh",BIJNOR,JALILPUR,"SHEK SARAI HABIB",158,158,"7/22/2019 12:00:00 AM"
"Uttar Pradesh",BIJNOR,JALILPUR,"SHEKHPURI CHAUHAD",428,428,"7/22/2019 12:00:00 AM"
"Uttar Pradesh",BIJNOR,JALILPUR,"SHEKHPURI MINA",395,395,"7/22/2019 12:00:00 AM"
"Uttar Pradesh",BIJNOR,JALILPUR,"SUJATPUR KHADAR",529,529,"7/22/2019 12:00:00 AM"
"Uttar Pradesh",BIJNOR,JALILPUR,"SULTAN PUR KHADAR",453,453,"7/22/2019 12:00:00 AM"
"Uttar Pradesh",BIJNOR,JALILPUR,SUNDRA,452,452,"7/22/2019 12:00:00 AM"
"Uttar Pradesh",BIJNOR,JALILPUR,SYAU,554,554,"7/22/2019 12:00:00 AM"
"Uttar Pradesh",BIJNOR,JALILPUR,"TAHARPUR GULAM IMAMAN",338,338,"7/22/2019 12:00:00 AM"
"Uttar Pradesh",BIJNOR,JALILPUR,TALIBPUR,358,358,"7/22/2019 12:00:00 AM"
"Uttar Pradesh",BIJNOR,JALILPUR,THET,346,346,"7/22/2019 12:00:00 AM"
"Uttar Pradesh",BIJNOR,JALILPUR,THURELA,358,358,"7/22/2019 12:00:00 AM"
"Uttar Pradesh",BIJNOR,JALILPUR,TIRPURA(TRPUDI),144,144,"7/22/2019 12:00:00 AM"
"Uttar Pradesh",BIJNOR,JALILPUR,TUNGRI,212,212,"7/22/2019 12:00:00 AM"
"Uttar Pradesh",BIJNOR,KIRATPUR,"ABULFAZALPUR KHAS",426,426,"7/22/2019 12:00:00 AM"
"Uttar Pradesh",BIJNOR,KIRATPUR,AKBRABAD,940,940,"7/22/2019 12:00:00 AM"
"Uttar Pradesh",BIJNOR,KIRATPUR,"ALAMPUR GANGA",196,196,"7/22/2019 12:00:00 AM"
"Uttar Pradesh",BIJNOR,KIRATPUR,ALLEHYARPUR,582,582,"7/22/2019 12:00:00 AM"
"Uttar Pradesh",BIJNOR,KIRATPUR,AMANAGAR,319,319,"7/22/2019 12:00:00 AM"
"Uttar Pradesh",BIJNOR,KIRATPUR,"ANWARPUR CHATAR",128,128,"7/22/2019 12:00:00 AM"
"Uttar Pradesh",BIJNOR,KIRATPUR,ARJANIPUR,292,292,"7/22/2019 12:00:00 AM"
"Uttar Pradesh",BIJNOR,KIRATPUR,"AURANGJEBPUR MAHMUD",397,397,"7/22/2019 12:00:00 AM"
"Uttar Pradesh",BIJNOR,KIRATPUR,"AURANGPUR HIRDAY",324,324,"7/22/2019 12:00:00 AM"
"Uttar Pradesh",BIJNOR,KIRATPUR,AZMABAD,296,296,"7/22/2019 12:00:00 AM"
"Uttar Pradesh",BIJNOR,KIRATPUR,"BAHADARPUR SHARFUDDIN HUSAIN",526,526,"7/22/2019 12:00:00 AM"
"Uttar Pradesh",BIJNOR,KIRATPUR,"BARAMJIDPUR CHANDA",282,282,"7/22/2019 12:00:00 AM"
"Uttar Pradesh",BIJNOR,KIRATPUR,BASERA,214,214,"7/22/2019 12:00:00 AM"
"Uttar Pradesh",BIJNOR,KIRATPUR,"BEGAMPUR ROOPCHAND",232,232,"7/22/2019 12:00:00 AM"
"Uttar Pradesh",BIJNOR,KIRATPUR,"BEGAMPUR SHADI",647,647,"7/22/2019 12:00:00 AM"
"Uttar Pradesh",BIJNOR,KIRATPUR,BHANERA,1453,1453,"7/22/2019 12:00:00 AM"
"Uttar Pradesh",BIJNOR,KIRATPUR,BHAREKA,321,321,"7/22/2019 12:00:00 AM"
"Uttar Pradesh",BIJNOR,KIRATPUR,BHOJPUR,620,620,"7/22/2019 12:00:00 AM"
"Uttar Pradesh",BIJNOR,KIRATPUR,"BIRDO NANGLI",219,219,"7/22/2019 12:00:00 AM"
"Uttar Pradesh",BIJNOR,KIRATPUR,BUDGARA,257,257,"7/22/2019 12:00:00 AM"
"Uttar Pradesh",BIJNOR,KIRATPUR,BUDGARI,360,360,"7/22/2019 12:00:00 AM"
"Uttar Pradesh",BIJNOR,KIRATPUR,"BUDHPUR NAINSINGH",262,262,"7/22/2019 12:00:00 AM"
"Uttar Pradesh",BIJNOR,KIRATPUR,"CHANDAT TURAK",575,575,"7/22/2019 12:00:00 AM"
"Uttar Pradesh",BIJNOR,KIRATPUR,"CHATAR BHOJPUR KUSHAL",201,201,"7/22/2019 12:00:00 AM"
"Uttar Pradesh",BIJNOR,KIRATPUR,CHITAWAR,552,552,"7/22/2019 12:00:00 AM"
"Uttar Pradesh",BIJNOR,KIRATPUR,"DHANAURI KUWAR",174,174,"7/22/2019 12:00:00 AM"
"Uttar Pradesh",BIJNOR,KIRATPUR,DUDHLI,286,286,"7/22/2019 12:00:00 AM"
"Uttar Pradesh",BIJNOR,KIRATPUR,"FATEHPUR RAJARAM",202,202,"7/22/2019 12:00:00 AM"
"Uttar Pradesh",BIJNOR,KIRATPUR,GANURA,411,411,"7/22/2019 12:00:00 AM"
"Uttar Pradesh",BIJNOR,KIRATPUR,GAZIPUR,268,268,"7/22/2019 12:00:00 AM"
"Uttar Pradesh",BIJNOR,KIRATPUR,GOPALPUR,306,306,"7/22/2019 12:00:00 AM"
"Uttar Pradesh",BIJNOR,KIRATPUR,GOVINDPUR,444,444,"7/22/2019 12:00:00 AM"
"Uttar Pradesh",BIJNOR,KIRATPUR,GUNI1APUR,395,395,"7/22/2019 12:00:00 AM"
"Uttar Pradesh",BIJNOR,KIRATPUR,"ISLAMPUR SADAT",282,282,"7/22/2019 12:00:00 AM"
"Uttar Pradesh",BIJNOR,KIRATPUR,"ISLAMPUR SAHU",217,217,"7/22/2019 12:00:00 AM"
"Uttar Pradesh",BIJNOR,KIRATPUR,"ISLAMPUR SHAHALI",137,137,"7/22/2019 12:00:00 AM"
"Uttar Pradesh",BIJNOR,KIRATPUR,JATPURA,3,3,"7/22/2019 12:00:00 AM"
"Uttar Pradesh",BIJNOR,KIRATPUR,"KALANPUR BUZURG",435,435,"7/22/2019 12:00:00 AM"
"Uttar Pradesh",BIJNOR,KIRATPUR,KHASOUR,364,364,"7/22/2019 12:00:00 AM"
"Uttar Pradesh",BIJNOR,KIRATPUR,KHATAI,391,391,"7/22/2019 12:00:00 AM"
"Uttar Pradesh",BIJNOR,KIRATPUR,"KITHAURA MUFTI",225,225,"7/22/2019 12:00:00 AM"
"Uttar Pradesh",BIJNOR,KIRATPUR,KUMHERA,409,409,"7/22/2019 12:00:00 AM"
"Uttar Pradesh",BIJNOR,KIRATPUR,LALPUR,537,537,"7/22/2019 12:00:00 AM"
"Uttar Pradesh",BIJNOR,KIRATPUR,MEMAN,447,447,"7/22/2019 12:00:00 AM"
"Uttar Pradesh",BIJNOR,KIRATPUR,MIRZAPUR,143,143,"7/22/2019 12:00:00 AM"
"Uttar Pradesh",BIJNOR,KIRATPUR,"MOHAMMAD ALIPUR SUKHANAND",223,223,"7/22/2019 12:00:00 AM"
"Uttar Pradesh",BIJNOR,KIRATPUR,"MOHAMMAD ASGARPUR",253,253,"7/22/2019 12:00:00 AM"
"Uttar Pradesh",BIJNOR,KIRATPUR,"MUKIMPUR PADARATH",313,313,"7/22/2019 12:00:00 AM"
"Uttar Pradesh",BIJNOR,KIRATPUR,NANDPUR,239,239,"7/22/2019 12:00:00 AM"
"Uttar Pradesh",BIJNOR,KIRATPUR,"NANGLA ISLAM",173,173,"7/22/2019 12:00:00 AM"
"Uttar Pradesh",BIJNOR,KIRATPUR,NEKPUR,285,285,"7/22/2019 12:00:00 AM"
"Uttar Pradesh",BIJNOR,KIRATPUR,PADLA,413,413,"7/22/2019 12:00:00 AM"
"Uttar Pradesh",BIJNOR,KIRATPUR,PADLI,325,325,"7/22/2019 12:00:00 AM"
"Uttar Pradesh",BIJNOR,KIRATPUR,PURSHOTAMPUR,622,622,"7/22/2019 12:00:00 AM"
"Uttar Pradesh",BIJNOR,KIRATPUR,"RAIPUR MAUZAMPUR NARAYAN",302,302,"7/22/2019 12:00:00 AM"
"Uttar Pradesh",BIJNOR,KIRATPUR,"RAJARAMPUR PRATAP",185,185,"7/22/2019 12:00:00 AM"
"Uttar Pradesh",BIJNOR,KIRATPUR,"RAMPUR BISHNA",400,400,"7/22/2019 12:00:00 AM"
"Uttar Pradesh",BIJNOR,KIRATPUR,"SABHA CHANDPUR KESHO",255,255,"7/22/2019 12:00:00 AM"
"Uttar Pradesh",BIJNOR,KIRATPUR,"SABHACHANDPUR MOHAN",458,458,"7/22/2019 12:00:00 AM"
"Uttar Pradesh",BIJNOR,KIRATPUR,"SALEMPUR GADELI",351,351,"7/22/2019 12:00:00 AM"
"Uttar Pradesh",BIJNOR,KIRATPUR,"SARAI IMMA",777,777,"7/22/2019 12:00:00 AM"
"Uttar Pradesh",BIJNOR,KIRATPUR,"SARAI JEWAN",151,151,"7/22/2019 12:00:00 AM"
"Uttar Pradesh",BIJNOR,KIRATPUR,"SARKARA KHERI",169,169,"7/22/2019 12:00:00 AM"
"Uttar Pradesh",BIJNOR,KIRATPUR,SHADIPUR,231,231,"7/22/2019 12:00:00 AM"
"Uttar Pradesh",BIJNOR,KIRATPUR,SHAHABPURA,252,252,"7/22/2019 12:00:00 AM"
"Uttar Pradesh",BIJNOR,KIRATPUR,"SHAHABPURA RATANSINGH",437,437,"7/22/2019 12:00:00 AM"
"Uttar Pradesh",BIJNOR,KIRATPUR,"SHAHALIPUR ABDUL SATTAR",145,145,"7/22/2019 12:00:00 AM"
"Uttar Pradesh",BIJNOR,KIRATPUR,"SHAHJAHAPUR ROSHAN",80,80,"7/22/2019 12:00:00 AM"
"Uttar Pradesh",BIJNOR,KIRATPUR,"SHAHPUR SUKKHA",398,398,"7/22/2019 12:00:00 AM"
"Uttar Pradesh",BIJNOR,KIRATPUR,SIKRI,205,205,"7/22/2019 12:00:00 AM"
"Uttar Pradesh",BIJNOR,KIRATPUR,"SIKRI BADAPUR",204,204,"7/22/2019 12:00:00 AM"
"Uttar Pradesh",BIJNOR,KIRATPUR,"SULTANPUR SADAT",129,129,"7/22/2019 12:00:00 AM"
"Uttar Pradesh",BIJNOR,KIRATPUR,UMARPUR,494,494,"7/22/2019 12:00:00 AM"
"Uttar Pradesh",BIJNOR,KIRATPUR,UMRI,445,445,"7/22/2019 12:00:00 AM"
"Uttar Pradesh",BIJNOR,KOTWALI,"ABDIPUR HARBANS",737,737,"7/22/2019 12:00:00 AM"
"Uttar Pradesh",BIJNOR,KOTWALI,"ABDULLAPUR KURAISHI",374,374,"7/22/2019 12:00:00 AM"
"Uttar Pradesh",BIJNOR,KOTWALI,"ABUL FAZALPUR BANI",698,698,"7/22/2019 12:00:00 AM"
"Uttar Pradesh",BIJNOR,KOTWALI,"AJUPURA RANI",309,309,"7/22/2019 12:00:00 AM"
"Uttar Pradesh",BIJNOR,KOTWALI,ALAUDDINPUR,112,112,"7/22/2019 12:00:00 AM"
"Uttar Pradesh",BIJNOR,KOTWALI,"ALEALI PUR",765,765,"7/22/2019 12:00:00 AM"
"Uttar Pradesh",BIJNOR,KOTWALI,"ALHAIDADPUR KHAJWA",709,709,"7/22/2019 12:00:00 AM"
"Uttar Pradesh",BIJNOR,KOTWALI,"ALIPUR JAT",546,546,"7/22/2019 12:00:00 AM"
"Uttar Pradesh",BIJNOR,KOTWALI,"ALIPUR MAN",547,547,"7/22/2019 12:00:00 AM"
"Uttar Pradesh",BIJNOR,KOTWALI,"ALIPURA GANGA",195,195,"7/22/2019 12:00:00 AM"
"Uttar Pradesh",BIJNOR,KOTWALI,ALLAHAHEDI,339,339,"7/22/2019 12:00:00 AM"
"Uttar Pradesh",BIJNOR,KOTWALI,"ASLAMPUR BHULLAN",422,422,"7/22/2019 12:00:00 AM"
"Uttar Pradesh",BIJNOR,KOTWALI,AURANGABAD,298,298,"7/22/2019 12:00:00 AM"
"Uttar Pradesh",BIJNOR,KOTWALI,"AZAMPUR PARMA",457,457,"7/22/2019 12:00:00 AM"
"Uttar Pradesh",BIJNOR,KOTWALI,BAGHALA,650,650,"7/22/2019 12:00:00 AM"
"Uttar Pradesh",BIJNOR,KOTWALI,"BAWAN SARAI",673,673,"7/22/2019 12:00:00 AM"
"Uttar Pradesh",BIJNOR,KOTWALI,"BEDAR BAKHTPUR JADO",632,632,"7/22/2019 12:00:00 AM"
"Uttar Pradesh",BIJNOR,KOTWALI,"BEGAMPUR HARRE",409,409,"7/22/2019 12:00:00 AM"
"Uttar Pradesh",BIJNOR,KOTWALI,"BEGUM PUR CHEHMAL URF CHEMAHER",372,372,"7/22/2019 12:00:00 AM"
"Uttar Pradesh",BIJNOR,KOTWALI,BENIPUR,297,297,"7/22/2019 12:00:00 AM"
"Uttar Pradesh",BIJNOR,KOTWALI,BHAGWANPUR,485,485,"7/22/2019 12:00:00 AM"
"Uttar Pradesh",BIJNOR,KOTWALI,"BHOGLI BILA AHATMALI",830,830,"7/22/2019 12:00:00 AM"
"Uttar Pradesh",BIJNOR,KOTWALI,BHOGPUR,1024,1024,"7/22/2019 12:00:00 AM"
"Uttar Pradesh",BIJNOR,KOTWALI,BINJAHERI,787,787,"7/22/2019 12:00:00 AM"
"Uttar Pradesh",BIJNOR,KOTWALI,"BURAWALA BILA AHATMALI",366,366,"7/22/2019 12:00:00 AM"
"Uttar Pradesh",BIJNOR,KOTWALI,"CHAK UDA1CHAND",351,351,"7/22/2019 12:00:00 AM"
"Uttar Pradesh",BIJNOR,KOTWALI,CHANDUPURA,143,143,"7/22/2019 12:00:00 AM"
"Uttar Pradesh",BIJNOR,KOTWALI,"FATAHPUR AHATMALI",577,577,"7/22/2019 12:00:00 AM"
"Uttar Pradesh",BIJNOR,KOTWALI,"FAZALPUR BHAU",68,68,"7/22/2019 12:00:00 AM"
"Uttar Pradesh",BIJNOR,KOTWALI,GARABPUR,68,68,"7/22/2019 12:00:00 AM"
"Uttar Pradesh",BIJNOR,KOTWALI,"GHANSURPUR AMROLI",167,167,"7/22/2019 12:00:00 AM"
"Uttar Pradesh",BIJNOR,KOTWALI,GOPIWALA,534,534,"7/22/2019 12:00:00 AM"
"Uttar Pradesh",BIJNOR,KOTWALI,"GOSPUR SADAT",385,385,"7/22/2019 12:00:00 AM"
"Uttar Pradesh",BIJNOR,KOTWALI,"HAJI MOHAMMADPUR",1928,1928,"7/22/2019 12:00:00 AM"
"Uttar Pradesh",BIJNOR,KOTWALI,"HAKIKATPUR GANGUWALI",461,461,"7/22/2019 12:00:00 AM"
"Uttar Pradesh",BIJNOR,KOTWALI,"HAKIKATPUR SAHSU",350,350,"7/22/2019 12:00:00 AM"
"Uttar Pradesh",BIJNOR,KOTWALI,"HARBANSPUR DHARAM",633,633,"7/22/2019 12:00:00 AM"
"Uttar Pradesh",BIJNOR,KOTWALI,HARGANPUR,574,574,"7/22/2019 12:00:00 AM"
"Uttar Pradesh",BIJNOR,KOTWALI,"HARGAON CHANDAN",109,109,"7/22/2019 12:00:00 AM"
"Uttar Pradesh",BIJNOR,KOTWALI,"HASANALIPUR DHARMA",554,554,"7/22/2019 12:00:00 AM"
"Uttar Pradesh",BIJNOR,KOTWALI,"HASANALIPUR HEERA",76,76,"7/22/2019 12:00:00 AM"
"Uttar Pradesh",BIJNOR,KOTWALI,HUSAINABAD,848,848,"7/22/2019 12:00:00 AM"
"Uttar Pradesh",BIJNOR,KOTWALI,INAYATPUR,489,489,"7/22/2019 12:00:00 AM"
"Uttar Pradesh",BIJNOR,KOTWALI,ISLAMABAD,657,657,"7/22/2019 12:00:00 AM"
"Uttar Pradesh",BIJNOR,KOTWALI,"ISMAILPUR DAMI",602,602,"7/22/2019 12:00:00 AM"
"Uttar Pradesh",BIJNOR,KOTWALI,JAFARPUR,688,688,"7/22/2019 12:00:00 AM"
"Uttar Pradesh",BIJNOR,KOTWALI,"JAGANATHPUR MEHRU",167,167,"7/22/2019 12:00:00 AM"
"Uttar Pradesh",BIJNOR,KOTWALI,"JAGANNATH PUR",451,451,"7/22/2019 12:00:00 AM"
"Uttar Pradesh",BIJNOR,KOTWALI,JAHANABAD,831,831,"7/22/2019 12:00:00 AM"
"Uttar Pradesh",BIJNOR,KOTWALI,"JAHANGIRPUR KHAS",462,462,"7/22/2019 12:00:00 AM"
"Uttar Pradesh",BIJNOR,KOTWALI,"JAMALPUR DHIKL",368,368,"7/22/2019 12:00:00 AM"
"Uttar Pradesh",BIJNOR,KOTWALI,"JAMALPUR MATLUB",33,33,"7/22/2019 12:00:00 AM"
"Uttar Pradesh",BIJNOR,KOTWALI,"JEMALPUR BANGER",351,351,"7/22/2019 12:00:00 AM"
"Uttar Pradesh",BIJNOR,KOTWALI,JHILMILA,499,499,"7/22/2019 12:00:00 AM"
"Uttar Pradesh",BIJNOR,KOTWALI,"KAJIPUR IMMA",538,538,"7/22/2019 12:00:00 AM"
"Uttar Pradesh",BIJNOR,KOTWALI,KAKARPUR,171,171,"7/22/2019 12:00:00 AM"
"Uttar Pradesh",BIJNOR,KOTWALI,"KALA KHERI",479,479,"7/22/2019 12:00:00 AM"
"Uttar Pradesh",BIJNOR,KOTWALI,KALYANPUR,495,495,"7/22/2019 12:00:00 AM"
"Uttar Pradesh",BIJNOR,KOTWALI,"KAMALPUR BHOGA",372,372,"7/22/2019 12:00:00 AM"
"Uttar Pradesh",BIJNOR,KOTWALI,"KAMRUDDIN NAGAR",88,88,"7/22/2019 12:00:00 AM"
"Uttar Pradesh",BIJNOR,KOTWALI,KANAKPUR,175,175,"7/22/2019 12:00:00 AM"
"Uttar Pradesh",BIJNOR,KOTWALI,KANDARWALA,302,302,"7/22/2019 12:00:00 AM"
"Uttar Pradesh",BIJNOR,KOTWALI,"KARAUNDA CHAUDHAR",497,497,"7/22/2019 12:00:00 AM"
"Uttar Pradesh",BIJNOR,KOTWALI,"KARAUNDA PACHDU",585,585,"7/22/2019 12:00:00 AM"
"Uttar Pradesh",BIJNOR,KOTWALI,"KASBA KOTRA",462,462,"7/22/2019 12:00:00 AM"
"Uttar Pradesh",BIJNOR,KOTWALI,"KAYAMNAGAR DODRAJPUR",332,332,"7/22/2019 12:00:00 AM"
"Uttar Pradesh",BIJNOR,KOTWALI,KHAIRULLAPUR,702,702,"7/22/2019 12:00:00 AM"
"Uttar Pradesh",BIJNOR,KOTWALI,"KHANPUR MANAK BILA AHATMALI",446,446,"7/22/2019 12:00:00 AM"
"Uttar Pradesh",BIJNOR,KOTWALI,"KHIJARPUR JAGGU BILA AHATMALI",477,477,"7/22/2019 12:00:00 AM"
"Uttar Pradesh",BIJNOR,KOTWALI,"KHURRAM PUR KHARAK",385,385,"7/22/2019 12:00:00 AM"
"Uttar Pradesh",BIJNOR,KOTWALI,"KHURRAMPUR DALLU",588,588,"7/22/2019 12:00:00 AM"
"Uttar Pradesh",BIJNOR,KOTWALI,"KHUSHALPUR MATHERI",693,693,"7/22/2019 12:00:00 AM"
"Uttar Pradesh",BIJNOR,KOTWALI,"KHUSHHALPUR DEEVANSINGH",411,411,"7/22/2019 12:00:00 AM"
"Uttar Pradesh",BIJNOR,KOTWALI,KIRATPUR,306,306,"7/22/2019 12:00:00 AM"
"Uttar Pradesh",BIJNOR,KOTWALI,"KIRTO NANGLI",577,577,"7/22/2019 12:00:00 AM"
"Uttar Pradesh",BIJNOR,KOTWALI,"KISHANPUR KUNDA",400,400,"7/22/2019 12:00:00 AM"
"Uttar Pradesh",BIJNOR,KOTWALI,KOTWALI,1707,1707,"7/22/2019 12:00:00 AM"
"Uttar Pradesh",BIJNOR,KOTWALI,KUNJAITA,604,604,"7/22/2019 12:00:00 AM"
"Uttar Pradesh",BIJNOR,KOTWALI,LADPUR,21,21,"7/22/2019 12:00:00 AM"
"Uttar Pradesh",BIJNOR,KOTWALI,"MADEPURA SULTAN",349,349,"7/22/2019 12:00:00 AM"
"Uttar Pradesh",BIJNOR,KOTWALI,MAHESHPUR,524,524,"7/22/2019 12:00:00 AM"
"Uttar Pradesh",BIJNOR,KOTWALI,"MAHESHWARI JAT",386,386,"7/22/2019 12:00:00 AM"
"Uttar Pradesh",BIJNOR,KOTWALI,"MAHMUDPUR NARA1AN",339,339,"7/22/2019 12:00:00 AM"
"Uttar Pradesh",BIJNOR,KOTWALI,"MAKANDPUR RAJMAL",160,160,"7/22/2019 12:00:00 AM"
"Uttar Pradesh",BIJNOR,KOTWALI,"MALAKPUR ABDULLA",302,302,"7/22/2019 12:00:00 AM"
"Uttar Pradesh",BIJNOR,KOTWALI,"MALAKPUR DEHRI",151,151,"7/22/2019 12:00:00 AM"
"Uttar Pradesh",BIJNOR,KOTWALI,"MANAUWARPUR SAID",542,542,"7/22/2019 12:00:00 AM"
"Uttar Pradesh",BIJNOR,KOTWALI,"MANJHERA SAKRU",599,599,"7/22/2019 12:00:00 AM"
"Uttar Pradesh",BIJNOR,KOTWALI,MASURI,309,309,"7/22/2019 12:00:00 AM"
"Uttar Pradesh",BIJNOR,KOTWALI,"MAUJAMPUR DAYAL",184,184,"7/22/2019 12:00:00 AM"
"Uttar Pradesh",BIJNOR,KOTWALI,"MAUJAMPUR HARBANS",342,342,"7/22/2019 12:00:00 AM"
"Uttar Pradesh",BIJNOR,KOTWALI,"MIRZA ALIPUR BHARA",187,187,"7/22/2019 12:00:00 AM"
"Uttar Pradesh",BIJNOR,KOTWALI,MITTHEPUR,79,79,"7/22/2019 12:00:00 AM"
"Uttar Pradesh",BIJNOR,KOTWALI,"MOH.PUR TRILOK",391,391,"7/22/2019 12:00:00 AM"
"Uttar Pradesh",BIJNOR,KOTWALI,"MOHAMMAD ASHIQPUR BHURE1",502,502,"7/22/2019 12:00:00 AM"
"Uttar Pradesh",BIJNOR,KOTWALI,MOHIUDDINPUR,371,371,"7/22/2019 12:00:00 AM"
"Uttar Pradesh",BIJNOR,KOTWALI,"MOHMOODPUR BHAVTA",323,323,"7/22/2019 12:00:00 AM"
"Uttar Pradesh",BIJNOR,KOTWALI,MURTAJAPUR,820,820,"7/22/2019 12:00:00 AM"
"Uttar Pradesh",BIJNOR,KOTWALI,MUSSE1PUR,472,472,"7/22/2019 12:00:00 AM"
"Uttar Pradesh",BIJNOR,KOTWALI,"MUSTAFAPUR BHURA PUR CHAK SAID",313,313,"7/22/2019 12:00:00 AM"
"Uttar Pradesh",BIJNOR,KOTWALI,NAINPURA,530,530,"7/22/2019 12:00:00 AM"
"Uttar Pradesh",BIJNOR,KOTWALI,"NIJAMPUR DEVSI",358,358,"7/22/2019 12:00:00 AM"
"Uttar Pradesh",BIJNOR,KOTWALI,"NOORALIPUR BHAGWANT",415,415,"7/22/2019 12:00:00 AM"
"Uttar Pradesh",BIJNOR,KOTWALI,"NOORPUR ARAB",545,545,"7/22/2019 12:00:00 AM"
"Uttar Pradesh",BIJNOR,KOTWALI,NOORULLAPUR,738,738,"7/22/2019 12:00:00 AM"
"Uttar Pradesh",BIJNOR,KOTWALI,PAKHANPUR,366,366,"7/22/2019 12:00:00 AM"
"Uttar Pradesh",BIJNOR,KOTWALI,PITTANHERIJIA,319,319,"7/22/2019 12:00:00 AM"
"Uttar Pradesh",BIJNOR,KOTWALI,"PURAINI KHAS",1103,1103,"7/22/2019 12:00:00 AM"
"Uttar Pradesh",BIJNOR,KOTWALI,"RAIPUR SADAT",476,476,"7/22/2019 12:00:00 AM"
"Uttar Pradesh",BIJNOR,KOTWALI,"RAIPURI GARHI",180,180,"7/22/2019 12:00:00 AM"
"Uttar Pradesh",BIJNOR,KOTWALI,RAJPURA,569,569,"7/22/2019 12:00:00 AM"
"Uttar Pradesh",BIJNOR,KOTWALI,"RAJUPUR SADAT",640,640,"7/22/2019 12:00:00 AM"
"Uttar Pradesh",BIJNOR,KOTWALI,RAMJIWALA,184,184,"7/22/2019 12:00:00 AM"
"Uttar Pradesh",BIJNOR,KOTWALI,"RAMPUR CHHAJMAL",698,698,"7/22/2019 12:00:00 AM"
"Uttar Pradesh",BIJNOR,KOTWALI,"RAMPUR DASS",585,585,"7/22/2019 12:00:00 AM"
"Uttar Pradesh",BIJNOR,KOTWALI,"RASULPUR JAGAN",419,419,"7/22/2019 12:00:00 AM"
"Uttar Pradesh",BIJNOR,KOTWALI,"RASULPUR MUJAFFAR",549,549,"7/22/2019 12:00:00 AM"
"Uttar Pradesh",BIJNOR,KOTWALI,RATHUPURA,73,73,"7/22/2019 12:00:00 AM"
"Uttar Pradesh",BIJNOR,KOTWALI,"RAWAL HERI KHAJURI",316,316,"7/22/2019 12:00:00 AM"
"Uttar Pradesh",BIJNOR,KOTWALI,"ROSHANPUR PRATAP",323,323,"7/22/2019 12:00:00 AM"
"Uttar Pradesh",BIJNOR,KOTWALI,SABUWALA,287,287,"7/22/2019 12:00:00 AM"
"Uttar Pradesh",BIJNOR,KOTWALI,"SADATPUR GARHI",280,280,"7/22/2019 12:00:00 AM"
"Uttar Pradesh",BIJNOR,KOTWALI,"SAHUWALA GUSAIWALA",533,533,"7/22/2019 12:00:00 AM"
"Uttar Pradesh",BIJNOR,KOTWALI,SAIDKHERI,293,293,"7/22/2019 12:00:00 AM"
"Uttar Pradesh",BIJNOR,KOTWALI,"SAIDPURA GAJJU",359,359,"7/22/2019 12:00:00 AM"
"Uttar Pradesh",BIJNOR,KOTWALI,"SAIDPURI MEHICHAND",407,407,"7/22/2019 12:00:00 AM"
"Uttar Pradesh",BIJNOR,KOTWALI,"SAMASPUR NASEEB",471,471,"7/22/2019 12:00:00 AM"
"Uttar Pradesh",BIJNOR,KOTWALI,"SAMASPUR SADDO",763,763,"7/22/2019 12:00:00 AM"
"Uttar Pradesh",BIJNOR,KOTWALI,"SARAI DADUMBER",412,412,"7/22/2019 12:00:00 AM"
"Uttar Pradesh",BIJNOR,KOTWALI,SARDARPUR,168,168,"7/22/2019 12:00:00 AM"
"Uttar Pradesh",BIJNOR,KOTWALI,"SEKH PURA TURK",451,451,"7/22/2019 12:00:00 AM"
"Uttar Pradesh",BIJNOR,KOTWALI,SHADIPUR,599,599,"7/22/2019 12:00:00 AM"
"Uttar Pradesh",BIJNOR,KOTWALI,"SHAH ALIPUR KOTRA",1177,1177,"7/22/2019 12:00:00 AM"
"Uttar Pradesh",BIJNOR,KOTWALI,"SHAH MUJAFFARPUR BILA AHATMALI",456,456,"7/22/2019 12:00:00 AM"
"Uttar Pradesh",BIJNOR,KOTWALI,"SHAHALIPUR ASHA",16,16,"7/22/2019 12:00:00 AM"
"Uttar Pradesh",BIJNOR,KOTWALI,SHAHWAZPUR,138,138,"7/22/2019 12:00:00 AM"
"Uttar Pradesh",BIJNOR,KOTWALI,"SHARFUDDIN NAGAR",555,555,"7/22/2019 12:00:00 AM"
"Uttar Pradesh",BIJNOR,KOTWALI,"SHARIFPUR MALAKPUR",266,266,"7/22/2019 12:00:00 AM"
"Uttar Pradesh",BIJNOR,KOTWALI,"SHER NAGAR NARAINI",522,522,"7/22/2019 12:00:00 AM"
"Uttar Pradesh",BIJNOR,KOTWALI,SIKKAWALA,103,103,"7/22/2019 12:00:00 AM"
"Uttar Pradesh",BIJNOR,KOTWALI,"SULEMA SHIKOHPUR",282,282,"7/22/2019 12:00:00 AM"
"Uttar Pradesh",BIJNOR,KOTWALI,"SULTAN AJAMPUR BANI GANESH",405,405,"7/22/2019 12:00:00 AM"
"Uttar Pradesh",BIJNOR,KOTWALI,"TAKIPUR NAROTTAM",133,133,"7/22/2019 12:00:00 AM"
"Uttar Pradesh",BIJNOR,KOTWALI,"TANDA MAIDASS",565,565,"7/22/2019 12:00:00 AM"
"Uttar Pradesh",BIJNOR,KOTWALI,TARAPUR,445,445,"7/22/2019 12:00:00 AM"
"Uttar Pradesh",BIJNOR,KOTWALI,TELIPARA,0,0,"7/22/2019 12:00:00 AM"
"Uttar Pradesh",BIJNOR,KOTWALI,"TUKHMAPUR HARBANS BILA AHATMALI",411,411,"7/22/2019 12:00:00 AM"
"Uttar Pradesh",BIJNOR,KOTWALI,UGRSAINPUR,386,386,"7/22/2019 12:00:00 AM"
"Uttar Pradesh",BIJNOR,KOTWALI,"UMARPUR BARKHERA",55,55,"7/22/2019 12:00:00 AM"
"Uttar Pradesh",BIJNOR,"MOHAMMEDPUR DEOMAL","AKBARPUR ANGAKHERI",242,242,"7/22/2019 12:00:00 AM"
"Uttar Pradesh",BIJNOR,"MOHAMMEDPUR DEOMAL","AKBARPUR DEVDAS WALA",90,90,"7/22/2019 12:00:00 AM"
"Uttar Pradesh",BIJNOR,"MOHAMMEDPUR DEOMAL",ALAKPUR,365,365,"7/22/2019 12:00:00 AM"
"Uttar Pradesh",BIJNOR,"MOHAMMEDPUR DEOMAL",ALAUDDINPUR,362,362,"7/22/2019 12:00:00 AM"
"Uttar Pradesh",BIJNOR,"MOHAMMEDPUR DEOMAL","AMIPUR SUDHA",115,115,"7/22/2019 12:00:00 AM"
"Uttar Pradesh",BIJNOR,"MOHAMMEDPUR DEOMAL","AMIRPUR DAS URF DHARAM NAGARI",416,416,"7/22/2019 12:00:00 AM"
"Uttar Pradesh",BIJNOR,"MOHAMMEDPUR DEOMAL","AMIRPUR URF NARAINPUR",270,270,"7/22/2019 12:00:00 AM"
"Uttar Pradesh",BIJNOR,"MOHAMMEDPUR DEOMAL","AURANGPUR TARA",250,250,"7/22/2019 12:00:00 AM"
"Uttar Pradesh",BIJNOR,"MOHAMMEDPUR DEOMAL",BADKALA,5,5,"7/22/2019 12:00:00 AM"
"Uttar Pradesh",BIJNOR,"MOHAMMEDPUR DEOMAL",BADSHAHPUR,774,774,"7/22/2019 12:00:00 AM"
"Uttar Pradesh",BIJNOR,"MOHAMMEDPUR DEOMAL",BAGAINA,309,309,"7/22/2019 12:00:00 AM"
"Uttar Pradesh",BIJNOR,"MOHAMMEDPUR DEOMAL","BAGAR NANGLA",162,162,"7/22/2019 12:00:00 AM"
"Uttar Pradesh",BIJNOR,"MOHAMMEDPUR DEOMAL","BAGARPUR GARHI",408,408,"7/22/2019 12:00:00 AM"
"Uttar Pradesh",BIJNOR,"MOHAMMEDPUR DEOMAL","BAHADURPUR JAT",395,395,"7/22/2019 12:00:00 AM"
"Uttar Pradesh",BIJNOR,"MOHAMMEDPUR DEOMAL",BARKATPUR,512,512,"7/22/2019 12:00:00 AM"
"Uttar Pradesh",BIJNOR,"MOHAMMEDPUR DEOMAL",BAROOKI,775,775,"7/22/2019 12:00:00 AM"
"Uttar Pradesh",BIJNOR,"MOHAMMEDPUR DEOMAL",BHARUKA,287,287,"7/22/2019 12:00:00 AM"
"Uttar Pradesh",BIJNOR,"MOHAMMEDPUR DEOMAL","BHOJPUR BHOPATPUR",703,703,"7/22/2019 12:00:00 AM"
"Uttar Pradesh",BIJNOR,"MOHAMMEDPUR DEOMAL",BURHANUDDINPUR,225,225,"7/22/2019 12:00:00 AM"
"Uttar Pradesh",BIJNOR,"MOHAMMEDPUR DEOMAL","CHANDPUR FERU",326,326,"7/22/2019 12:00:00 AM"
"Uttar Pradesh",BIJNOR,"MOHAMMEDPUR DEOMAL","CHANDPUR NOABAD",1102,1102,"7/22/2019 12:00:00 AM"
"Uttar Pradesh",BIJNOR,"MOHAMMEDPUR DEOMAL",CHHAKARA,378,378,"7/22/2019 12:00:00 AM"
"Uttar Pradesh",BIJNOR,"MOHAMMEDPUR DEOMAL",DAULATPUR,218,218,"7/22/2019 12:00:00 AM"
"Uttar Pradesh",BIJNOR,"MOHAMMEDPUR DEOMAL",DAYALWALA,894,894,"7/22/2019 12:00:00 AM"
"Uttar Pradesh",BIJNOR,"MOHAMMEDPUR DEOMAL",DHANORA,490,490,"7/22/2019 12:00:00 AM"
"Uttar Pradesh",BIJNOR,"MOHAMMEDPUR DEOMAL",ETAWA,561,561,"7/22/2019 12:00:00 AM"
"Uttar Pradesh",BIJNOR,"MOHAMMEDPUR DEOMAL",FAJALPUR,490,490,"7/22/2019 12:00:00 AM"
"Uttar Pradesh",BIJNOR,"MOHAMMEDPUR DEOMAL","FAREEDPUR NIZAM",229,229,"7/22/2019 12:00:00 AM"
"Uttar Pradesh",BIJNOR,"MOHAMMEDPUR DEOMAL","FAREEDPUR SANSAR",277,277,"7/22/2019 12:00:00 AM"
"Uttar Pradesh",BIJNOR,"MOHAMMEDPUR DEOMAL","FARIDPUR BHOGI",343,343,"7/22/2019 12:00:00 AM"
"Uttar Pradesh",BIJNOR,"MOHAMMEDPUR DEOMAL","FARIDPUR DURGA",452,452,"7/22/2019 12:00:00 AM"
"Uttar Pradesh",BIJNOR,"MOHAMMEDPUR DEOMAL","FARIDPUR KAZI",607,607,"7/22/2019 12:00:00 AM"
"Uttar Pradesh",BIJNOR,"MOHAMMEDPUR DEOMAL","FARIDPUR MAN",502,502,"7/22/2019 12:00:00 AM"
"Uttar Pradesh",BIJNOR,"MOHAMMEDPUR DEOMAL","FIROZPUR MUBARAK",285,285,"7/22/2019 12:00:00 AM"
"Uttar Pradesh",BIJNOR,"MOHAMMEDPUR DEOMAL",GABLIPUR,218,218,"7/22/2019 12:00:00 AM"
"Uttar Pradesh",BIJNOR,"MOHAMMEDPUR DEOMAL","GAJROLA ACHPAL",323,323,"7/22/2019 12:00:00 AM"
"Uttar Pradesh",BIJNOR,"MOHAMMEDPUR DEOMAL","GAJROLA SHIP",318,318,"7/22/2019 12:00:00 AM"
"Uttar Pradesh",BIJNOR,"MOHAMMEDPUR DEOMAL","GOKULPUR QASAM",300,300,"7/22/2019 12:00:00 AM"
"Uttar Pradesh",BIJNOR,"MOHAMMEDPUR DEOMAL",GOPALPUR,244,244,"7/22/2019 12:00:00 AM"
"Uttar Pradesh",BIJNOR,"MOHAMMEDPUR DEOMAL","IBRAHIMPUR KHANDSAL",459,459,"7/22/2019 12:00:00 AM"
"Uttar Pradesh",BIJNOR,"MOHAMMEDPUR DEOMAL","ILA1CHIPUR KHARGU",177,177,"7/22/2019 12:00:00 AM"
"Uttar Pradesh",BIJNOR,"MOHAMMEDPUR DEOMAL",INCHHAWALA,139,139,"7/22/2019 12:00:00 AM"
"Uttar Pradesh",BIJNOR,"MOHAMMEDPUR DEOMAL","ISLAMPUR DAS",450,450,"7/22/2019 12:00:00 AM"
"Uttar Pradesh",BIJNOR,"MOHAMMEDPUR DEOMAL","ISLAMPUR LALU",150,150,"7/22/2019 12:00:00 AM"
"Uttar Pradesh",BIJNOR,"MOHAMMEDPUR DEOMAL","JAHANABAD BILA AHATMALI",218,218,"7/22/2019 12:00:00 AM"
"Uttar Pradesh",BIJNOR,"MOHAMMEDPUR DEOMAL","JAMALPUR PATHANI",495,495,"7/22/2019 12:00:00 AM"
"Uttar Pradesh",BIJNOR,"MOHAMMEDPUR DEOMAL",JHALRI,294,294,"7/22/2019 12:00:00 AM"
"Uttar Pradesh",BIJNOR,"MOHAMMEDPUR DEOMAL","KARIMPUR BAMNOLI",324,324,"7/22/2019 12:00:00 AM"
"Uttar Pradesh",BIJNOR,"MOHAMMEDPUR DEOMAL","KASAMPUR KIRPARAM",226,226,"7/22/2019 12:00:00 AM"
"Uttar Pradesh",BIJNOR,"MOHAMMEDPUR DEOMAL",KAZIWALA,277,277,"7/22/2019 12:00:00 AM"
"Uttar Pradesh",BIJNOR,"MOHAMMEDPUR DEOMAL",KHALILULLAHPUR,343,343,"7/22/2019 12:00:00 AM"
"Uttar Pradesh",BIJNOR,"MOHAMMEDPUR DEOMAL","KHANPUR MADHO",385,385,"7/22/2019 12:00:00 AM"
"Uttar Pradesh",BIJNOR,"MOHAMMEDPUR DEOMAL","KHERKI HEMRAJ",580,580,"7/22/2019 12:00:00 AM"
"Uttar Pradesh",BIJNOR,"MOHAMMEDPUR DEOMAL",KHURAHERY,459,459,"7/22/2019 12:00:00 AM"
"Uttar Pradesh",BIJNOR,"MOHAMMEDPUR DEOMAL",KISHANPUR,323,323,"7/22/2019 12:00:00 AM"
"Uttar Pradesh",BIJNOR,"MOHAMMEDPUR DEOMAL",KISHANWAS,212,212,"7/22/2019 12:00:00 AM"
"Uttar Pradesh",BIJNOR,"MOHAMMEDPUR DEOMAL","KUNDANPUR BILA AHATMALI",475,475,"7/22/2019 12:00:00 AM"
"Uttar Pradesh",BIJNOR,"MOHAMMEDPUR DEOMAL","KUWAR CHATARBHOJ",127,127,"7/22/2019 12:00:00 AM"
"Uttar Pradesh",BIJNOR,"MOHAMMEDPUR DEOMAL",MACHKI,357,357,"7/22/2019 12:00:00 AM"
"Uttar Pradesh",BIJNOR,"MOHAMMEDPUR DEOMAL","MADSUDANPURNAND URF JHALRA",529,529,"7/22/2019 12:00:00 AM"
"Uttar Pradesh",BIJNOR,"MOHAMMEDPUR DEOMAL",MAHESHWRI,606,606,"7/22/2019 12:00:00 AM"
"Uttar Pradesh",BIJNOR,"MOHAMMEDPUR DEOMAL","MAKSUDANPUR HAFFIZA",50,50,"7/22/2019 12:00:00 AM"
"Uttar Pradesh",BIJNOR,"MOHAMMEDPUR DEOMAL","MANDAWALI SAIDU",496,496,"7/22/2019 12:00:00 AM"
"Uttar Pradesh",BIJNOR,"MOHAMMEDPUR DEOMAL","MANGOLPURA ROOPCHAND",225,225,"7/22/2019 12:00:00 AM"
"Uttar Pradesh",BIJNOR,"MOHAMMEDPUR DEOMAL","MIRJAPUR BANGER",485,485,"7/22/2019 12:00:00 AM"
"Uttar Pradesh",BIJNOR,"MOHAMMEDPUR DEOMAL","MIRZAPUR MAHESH",246,246,"7/22/2019 12:00:00 AM"
"Uttar Pradesh",BIJNOR,"MOHAMMEDPUR DEOMAL","MODHIA DHANSI",533,533,"7/22/2019 12:00:00 AM"
"Uttar Pradesh",BIJNOR,"MOHAMMEDPUR DEOMAL","MOHAMMADPUR LAKKHOO",390,390,"7/22/2019 12:00:00 AM"
"Uttar Pradesh",BIJNOR,"MOHAMMEDPUR DEOMAL","MOHAMMADPUR MANDAWALI",174,174,"7/22/2019 12:00:00 AM"
"Uttar Pradesh",BIJNOR,"MOHAMMEDPUR DEOMAL","MOHD. PUR DEVMAL",299,299,"7/22/2019 12:00:00 AM"
"Uttar Pradesh",BIJNOR,"MOHAMMEDPUR DEOMAL",MOHINUDDINPUR,696,696,"7/22/2019 12:00:00 AM"
"Uttar Pradesh",BIJNOR,"MOHAMMEDPUR DEOMAL","MOZAMPUR SUZAN",183,183,"7/22/2019 12:00:00 AM"
"Uttar Pradesh",BIJNOR,"MOHAMMEDPUR DEOMAL",MUDHALA,591,591,"7/22/2019 12:00:00 AM"
"Uttar Pradesh",BIJNOR,"MOHAMMEDPUR DEOMAL","MUKEEMPUR DHARU",367,367,"7/22/2019 12:00:00 AM"
"Uttar Pradesh",BIJNOR,"MOHAMMEDPUR DEOMAL","MUKIMPUR DHARMASI",319,319,"7/22/2019 12:00:00 AM"
"Uttar Pradesh",BIJNOR,"MOHAMMEDPUR DEOMAL","MUKIMPUR JAMAL",466,466,"7/22/2019 12:00:00 AM"
"Uttar Pradesh",BIJNOR,"MOHAMMEDPUR DEOMAL","MURTAJA PUR BULAKI URF PEDDA",354,354,"7/22/2019 12:00:00 AM"
"Uttar Pradesh",BIJNOR,"MOHAMMEDPUR DEOMAL","MUZAFFARPUR KESHO",448,448,"7/22/2019 12:00:00 AM"
"Uttar Pradesh",BIJNOR,"MOHAMMEDPUR DEOMAL",NASEERI,242,242,"7/22/2019 12:00:00 AM"
"Uttar Pradesh",BIJNOR,"MOHAMMEDPUR DEOMAL","ORANGABAD SHAKOORPUR BILA AHAT",261,261,"7/22/2019 12:00:00 AM"
"Uttar Pradesh",BIJNOR,"MOHAMMEDPUR DEOMAL",PADAMPUR,147,147,"7/22/2019 12:00:00 AM"
"Uttar Pradesh",BIJNOR,"MOHAMMEDPUR DEOMAL","PAPAVAR KHURD",97,97,"7/22/2019 12:00:00 AM"
"Uttar Pradesh",BIJNOR,"MOHAMMEDPUR DEOMAL","RAFIUL NAGAR URF RAWALI",670,670,"7/22/2019 12:00:00 AM"
"Uttar Pradesh",BIJNOR,"MOHAMMEDPUR DEOMAL","RAIPUR BERISAL",321,321,"7/22/2019 12:00:00 AM"
"Uttar Pradesh",BIJNOR,"MOHAMMEDPUR DEOMAL",RAMJIWALA,349,349,"7/22/2019 12:00:00 AM"
"Uttar Pradesh",BIJNOR,"MOHAMMEDPUR DEOMAL","RASHID PUR GARHI",253,253,"7/22/2019 12:00:00 AM"
"Uttar Pradesh",BIJNOR,"MOHAMMEDPUR DEOMAL","RASULPUR PIRTHI",450,450,"7/22/2019 12:00:00 AM"
"Uttar Pradesh",BIJNOR,"MOHAMMEDPUR DEOMAL","RATANPUR RIA1A",426,426,"7/22/2019 12:00:00 AM"
"Uttar Pradesh",BIJNOR,"MOHAMMEDPUR DEOMAL",SADAKPUR,429,429,"7/22/2019 12:00:00 AM"
"Uttar Pradesh",BIJNOR,"MOHAMMEDPUR DEOMAL","SAIF PUR KHADDAR",410,410,"7/22/2019 12:00:00 AM"
"Uttar Pradesh",BIJNOR,"MOHAMMEDPUR DEOMAL","SAIFPUR BANGAR",310,310,"7/22/2019 12:00:00 AM"
"Uttar Pradesh",BIJNOR,"MOHAMMEDPUR DEOMAL",SHADIPUR,356,356,"7/22/2019 12:00:00 AM"
"Uttar Pradesh",BIJNOR,"MOHAMMEDPUR DEOMAL",SHAHBAZPUR,282,282,"7/22/2019 12:00:00 AM"
"Uttar Pradesh",BIJNOR,"MOHAMMEDPUR DEOMAL","SHAHJADPUR BILA AHATMALI",547,547,"7/22/2019 12:00:00 AM"
"Uttar Pradesh",BIJNOR,"MOHAMMEDPUR DEOMAL",SHEKHOOPURA,299,299,"7/22/2019 12:00:00 AM"
"Uttar Pradesh",BIJNOR,"MOHAMMEDPUR DEOMAL","SUWAHER1 BUZURG",319,319,"7/22/2019 12:00:00 AM"
"Uttar Pradesh",BIJNOR,"MOHAMMEDPUR DEOMAL","SUWAHER1 KHURD",257,257,"7/22/2019 12:00:00 AM"
"Uttar Pradesh",BIJNOR,"MOHAMMEDPUR DEOMAL","TA1ABPUR QAZI",565,565,"7/22/2019 12:00:00 AM"
"Uttar Pradesh",BIJNOR,"MOHAMMEDPUR DEOMAL",TAIMOORPUR,323,323,"7/22/2019 12:00:00 AM"
"Uttar Pradesh",BIJNOR,"MOHAMMEDPUR DEOMAL","TARIKAMPUR ROOPCHAND",616,616,"7/22/2019 12:00:00 AM"
"Uttar Pradesh",BIJNOR,"MOHAMMEDPUR DEOMAL",TEEP,521,521,"7/22/2019 12:00:00 AM"
"Uttar Pradesh",BIJNOR,"MOHAMMEDPUR DEOMAL",TITARWALA,246,246,"7/22/2019 12:00:00 AM"
"Uttar Pradesh",BIJNOR,"MOHAMMEDPUR DEOMAL","UMAR PUR MEERA",203,203,"7/22/2019 12:00:00 AM"
"Uttar Pradesh",BIJNOR,"MOHAMMEDPUR DEOMAL","YUSUFPUR HAMID",445,445,"7/22/2019 12:00:00 AM"
"Uttar Pradesh",BIJNOR,NAJIBABAD,"AHAMADPUR SADAT",643,643,"7/22/2019 12:00:00 AM"
"Uttar Pradesh",BIJNOR,NAJIBABAD,"AJAMPUR MOHAMMAD ALI",262,262,"7/22/2019 12:00:00 AM"
"Uttar Pradesh",BIJNOR,NAJIBABAD,"AKBARPUR AONLA",414,414,"7/22/2019 12:00:00 AM"
"Uttar Pradesh",BIJNOR,NAJIBABAD,"AKBARPUR CHAUGANNA BILA AHATMA",413,413,"7/22/2019 12:00:00 AM"
"Uttar Pradesh",BIJNOR,NAJIBABAD,"ALAWALPUR NAINU",165,165,"7/22/2019 12:00:00 AM"
"Uttar Pradesh",BIJNOR,NAJIBABAD,ALIPURA,820,820,"7/22/2019 12:00:00 AM"
"Uttar Pradesh",BIJNOR,NAJIBABAD,AMANULLAPUR,451,451,"7/22/2019 12:00:00 AM"
"Uttar Pradesh",BIJNOR,NAJIBABAD,ASDULLAPUR,411,411,"7/22/2019 12:00:00 AM"
"Uttar Pradesh",BIJNOR,NAJIBABAD,AURANGABAD,289,289,"7/22/2019 12:00:00 AM"
"Uttar Pradesh",BIJNOR,NAJIBABAD,"AURANGPUR BASANTA",257,257,"7/22/2019 12:00:00 AM"
"Uttar Pradesh",BIJNOR,NAJIBABAD,"AURANGPUR BHIKKO",512,512,"7/22/2019 12:00:00 AM"
"Uttar Pradesh",BIJNOR,NAJIBABAD,"AZAMPUR GAZI",176,176,"7/22/2019 12:00:00 AM"
"Uttar Pradesh",BIJNOR,NAJIBABAD,BAKARPUR,255,255,"7/22/2019 12:00:00 AM"
"Uttar Pradesh",BIJNOR,NAJIBABAD,"BEGUMPUR BHONAWALA",182,182,"7/22/2019 12:00:00 AM"
"Uttar Pradesh",BIJNOR,NAJIBABAD,BHADULA,494,494,"7/22/2019 12:00:00 AM"
"Uttar Pradesh",BIJNOR,NAJIBABAD,BHAGUWALA,2125,2125,"7/22/2019 12:00:00 AM"
"Uttar Pradesh",BIJNOR,NAJIBABAD,BHOGPUR,453,453,"7/22/2019 12:00:00 AM"
"Uttar Pradesh",BIJNOR,NAJIBABAD,BIJAURI,371,371,"7/22/2019 12:00:00 AM"
"Uttar Pradesh",BIJNOR,NAJIBABAD,BIJAYPUR,645,645,"7/22/2019 12:00:00 AM"
"Uttar Pradesh",BIJNOR,NAJIBABAD,BIRUWALA,284,284,"7/22/2019 12:00:00 AM"
"Uttar Pradesh",BIJNOR,NAJIBABAD,BOUREKI,519,519,"7/22/2019 12:00:00 AM"
"Uttar Pradesh",BIJNOR,NAJIBABAD,BRAMPUR,185,185,"7/22/2019 12:00:00 AM"
"Uttar Pradesh",BIJNOR,NAJIBABAD,CHANDOUK,681,681,"7/22/2019 12:00:00 AM"
"Uttar Pradesh",BIJNOR,NAJIBABAD,DAHIRPUR,349,349,"7/22/2019 12:00:00 AM"
"Uttar Pradesh",BIJNOR,NAJIBABAD,"DHAN SINI",600,600,"7/22/2019 12:00:00 AM"
"Uttar Pradesh",BIJNOR,NAJIBABAD,DHANORA,1298,1298,"7/22/2019 12:00:00 AM"
"Uttar Pradesh",BIJNOR,NAJIBABAD,DINODA,397,397,"7/22/2019 12:00:00 AM"
"Uttar Pradesh",BIJNOR,NAJIBABAD,"FAJALPUR BHOIA(RAJARAMPUR FAZIL)",609,609,"7/22/2019 12:00:00 AM"
"Uttar Pradesh",BIJNOR,NAJIBABAD,"FAJALPUR FATAHULLA",399,399,"7/22/2019 12:00:00 AM"
"Uttar Pradesh",BIJNOR,NAJIBABAD,"FAJALPUR HABIB",537,537,"7/22/2019 12:00:00 AM"
"Uttar Pradesh",BIJNOR,NAJIBABAD,"FATEHULLAPUR DARGOO",285,285,"7/22/2019 12:00:00 AM"
"Uttar Pradesh",BIJNOR,NAJIBABAD,"FAZALPUR KHAS",189,189,"7/22/2019 12:00:00 AM"
"Uttar Pradesh",BIJNOR,NAJIBABAD,GAJRAULA,96,96,"7/22/2019 12:00:00 AM"
"Uttar Pradesh",BIJNOR,NAJIBABAD,GARHMALPUR,199,199,"7/22/2019 12:00:00 AM"
"Uttar Pradesh",BIJNOR,NAJIBABAD,GAZIPUR,423,423,"7/22/2019 12:00:00 AM"
"Uttar Pradesh",BIJNOR,NAJIBABAD,"GIRDAVA SAHANPUR",201,201,"7/22/2019 12:00:00 AM"
"Uttar Pradesh",BIJNOR,NAJIBABAD,GULALWALI,228,228,"7/22/2019 12:00:00 AM"
"Uttar Pradesh",BIJNOR,NAJIBABAD,GURHA,329,329,"7/22/2019 12:00:00 AM"
"Uttar Pradesh",BIJNOR,NAJIBABAD,"HAKEEMPUR KAJI",492,492,"7/22/2019 12:00:00 AM"
"Uttar Pradesh",BIJNOR,NAJIBABAD,"HAKUMATPUR KESHO",203,203,"7/22/2019 12:00:00 AM"
"Uttar Pradesh",BIJNOR,NAJIBABAD,HARCHANDPUR,220,220,"7/22/2019 12:00:00 AM"
"Uttar Pradesh",BIJNOR,NAJIBABAD,"HARSUWARA BILA AHATMALI",778,778,"7/22/2019 12:00:00 AM"
"Uttar Pradesh",BIJNOR,NAJIBABAD,HASANPUR,148,148,"7/22/2019 12:00:00 AM"
"Uttar Pradesh",BIJNOR,NAJIBABAD,HERWALI,224,224,"7/22/2019 12:00:00 AM"
"Uttar Pradesh",BIJNOR,NAJIBABAD,"HIMPUR PACHATPURA",422,422,"7/22/2019 12:00:00 AM"
"Uttar Pradesh",BIJNOR,NAJIBABAD,ISSEPUR,504,504,"7/22/2019 12:00:00 AM"
"Uttar Pradesh",BIJNOR,NAJIBABAD,JAGDISHPUR,163,163,"7/22/2019 12:00:00 AM"
"Uttar Pradesh",BIJNOR,NAJIBABAD,JAHANABAD,223,223,"7/22/2019 12:00:00 AM"
"Uttar Pradesh",BIJNOR,NAJIBABAD,"JALABPUR GUDAL",569,569,"7/22/2019 12:00:00 AM"
"Uttar Pradesh",BIJNOR,NAJIBABAD,JALPUR,349,349,"7/22/2019 12:00:00 AM"
"Uttar Pradesh",BIJNOR,NAJIBABAD,JASPUR,427,427,"7/22/2019 12:00:00 AM"
"Uttar Pradesh",BIJNOR,NAJIBABAD,JASWANTPUR,612,612,"7/22/2019 12:00:00 AM"
"Uttar Pradesh",BIJNOR,NAJIBABAD,"JATPURA BHONDA",497,497,"7/22/2019 12:00:00 AM"
"Uttar Pradesh",BIJNOR,NAJIBABAD,"JATPURA KHAS",185,185,"7/22/2019 12:00:00 AM"
"Uttar Pradesh",BIJNOR,NAJIBABAD,JAWALILALA,450,450,"7/22/2019 12:00:00 AM"
"Uttar Pradesh",BIJNOR,NAJIBABAD,"JEETPUR KHAS",344,344,"7/22/2019 12:00:00 AM"
"Uttar Pradesh",BIJNOR,NAJIBABAD,"JULFAKARPUR GARHI",246,246,"7/22/2019 12:00:00 AM"
"Uttar Pradesh",BIJNOR,NAJIBABAD,"KALHEDI BILA AHATMALI",620,620,"7/22/2019 12:00:00 AM"
"Uttar Pradesh",BIJNOR,NAJIBABAD,KALYANPUR,136,136,"7/22/2019 12:00:00 AM"
"Uttar Pradesh",BIJNOR,NAJIBABAD,KAMALPUR,280,280,"7/22/2019 12:00:00 AM"
"Uttar Pradesh",BIJNOR,NAJIBABAD,KAMRAJPUR,257,257,"7/22/2019 12:00:00 AM"
"Uttar Pradesh",BIJNOR,NAJIBABAD,KANAKPUR,543,543,"7/22/2019 12:00:00 AM"
"Uttar Pradesh",BIJNOR,NAJIBABAD,"KANSHI RAMPUR",349,349,"7/22/2019 12:00:00 AM"
"Uttar Pradesh",BIJNOR,NAJIBABAD,KARAULI,417,417,"7/22/2019 12:00:00 AM"
"Uttar Pradesh",BIJNOR,NAJIBABAD,KARMASKHERI,341,341,"7/22/2019 12:00:00 AM"
"Uttar Pradesh",BIJNOR,NAJIBABAD,"KHAIRULLAPUR BILA AHATMALI",165,165,"7/22/2019 12:00:00 AM"
"Uttar Pradesh",BIJNOR,NAJIBABAD,KHALILPUR,354,354,"7/22/2019 12:00:00 AM"
"Uttar Pradesh",BIJNOR,NAJIBABAD,"KISHORPUR AHATMALI",504,504,"7/22/2019 12:00:00 AM"
"Uttar Pradesh",BIJNOR,NAJIBABAD,KUTUBPUR,249,249,"7/22/2019 12:00:00 AM"
"Uttar Pradesh",BIJNOR,NAJIBABAD,"LAHAK KALAN",323,323,"7/22/2019 12:00:00 AM"
"Uttar Pradesh",BIJNOR,NAJIBABAD,"LALPUR MAN",532,532,"7/22/2019 12:00:00 AM"
"Uttar Pradesh",BIJNOR,NAJIBABAD,"LALPUR SOJIMAL BA",268,268,"7/22/2019 12:00:00 AM"
"Uttar Pradesh",BIJNOR,NAJIBABAD,"MAHARAIPUR SHEK",82,82,"7/22/2019 12:00:00 AM"
"Uttar Pradesh",BIJNOR,NAJIBABAD,MANDAWALI,389,389,"7/22/2019 12:00:00 AM"
"Uttar Pradesh",BIJNOR,NAJIBABAD,"MAUZAMPUR TULSHI BILA AHATMALI",479,479,"7/22/2019 12:00:00 AM"
"Uttar Pradesh",BIJNOR,NAJIBABAD,MAYAPURI,185,185,"7/22/2019 12:00:00 AM"
"Uttar Pradesh",BIJNOR,NAJIBABAD,"MIRAMPUR BEGA",442,442,"7/22/2019 12:00:00 AM"
"Uttar Pradesh",BIJNOR,NAJIBABAD,MIRZAPUR,129,129,"7/22/2019 12:00:00 AM"
"Uttar Pradesh",BIJNOR,NAJIBABAD,"MIRZAPUR SAID",198,198,"7/22/2019 12:00:00 AM"
"Uttar Pradesh",BIJNOR,NAJIBABAD,MOCHIPURA,427,427,"7/22/2019 12:00:00 AM"
"Uttar Pradesh",BIJNOR,NAJIBABAD,"MOHAMMAD ALIPUR PARMA",455,455,"7/22/2019 12:00:00 AM"
"Uttar Pradesh",BIJNOR,NAJIBABAD,"MOHAMMED AMIKHANPUR",363,363,"7/22/2019 12:00:00 AM"
"Uttar Pradesh",BIJNOR,NAJIBABAD,"MOHMAD ALIPUR DUWARKA",305,305,"7/22/2019 12:00:00 AM"
"Uttar Pradesh",BIJNOR,NAJIBABAD,"MOJAMPUR SADAT",275,275,"7/22/2019 12:00:00 AM"
"Uttar Pradesh",BIJNOR,NAJIBABAD,MOTADHAK,701,701,"7/22/2019 12:00:00 AM"
"Uttar Pradesh",BIJNOR,NAJIBABAD,MUBARAKPUR,339,339,"7/22/2019 12:00:00 AM"
"Uttar Pradesh",BIJNOR,NAJIBABAD,"MUBARAKPUR RATHE",396,396,"7/22/2019 12:00:00 AM"
"Uttar Pradesh",BIJNOR,NAJIBABAD,MUSSEPUR,235,235,"7/22/2019 12:00:00 AM"
"Uttar Pradesh",BIJNOR,NAJIBABAD,"MUSTAFAPUR ASU",198,198,"7/22/2019 12:00:00 AM"
"Uttar Pradesh",BIJNOR,NAJIBABAD,MUSVIKHANPUR,110,110,"7/22/2019 12:00:00 AM"
"Uttar Pradesh",BIJNOR,NAJIBABAD,"MUTHRAPUR MOR",387,387,"7/22/2019 12:00:00 AM"
"Uttar Pradesh",BIJNOR,NAJIBABAD,NANGAL,931,931,"7/22/2019 12:00:00 AM"
"Uttar Pradesh",BIJNOR,NAJIBABAD,"NANGLA HARDAS",303,303,"7/22/2019 12:00:00 AM"
"Uttar Pradesh",BIJNOR,NAJIBABAD,"NANGLA UBHAN",260,260,"7/22/2019 12:00:00 AM"
"Uttar Pradesh",BIJNOR,NAJIBABAD,"NARAINPUR RATAN",747,747,"7/22/2019 12:00:00 AM"
"Uttar Pradesh",BIJNOR,NAJIBABAD,"PARBATPUR MAKHDOMPUR",1055,1055,"7/22/2019 12:00:00 AM"
"Uttar Pradesh",BIJNOR,NAJIBABAD,PARTAPPUR,179,179,"7/22/2019 12:00:00 AM"
"Uttar Pradesh",BIJNOR,NAJIBABAD,PREMPUR,628,628,"7/22/2019 12:00:00 AM"
"Uttar Pradesh",BIJNOR,NAJIBABAD,"PUNDRI KHURD",503,503,"7/22/2019 12:00:00 AM"
"Uttar Pradesh",BIJNOR,NAJIBABAD,"PURANPUR GARHI AHATMALI",757,757,"7/22/2019 12:00:00 AM"
"Uttar Pradesh",BIJNOR,NAJIBABAD,"PURANPUR NAROTTAM",420,420,"7/22/2019 12:00:00 AM"
"Uttar Pradesh",BIJNOR,NAJIBABAD,"RAFIPUR MOHAN",453,453,"7/22/2019 12:00:00 AM"
"Uttar Pradesh",BIJNOR,NAJIBABAD,"RAHATPUR KHURD",340,340,"7/22/2019 12:00:00 AM"
"Uttar Pradesh",BIJNOR,NAJIBABAD,"RAIPUR KHAS",509,509,"7/22/2019 12:00:00 AM"
"Uttar Pradesh",BIJNOR,NAJIBABAD,"RAJPUR NAWADA",307,307,"7/22/2019 12:00:00 AM"
"Uttar Pradesh",BIJNOR,NAJIBABAD,RAMNAGAR,110,110,"7/22/2019 12:00:00 AM"
"Uttar Pradesh",BIJNOR,NAJIBABAD,RANIKOT,253,253,"7/22/2019 12:00:00 AM"
"Uttar Pradesh",BIJNOR,NAJIBABAD,RANIPUR,510,510,"7/22/2019 12:00:00 AM"
"Uttar Pradesh",BIJNOR,NAJIBABAD,"RASOOLPUR SAID",439,439,"7/22/2019 12:00:00 AM"
"Uttar Pradesh",BIJNOR,NAJIBABAD,SABALGARH,935,935,"7/22/2019 12:00:00 AM"
"Uttar Pradesh",BIJNOR,NAJIBABAD,SABALPUR,316,316,"7/22/2019 12:00:00 AM"
"Uttar Pradesh",BIJNOR,NAJIBABAD,SADATPUR,721,721,"7/22/2019 12:00:00 AM"
"Uttar Pradesh",BIJNOR,NAJIBABAD,SAMIPUR,616,616,"7/22/2019 12:00:00 AM"
"Uttar Pradesh",BIJNOR,NAJIBABAD,"SARAI ALAM",692,692,"7/22/2019 12:00:00 AM"
"Uttar Pradesh",BIJNOR,NAJIBABAD,SARWANPUR,399,399,"7/22/2019 12:00:00 AM"
"Uttar Pradesh",BIJNOR,NAJIBABAD,SATWAI(FAZULLAPUR),67,67,"7/22/2019 12:00:00 AM"
"Uttar Pradesh",BIJNOR,NAJIBABAD,SAUFATPUR,336,336,"7/22/2019 12:00:00 AM"
"Uttar Pradesh",BIJNOR,NAJIBABAD,SHAHJADPUR,304,304,"7/22/2019 12:00:00 AM"
"Uttar Pradesh",BIJNOR,NAJIBABAD,"SHAHJHANPUR JASRATH",878,878,"7/22/2019 12:00:00 AM"
"Uttar Pradesh",BIJNOR,NAJIBABAD,"SHAHPUR UMRAV SINGH",70,70,"7/22/2019 12:00:00 AM"
"Uttar Pradesh",BIJNOR,NAJIBABAD,SHAJHANPUR,126,126,"7/22/2019 12:00:00 AM"
"Uttar Pradesh",BIJNOR,NAJIBABAD,"SHEKHPUR GADHU",542,542,"7/22/2019 12:00:00 AM"
"Uttar Pradesh",BIJNOR,NAJIBABAD,"SHEKHUPURA ALAM",396,396,"7/22/2019 12:00:00 AM"
"Uttar Pradesh",BIJNOR,NAJIBABAD,"SHERPUR AMI",267,267,"7/22/2019 12:00:00 AM"
"Uttar Pradesh",BIJNOR,NAJIBABAD,"SHYAMI WALA",298,298,"7/22/2019 12:00:00 AM"
"Uttar Pradesh",BIJNOR,NAJIBABAD,"SIKANDERPUR BASI",492,492,"7/22/2019 12:00:00 AM"
"Uttar Pradesh",BIJNOR,NAJIBABAD,SIKRAUDA,532,532,"7/22/2019 12:00:00 AM"
"Uttar Pradesh",BIJNOR,NAJIBABAD,SUNGARPUR,157,157,"7/22/2019 12:00:00 AM"
"Uttar Pradesh",BIJNOR,NAJIBABAD,"TAHARPUR ISHHAK",613,613,"7/22/2019 12:00:00 AM"
"Uttar Pradesh",BIJNOR,NAJIBABAD,"TAIYABPUR GORWA",226,226,"7/22/2019 12:00:00 AM"
"Uttar Pradesh",BIJNOR,NAJIBABAD,TISOTRA,350,350,"7/22/2019 12:00:00 AM"
"Uttar Pradesh",BIJNOR,NEHTAUR,AAKU,409,409,"7/22/2019 12:00:00 AM"
"Uttar Pradesh",BIJNOR,NEHTAUR,"AHMAD KHALIKPUR BALRAM",149,149,"7/22/2019 12:00:00 AM"
"Uttar Pradesh",BIJNOR,NEHTAUR,"AKBARPUR DEVMAL",496,496,"7/22/2019 12:00:00 AM"
"Uttar Pradesh",BIJNOR,NEHTAUR,"AKBARPUR GARAB",466,466,"7/22/2019 12:00:00 AM"
"Uttar Pradesh",BIJNOR,NEHTAUR,AKHERA,285,285,"7/22/2019 12:00:00 AM"
"Uttar Pradesh",BIJNOR,NEHTAUR,ALINARGAR,396,396,"7/22/2019 12:00:00 AM"
"Uttar Pradesh",BIJNOR,NEHTAUR,"ALIPUR DAMODAR",488,488,"7/22/2019 12:00:00 AM"
"Uttar Pradesh",BIJNOR,NEHTAUR,"ALLAHADADPUR MUBARAK",288,288,"7/22/2019 12:00:00 AM"
"Uttar Pradesh",BIJNOR,NEHTAUR,AMINABAD,520,520,"7/22/2019 12:00:00 AM"
"Uttar Pradesh",BIJNOR,NEHTAUR,ATHAISHEKH,1217,1217,"7/22/2019 12:00:00 AM"
"Uttar Pradesh",BIJNOR,NEHTAUR,"BAIRAMABAD GARHI",1229,1229,"7/22/2019 12:00:00 AM"
"Uttar Pradesh",BIJNOR,NEHTAUR,BAIRAMNAGAR,407,407,"7/22/2019 12:00:00 AM"
"Uttar Pradesh",BIJNOR,NEHTAUR,"BAIRAMPUR KHAJOORI",400,400,"7/22/2019 12:00:00 AM"
"Uttar Pradesh",BIJNOR,NEHTAUR,"BAKAR NAGAR",157,157,"7/22/2019 12:00:00 AM"
"Uttar Pradesh",BIJNOR,NEHTAUR,BASAWANPUR,693,693,"7/22/2019 12:00:00 AM"
"Uttar Pradesh",BIJNOR,NEHTAUR,"BASERA KHURD",343,343,"7/22/2019 12:00:00 AM"
"Uttar Pradesh",BIJNOR,NEHTAUR,BEGRAJPUR,1171,1171,"7/22/2019 12:00:00 AM"
"Uttar Pradesh",BIJNOR,NEHTAUR,"BHATI1AN KHUSHALPUR",669,669,"7/22/2019 12:00:00 AM"
"Uttar Pradesh",BIJNOR,NEHTAUR,"BHAVANIPUR TARKOLA",239,239,"7/22/2019 12:00:00 AM"
"Uttar Pradesh",BIJNOR,NEHTAUR,BURHANPUR(BHOODPUR),199,199,"7/22/2019 12:00:00 AM"
"Uttar Pradesh",BIJNOR,NEHTAUR,"CHAK GORDHAN",937,937,"7/22/2019 12:00:00 AM"
"Uttar Pradesh",BIJNOR,NEHTAUR,CHOHARPUR,760,760,"7/22/2019 12:00:00 AM"
"Uttar Pradesh",BIJNOR,NEHTAUR,"DABKHERI SALAAR",448,448,"7/22/2019 12:00:00 AM"
"Uttar Pradesh",BIJNOR,NEHTAUR,DHAKOLI,157,157,"7/22/2019 12:00:00 AM"
"Uttar Pradesh",BIJNOR,NEHTAUR,DHANUPURA,340,340,"7/22/2019 12:00:00 AM"
"Uttar Pradesh",BIJNOR,NEHTAUR,FALAUDI,159,159,"7/22/2019 12:00:00 AM"
"Uttar Pradesh",BIJNOR,NEHTAUR,FAREEDABAD,291,291,"7/22/2019 12:00:00 AM"
"Uttar Pradesh",BIJNOR,NEHTAUR,"FARID NAGAR",278,278,"7/22/2019 12:00:00 AM"
"Uttar Pradesh",BIJNOR,NEHTAUR,"HAKIMPUR NARA1AN",147,147,"7/22/2019 12:00:00 AM"
"Uttar Pradesh",BIJNOR,NEHTAUR,HARGANPUR,195,195,"7/22/2019 12:00:00 AM"
"Uttar Pradesh",BIJNOR,NEHTAUR,HARPUR,422,422,"7/22/2019 12:00:00 AM"
"Uttar Pradesh",BIJNOR,NEHTAUR,"HUSAINPUR URF SAMASPUR",359,359,"7/22/2019 12:00:00 AM"
"Uttar Pradesh",BIJNOR,NEHTAUR,"IBRAHIMPUR LAL",223,223,"7/22/2019 12:00:00 AM"
"Uttar Pradesh",BIJNOR,NEHTAUR,"IBRAHIMPUR SADHO",370,370,"7/22/2019 12:00:00 AM"
"Uttar Pradesh",BIJNOR,NEHTAUR,"JALALPUR ASRA",51,51,"7/22/2019 12:00:00 AM"
"Uttar Pradesh",BIJNOR,NEHTAUR,"JARIFPUR CHATAR",263,263,"7/22/2019 12:00:00 AM"
"Uttar Pradesh",BIJNOR,NEHTAUR,JASMORA,228,228,"7/22/2019 12:00:00 AM"
"Uttar Pradesh",BIJNOR,NEHTAUR,KAKRALA,201,201,"7/22/2019 12:00:00 AM"
"Uttar Pradesh",BIJNOR,NEHTAUR,"KARIMPUR MUBARAK",165,165,"7/22/2019 12:00:00 AM"
"Uttar Pradesh",BIJNOR,NEHTAUR,"KASAMPUR LEKHRAJ",600,600,"7/22/2019 12:00:00 AM"
"Uttar Pradesh",BIJNOR,NEHTAUR,"KASHMIRI ABBUNASARPUR",182,182,"7/22/2019 12:00:00 AM"
"Uttar Pradesh",BIJNOR,NEHTAUR,KHAJURAJAT,288,288,"7/22/2019 12:00:00 AM"
"Uttar Pradesh",BIJNOR,NEHTAUR,KHANDSAL,216,216,"7/22/2019 12:00:00 AM"
"Uttar Pradesh",BIJNOR,NEHTAUR,KHERIJAT,398,398,"7/22/2019 12:00:00 AM"
"Uttar Pradesh",BIJNOR,NEHTAUR,KHIZARPUR,434,434,"7/22/2019 12:00:00 AM"
"Uttar Pradesh",BIJNOR,NEHTAUR,"KISANPUR BHUGAN",335,335,"7/22/2019 12:00:00 AM"
"Uttar Pradesh",BIJNOR,NEHTAUR,LATIFULLAPUR,294,294,"7/22/2019 12:00:00 AM"
"Uttar Pradesh",BIJNOR,NEHTAUR,"MAHMOODPUR BIKKA",224,224,"7/22/2019 12:00:00 AM"
"Uttar Pradesh",BIJNOR,NEHTAUR,"MAHMOODPUR BUZURG",264,264,"7/22/2019 12:00:00 AM"
"Uttar Pradesh",BIJNOR,NEHTAUR,"MAHMOODPUR MILAK",343,343,"7/22/2019 12:00:00 AM"
"Uttar Pradesh",BIJNOR,NEHTAUR,"MAHMUDPUR KAMIL",279,279,"7/22/2019 12:00:00 AM"
"Uttar Pradesh",BIJNOR,NEHTAUR,"MAHO NANGLI",210,210,"7/22/2019 12:00:00 AM"
"Uttar Pradesh",BIJNOR,NEHTAUR,MAHUA,301,301,"7/22/2019 12:00:00 AM"
"Uttar Pradesh",BIJNOR,NEHTAUR,MANDORAVIP,313,313,"7/22/2019 12:00:00 AM"
"Uttar Pradesh",BIJNOR,NEHTAUR,MATORADARGA,617,617,"7/22/2019 12:00:00 AM"
"Uttar Pradesh",BIJNOR,NEHTAUR,MATORAMAN,288,288,"7/22/2019 12:00:00 AM"
"Uttar Pradesh",BIJNOR,NEHTAUR,MIRZAPUR,230,230,"7/22/2019 12:00:00 AM"
"Uttar Pradesh",BIJNOR,NEHTAUR,"MOHAMMADPUR PARMA",155,155,"7/22/2019 12:00:00 AM"
"Uttar Pradesh",BIJNOR,NEHTAUR,"MUNIMPUR(MILAK MUQUIMPUR)",589,589,"7/22/2019 12:00:00 AM"
"Uttar Pradesh",BIJNOR,NEHTAUR,MUSSAIPUR,307,307,"7/22/2019 12:00:00 AM"
"Uttar Pradesh",BIJNOR,NEHTAUR,MUSTAFABAD,366,366,"7/22/2019 12:00:00 AM"
"Uttar Pradesh",BIJNOR,NEHTAUR,MUZAFFARPUR,374,374,"7/22/2019 12:00:00 AM"
"Uttar Pradesh",BIJNOR,NEHTAUR,NAKEEBPUR,274,274,"7/22/2019 12:00:00 AM"
"Uttar Pradesh",BIJNOR,NEHTAUR,NARGADI,150,150,"7/22/2019 12:00:00 AM"
"Uttar Pradesh",BIJNOR,NEHTAUR,NASIBPUR,341,341,"7/22/2019 12:00:00 AM"
"Uttar Pradesh",BIJNOR,NEHTAUR,NIZATPUR,556,556,"7/22/2019 12:00:00 AM"
"Uttar Pradesh",BIJNOR,NEHTAUR,"PADLI MANDO",541,541,"7/22/2019 12:00:00 AM"
"Uttar Pradesh",BIJNOR,NEHTAUR,PAHARPUR,164,164,"7/22/2019 12:00:00 AM"
"Uttar Pradesh",BIJNOR,NEHTAUR,PAPSARA,560,560,"7/22/2019 12:00:00 AM"
"Uttar Pradesh",BIJNOR,NEHTAUR,"PHULSANDA GANGDAS",242,242,"7/22/2019 12:00:00 AM"
"Uttar Pradesh",BIJNOR,NEHTAUR,"PHULSANDA HEERA",50,50,"7/22/2019 12:00:00 AM"
"Uttar Pradesh",BIJNOR,NEHTAUR,"PHULSANDA KHAKAM",452,452,"7/22/2019 12:00:00 AM"
"Uttar Pradesh",BIJNOR,NEHTAUR,RAGHUNATHPUR,558,558,"7/22/2019 12:00:00 AM"
"Uttar Pradesh",BIJNOR,NEHTAUR,"RAIAPUR LAKRA",468,468,"7/22/2019 12:00:00 AM"
"Uttar Pradesh",BIJNOR,NEHTAUR,"RAIPUR MAHILABAD",103,103,"7/22/2019 12:00:00 AM"
"Uttar Pradesh",BIJNOR,NEHTAUR,RAMPUR,452,452,"7/22/2019 12:00:00 AM"
"Uttar Pradesh",BIJNOR,NEHTAUR,"RUSTAMPUR SHER(RUSTAMPUR PALI JAT)",449,449,"7/22/2019 12:00:00 AM"
"Uttar Pradesh",BIJNOR,NEHTAUR,"SADAT NAGAR",186,186,"7/22/2019 12:00:00 AM"
"Uttar Pradesh",BIJNOR,NEHTAUR,"SADRUDDIN NAGAR",594,594,"7/22/2019 12:00:00 AM"
"Uttar Pradesh",BIJNOR,NEHTAUR,"SAFAR SHIKOH PUR",161,161,"7/22/2019 12:00:00 AM"
"Uttar Pradesh",BIJNOR,NEHTAUR,"SAHANPUR NAWADA",295,295,"7/22/2019 12:00:00 AM"
"Uttar Pradesh",BIJNOR,NEHTAUR,SALAIMPUR,235,235,"7/22/2019 12:00:00 AM"
"Uttar Pradesh",BIJNOR,NEHTAUR,SALAMATABAD,232,232,"7/22/2019 12:00:00 AM"
"Uttar Pradesh",BIJNOR,NEHTAUR,"SALARPUR SAFKATPUR",493,493,"7/22/2019 12:00:00 AM"
"Uttar Pradesh",BIJNOR,NEHTAUR,SEDHA,263,263,"7/22/2019 12:00:00 AM"
"Uttar Pradesh",BIJNOR,NEHTAUR,SEDHI,368,368,"7/22/2019 12:00:00 AM"
"Uttar Pradesh",BIJNOR,NEHTAUR,SHAHKARAMPUR,162,162,"7/22/2019 12:00:00 AM"
"Uttar Pradesh",BIJNOR,NEHTAUR,SHAMSAHBAD,190,190,"7/22/2019 12:00:00 AM"
"Uttar Pradesh",BIJNOR,NEHTAUR,"SHEKHPUR LALA",291,291,"7/22/2019 12:00:00 AM"
"Uttar Pradesh",BIJNOR,NEHTAUR,"SHERPUR BALLA",528,528,"7/22/2019 12:00:00 AM"
"Uttar Pradesh",BIJNOR,NEHTAUR,"SINKRI BUZURG",423,423,"7/22/2019 12:00:00 AM"
"Uttar Pradesh",BIJNOR,NEHTAUR,SUNPATA,364,364,"7/22/2019 12:00:00 AM"
"Uttar Pradesh",BIJNOR,NEHTAUR,"TAHARPUR SAID",339,339,"7/22/2019 12:00:00 AM"
"Uttar Pradesh",BIJNOR,NEHTAUR,"TAQIPUR POORAN",222,222,"7/22/2019 12:00:00 AM"
"Uttar Pradesh",BIJNOR,NEHTAUR,TURABNAGAR,203,203,"7/22/2019 12:00:00 AM"
"Uttar Pradesh",BIJNOR,NEHTAUR,UMRI,233,233,"7/22/2019 12:00:00 AM"
"Uttar Pradesh",BIJNOR,NOORPUR,"ABDULLA NAGAR DAHANA",333,333,"7/22/2019 12:00:00 AM"
"Uttar Pradesh",BIJNOR,NOORPUR,"AFZALPUR BALDANI",150,150,"7/22/2019 12:00:00 AM"
"Uttar Pradesh",BIJNOR,NOORPUR,AJAMPUR,469,469,"7/22/2019 12:00:00 AM"
"Uttar Pradesh",BIJNOR,NOORPUR,"ALAMPUR ADVA",294,294,"7/22/2019 12:00:00 AM"
"Uttar Pradesh",BIJNOR,NOORPUR,"ARAJI BHENSA",246,246,"7/22/2019 12:00:00 AM"
"Uttar Pradesh",BIJNOR,NOORPUR,"ASADPUR DHAMDAULI",568,568,"7/22/2019 12:00:00 AM"
"Uttar Pradesh",BIJNOR,NOORPUR,ASKARIPUR,804,804,"7/22/2019 12:00:00 AM"
"Uttar Pradesh",BIJNOR,NOORPUR,"ATHAI AHIR",274,274,"7/22/2019 12:00:00 AM"
"Uttar Pradesh",BIJNOR,NOORPUR,"ATHAI JAMRUDDIN",459,459,"7/22/2019 12:00:00 AM"
"Uttar Pradesh",BIJNOR,NOORPUR,AULIYAPUR,271,271,"7/22/2019 12:00:00 AM"
"Uttar Pradesh",BIJNOR,NOORPUR,AURANGABAD,354,354,"7/22/2019 12:00:00 AM"
"Uttar Pradesh",BIJNOR,NOORPUR,"AZAMGARHURF RATANGARH",574,574,"7/22/2019 12:00:00 AM"
"Uttar Pradesh",BIJNOR,NOORPUR,"BAKHRABAD URF KHATAI",239,239,"7/22/2019 12:00:00 AM"
"Uttar Pradesh",BIJNOR,NOORPUR,"BALDANA SHAFIPUR",398,398,"7/22/2019 12:00:00 AM"
"Uttar Pradesh",BIJNOR,NOORPUR,BAMNOLA,610,610,"7/22/2019 12:00:00 AM"
"Uttar Pradesh",BIJNOR,NOORPUR,BER,320,320,"7/22/2019 12:00:00 AM"
"Uttar Pradesh",BIJNOR,NOORPUR,"BHAVANIPUR KALIYA",157,157,"7/22/2019 12:00:00 AM"
"Uttar Pradesh",BIJNOR,NOORPUR,BHENSA,165,165,"7/22/2019 12:00:00 AM"
"Uttar Pradesh",BIJNOR,NOORPUR,BIRBALPUR,365,365,"7/22/2019 12:00:00 AM"
"Uttar Pradesh",BIJNOR,NOORPUR,"BISHANPURA URF VIDRA",137,137,"7/22/2019 12:00:00 AM"
"Uttar Pradesh",BIJNOR,NOORPUR,BUCHANANGAL,193,193,"7/22/2019 12:00:00 AM"
"Uttar Pradesh",BIJNOR,NOORPUR,CHANGIPUR,603,603,"7/22/2019 12:00:00 AM"
"Uttar Pradesh",BIJNOR,NOORPUR,CHEHLA,562,562,"7/22/2019 12:00:00 AM"
"Uttar Pradesh",BIJNOR,NOORPUR,CHEHLI,299,299,"7/22/2019 12:00:00 AM"
"Uttar Pradesh",BIJNOR,NOORPUR,CHELAPUR,291,291,"7/22/2019 12:00:00 AM"
"Uttar Pradesh",BIJNOR,NOORPUR,CHHAJPURA,557,557,"7/22/2019 12:00:00 AM"
"Uttar Pradesh",BIJNOR,NOORPUR,DARIAPUR,629,629,"7/22/2019 12:00:00 AM"
"Uttar Pradesh",BIJNOR,NOORPUR,"DAULATPUR BILLOCH",396,396,"7/22/2019 12:00:00 AM"
"Uttar Pradesh",BIJNOR,NOORPUR,DHARUPUR,394,394,"7/22/2019 12:00:00 AM"
"Uttar Pradesh",BIJNOR,NOORPUR,"DHAULA GARH",389,389,"7/22/2019 12:00:00 AM"
"Uttar Pradesh",BIJNOR,NOORPUR,"DHELA AHIR",474,474,"7/22/2019 12:00:00 AM"
"Uttar Pradesh",BIJNOR,NOORPUR,DHUNDLI,383,383,"7/22/2019 12:00:00 AM"
"Uttar Pradesh",BIJNOR,NOORPUR,FAIJPUR,208,208,"7/22/2019 12:00:00 AM"
"Uttar Pradesh",BIJNOR,NOORPUR,FATIHABAD,192,192,"7/22/2019 12:00:00 AM"
"Uttar Pradesh",BIJNOR,NOORPUR,"FAZALPUR DHAKI",372,372,"7/22/2019 12:00:00 AM"
"Uttar Pradesh",BIJNOR,NOORPUR,GAJIPUR,392,392,"7/22/2019 12:00:00 AM"
"Uttar Pradesh",BIJNOR,NOORPUR,"GOHAVAR HALLU",818,818,"7/22/2019 12:00:00 AM"
"Uttar Pradesh",BIJNOR,NOORPUR,GOHAVARJAIT,1110,1110,"7/22/2019 12:00:00 AM"
"Uttar Pradesh",BIJNOR,NOORPUR,GOPALPUR,632,632,"7/22/2019 12:00:00 AM"
"Uttar Pradesh",BIJNOR,NOORPUR,GOVLI,653,653,"7/22/2019 12:00:00 AM"
"Uttar Pradesh",BIJNOR,NOORPUR,GUNIAKHERI,651,651,"7/22/2019 12:00:00 AM"
"Uttar Pradesh",BIJNOR,NOORPUR,"HANSU PURA HARKISHANPUR",749,749,"7/22/2019 12:00:00 AM"
"Uttar Pradesh",BIJNOR,NOORPUR,"HASANPUR BILLOCH",234,234,"7/22/2019 12:00:00 AM"
"Uttar Pradesh",BIJNOR,NOORPUR,"HEEMPUR BUJURG",1102,1102,"7/22/2019 12:00:00 AM"
"Uttar Pradesh",BIJNOR,NOORPUR,"HEEMPUR PRITHIA",206,206,"7/22/2019 12:00:00 AM"
"Uttar Pradesh",BIJNOR,NOORPUR,"JAFAR HUSAINPUR",623,623,"7/22/2019 12:00:00 AM"
"Uttar Pradesh",BIJNOR,NOORPUR,"JAFRABAD KURAI",138,138,"7/22/2019 12:00:00 AM"
"Uttar Pradesh",BIJNOR,NOORPUR,"JAMALPUR KIRAT",768,768,"7/22/2019 12:00:00 AM"
"Uttar Pradesh",BIJNOR,NOORPUR,JHIRAN,303,303,"7/22/2019 12:00:00 AM"
"Uttar Pradesh",BIJNOR,NOORPUR,JUJHELA,754,754,"7/22/2019 12:00:00 AM"
"Uttar Pradesh",BIJNOR,NOORPUR,"KAMALUDDINPUR HUSAIN",321,321,"7/22/2019 12:00:00 AM"
"Uttar Pradesh",BIJNOR,NOORPUR,KANHERI,386,386,"7/22/2019 12:00:00 AM"
"Uttar Pradesh",BIJNOR,NOORPUR,"KASAMPUR BILLOCH",580,580,"7/22/2019 12:00:00 AM"
"Uttar Pradesh",BIJNOR,NOORPUR,KHAJURI,370,370,"7/22/2019 12:00:00 AM"
"Uttar Pradesh",BIJNOR,NOORPUR,KHASPURA,340,340,"7/22/2019 12:00:00 AM"
"Uttar Pradesh",BIJNOR,NOORPUR,KIRATPUR,281,281,"7/22/2019 12:00:00 AM"
"Uttar Pradesh",BIJNOR,NOORPUR,"KUNDA KHURD",685,685,"7/22/2019 12:00:00 AM"
"Uttar Pradesh",BIJNOR,NOORPUR,LINDERPUR,302,302,"7/22/2019 12:00:00 AM"
"Uttar Pradesh",BIJNOR,NOORPUR,"LODIPUR MILK",330,330,"7/22/2019 12:00:00 AM"
"Uttar Pradesh",BIJNOR,NOORPUR,"MADARIPUR KAKRALA",322,322,"7/22/2019 12:00:00 AM"
"Uttar Pradesh",BIJNOR,NOORPUR,MAHAMDABAD,557,557,"7/22/2019 12:00:00 AM"
"Uttar Pradesh",BIJNOR,NOORPUR,"MAHDOOD NASHON",404,404,"7/22/2019 12:00:00 AM"
"Uttar Pradesh",BIJNOR,NOORPUR,"MAJHAULA GUJAR",324,324,"7/22/2019 12:00:00 AM"
"Uttar Pradesh",BIJNOR,NOORPUR,"MAJHOLA BILLOCH",767,767,"7/22/2019 12:00:00 AM"
"Uttar Pradesh",BIJNOR,NOORPUR,MALWA,303,303,"7/22/2019 12:00:00 AM"
"Uttar Pradesh",BIJNOR,NOORPUR,MANDAURA,533,533,"7/22/2019 12:00:00 AM"
"Uttar Pradesh",BIJNOR,NOORPUR,MIRAPUR,254,254,"7/22/2019 12:00:00 AM"
"Uttar Pradesh",BIJNOR,NOORPUR,"MIRZAPUR DHIKLI",481,481,"7/22/2019 12:00:00 AM"
"Uttar Pradesh",BIJNOR,NOORPUR,"MOHAMMED HUSAINPUR",310,310,"7/22/2019 12:00:00 AM"
"Uttar Pradesh",BIJNOR,NOORPUR,MORMAKHDOOMPUR,469,469,"7/22/2019 12:00:00 AM"
"Uttar Pradesh",BIJNOR,NOORPUR,MORNA,560,560,"7/22/2019 12:00:00 AM"
"Uttar Pradesh",BIJNOR,NOORPUR,"MUBARAKPUR NAVADA",377,377,"7/22/2019 12:00:00 AM"
"Uttar Pradesh",BIJNOR,NOORPUR,MURAHAT,609,609,"7/22/2019 12:00:00 AM"
"Uttar Pradesh",BIJNOR,NOORPUR,MUZAHIDPUR,732,732,"7/22/2019 12:00:00 AM"
"Uttar Pradesh",BIJNOR,NOORPUR,"NAGLI JAJU",419,419,"7/22/2019 12:00:00 AM"
"Uttar Pradesh",BIJNOR,NOORPUR,"NAIK NAGLA",489,489,"7/22/2019 12:00:00 AM"
"Uttar Pradesh",BIJNOR,NOORPUR,"NAINU NANGAL",392,392,"7/22/2019 12:00:00 AM"
"Uttar Pradesh",BIJNOR,NOORPUR,"NAVADA RAVANA",428,428,"7/22/2019 12:00:00 AM"
"Uttar Pradesh",BIJNOR,NOORPUR,"NOORPUR DEHAT URF THERI",248,248,"7/22/2019 12:00:00 AM"
"Uttar Pradesh",BIJNOR,NOORPUR,PAHULI,332,332,"7/22/2019 12:00:00 AM"
"Uttar Pradesh",BIJNOR,NOORPUR,PAIZANIYA,1267,1267,"7/22/2019 12:00:00 AM"
"Uttar Pradesh",BIJNOR,NOORPUR,PANI1ALA,390,390,"7/22/2019 12:00:00 AM"
"Uttar Pradesh",BIJNOR,NOORPUR,PATHWARI,348,348,"7/22/2019 12:00:00 AM"
"Uttar Pradesh",BIJNOR,NOORPUR,PAUTA,528,528,"7/22/2019 12:00:00 AM"
"Uttar Pradesh",BIJNOR,NOORPUR,PAUTI,926,926,"7/22/2019 12:00:00 AM"
"Uttar Pradesh",BIJNOR,NOORPUR,PHOONA,2358,2358,"7/22/2019 12:00:00 AM"
"Uttar Pradesh",BIJNOR,NOORPUR,"PIPLA JAGIR",560,560,"7/22/2019 12:00:00 AM"
"Uttar Pradesh",BIJNOR,NOORPUR,"PURAINA ABDUL RAHMANPUR",515,515,"7/22/2019 12:00:00 AM"
"Uttar Pradesh",BIJNOR,NOORPUR,"PURAINI DURVESHPUR",402,402,"7/22/2019 12:00:00 AM"
"Uttar Pradesh",BIJNOR,NOORPUR,"PURANPUR NAGLA",503,503,"7/22/2019 12:00:00 AM"
"Uttar Pradesh",BIJNOR,NOORPUR,"RAHTA BILLOCH",547,547,"7/22/2019 12:00:00 AM"
"Uttar Pradesh",BIJNOR,NOORPUR,RAHTIJAGIR,539,539,"7/22/2019 12:00:00 AM"
"Uttar Pradesh",BIJNOR,NOORPUR,"RAHU NAGLI",671,671,"7/22/2019 12:00:00 AM"
"Uttar Pradesh",BIJNOR,NOORPUR,"RAMOROOP PUR",319,319,"7/22/2019 12:00:00 AM"
"Uttar Pradesh",BIJNOR,NOORPUR,"RAMPUR FUNA",216,216,"7/22/2019 12:00:00 AM"
"Uttar Pradesh",BIJNOR,NOORPUR,"ROSHANPUR JAGIR",597,597,"7/22/2019 12:00:00 AM"
"Uttar Pradesh",BIJNOR,NOORPUR,SADANPUR,268,268,"7/22/2019 12:00:00 AM"
"Uttar Pradesh",BIJNOR,NOORPUR,SELA,821,821,"7/22/2019 12:00:00 AM"
"Uttar Pradesh",BIJNOR,NOORPUR,SEMLA,268,268,"7/22/2019 12:00:00 AM"
"Uttar Pradesh",BIJNOR,NOORPUR,"SHADIPUR MILAK",355,355,"7/22/2019 12:00:00 AM"
"Uttar Pradesh",BIJNOR,NOORPUR,"SHAHADPUR GULAL",443,443,"7/22/2019 12:00:00 AM"
"Uttar Pradesh",BIJNOR,NOORPUR,SHE,572,572,"7/22/2019 12:00:00 AM"
"Uttar Pradesh",BIJNOR,NOORPUR,SHIVALA,745,745,"7/22/2019 12:00:00 AM"
"Uttar Pradesh",BIJNOR,NOORPUR,SINGHA,520,520,"7/22/2019 12:00:00 AM"
"Uttar Pradesh",BIJNOR,NOORPUR,"SUJATPUR TIKAR",535,535,"7/22/2019 12:00:00 AM"
"Uttar Pradesh",BIJNOR,NOORPUR,SUNGARH,442,442,"7/22/2019 12:00:00 AM"
"Uttar Pradesh",BIJNOR,NOORPUR,TAJPUR,2949,2949,"7/22/2019 12:00:00 AM"
"Uttar Pradesh",BIJNOR,NOORPUR,TANDERA,481,481,"7/22/2019 12:00:00 AM"
"Uttar Pradesh",BIJNOR,NOORPUR,TANGDAULA,308,308,"7/22/2019 12:00:00 AM"
"Uttar Pradesh",BIJNOR,NOORPUR,"UMRA BUJURG",400,400,"7/22/2019 12:00:00 AM"
"Uttar Pradesh",BIJNOR,NOORPUR,UMRIBARHI,239,239,"7/22/2019 12:00:00 AM"
"Uttar Pradesh",BIJNOR,NOORPUR,YUSUFA,252,252,"7/22/2019 12:00:00 AM"
