"Name of State","No. of Projects"
"Andaman and Nicobar",1
"Andhra Pradesh",21
"Arunachal Pradesh",1
Assam,56
Bihar,12
Chandigarh,52
Chhattisgarh,8
Delhi,365
Goa,8
Gujarat,50
Haryana,90
"Himachal Pradesh",39
"Jammu And Kashmir",59
Jharkhand,7
Karnataka,260
Kerala,76
"Madhya Pradesh",22
Maharashtra,218
Manipur,22
Meghalaya,14
Mizoram,2
Nagaland,4
Orissa,77
Pondicherry,14
Punjab,64
Rajasthan,21
Sikkim,1
Tamilnadu,287
Telangana,174
Tripura,1
"Uttar Pradesh",174
Uttarakhand,43
"West Bengal",152
"Total project counts",2621
