Sl.No,"Name of the Campus","Address of the Campus","Phone Number",Email-ID,"Fax Number","Mobile Number"
1,"Regional Office,
Dharmapuri","15c  Salem Road, Bharathipuram, Dharmapuri - 636 705.",04342-230319,tnstcdpi9@gmail.com,04342-230317,9487997400
2,"Dharmapuri (Mofussil)","66 Feet Road, Bharathipuram, Dharmapuri - 636 705.",04342-230318,ddmtnstcg@gmail.com,NA,9489900773
3,"Dharmapuri (Town)","70A, Vattara Valarchi Colony,
Dharmapuri - 636 701.",04342-260098,ddttnstcg@gmail.com,NA,9489900774
4,Harur,"Morappaur Road, Mobripatty Village, Harur - 636 903, Dharmapuri",04346-222010,dhrtnstcg@gmail.com,NA,9489900779
5,Palacode,"5/152, Erranahalli Village, Palacode - 636 808, Dharmapuri",04348-222065,dpltnstcg@gmail.com,NA,9489900791
6,Pennagaram,"1/192, Paruvathanahalli Village, Pennagaram - 636 810, Dharmapuri",04342-255625,dpntnstcg@gmail.com,NA,9489900781
7,Bommidi,"3/98 B.Thurijipatty Post, Bommidi - 636 301, Pappireddipatty Tk, Dharmapuri",04346-244323,dbitnstcg@gmail.com,NA,9489900778
8,"Central Workshop Complex  A.Jettihalli and Body Building  Unit","117A, A.Jettihalli, Athiyamankottai, Dharmapuri - 636 708",04342-244212,dcstnstcg@gmail.com,NA,NA
9,Denkanikottai,"1/176,Hosur Main Road, Arasakuppam Post, Denkanikottai - 635 107, Krishnagiri",04347-291011,ddktnstcg@gmail.com,NA,9489900790
10,Uthangarai,"600,Thandiyappanur Post, Uthangarai - 635 207, Krishnagiri",04341-220186,duitnstcg@gmail.com,NA,9489900784
11,Krsihnagiri(Mofussil),"4/3,Malsomarapet, Near New Bus Stand, Bangalore Road, Krishnagiri - 636 001",04343-236766,dkmtnstcg@gmail.com,NA,9489900782
12,Krsihnagiri(Town),"201, Chennai Road, Krishnagiri 636 001",04343-230214,dkttnstcg@gmail.com,NA,9489900756
13,"Hosur Mofussil","1/33,Thali Road, Hosur - 635 109, Krishnagiri",04344-267211,dhmtnstcg@gmail.com,NA,9489900787
14,"Hosur Town","1/33,Thali Road,  Hosur - 635 109, Krishnagir",04344-265223,dhttnstcg@gmail.com,NA,9489900788
15,Hasthampatty(Salem),"86,Kannankuruchi Main Road, Manakkadu, Hasthampatty,  Salem -636 007",0427-2412725,dsltnstcg@gmail.com,NA,9489900776
16,Thiruppathur,"77/2,Chairman Arumugam Street,Thiruppathur - 635 601,
Vellore",04179-220529,dtptnstcg@gmail.com,NA,9489900785
