"City Name","Zone Name","Ward Name","Ward No.","Total no. of registered voters","No. of votes polled in the last municipal election","No. of Polling Stations / booths"
raipur,1,"Yayantan Lal",4,11082,NA,12
raipur,1,"Banjari Mata",5,14783,NA,15
raipur,2,"Veerangana Avantibai",6,8169,NA,8
raipur,2,"Veer Shivaji",7,18214,NA,20
raipur,3,"Kanhaiyalal Bazar",8,12939,NA,13
raipur,3,"Thakkar bapa",9,14143,NA,15
raipur,4,"Bal Gangadhar Tilak",10,10760,NA,11
raipur,4,"Danbir Bhamashah",11,6706,NA,7
raipur,5,"Indira gandhani",20,9135,NA,10
raipur,5,"Raman Temple",21,7887,NA,8
raipur,5,"Rajiv Gandhi",22,9058,NA,10
raipur,6,"Rani Lakshmi Bai",23,10498,NA,11
raipur,6,"Pt. Ravi Shankar Shukla",24,7730,NA,8
raipur,6,"Shaheed Hemu Daley",35,5579,NA,6
raipur,7,"Mahatma Gandhi",25,11279,NA,11
raipur,7,"Kushabhau Thakre",26,23725,NA,26
raipur,8,"Dr. Bhimrao ambedkar",27,23975,NA,24
raipur,8,"Netaji Subhash Chand Bose",29,11172,NA,12
raipur,9,"Maharishi Valmiki",28,25472,NA,27
raipur,10,Kalimata,30,9556,NA,10
raipur,10,"Shankar nagar",31,8863,NA,9
raipur,10,"Shaheed Veeranarayan Singh",32,9160,NA,9
raipur,11,"Lal Bahadur Shastri",33,8045,NA,8
raipur,11,"Guru Gobind Singh",34,9491,NA,11
raipur,12,"Civil lines",42,9202,NA,10
raipur,12,"Guru Ghasidas",44,11411,NA,11
raipur,13,"Hav Abdul Hameed",36,8916,NA,9
raipur,13,"Babu Jagjeevan Ram",40,6425,NA,7
raipur,13,"P. Bhagwaticharan Shukla",48,7506,NA,10
raipur,14,"Mother Deresa",43,9557,NA,10
raipur,14,"Queen durgavati",45,15577,NA,17
raipur,15,"Dr. Rajendra Prasad",46,24514,NA,26
raipur,15,"L. Arvind Dixit",47,7573,NA,9
raipur,16,"Pt. Motilal Nehru",49,4635,NA,11
raipur,16,"Shaheed Big Brother Osman",55,9850,NA,12
raipur,17,"Shaheed Chudamani Nayak",16,9751,NA,11
raipur,17,"Thakur Pyarelal",60,7773,NA,9
raipur,18,"Mahant Laxminarayan Das",61,9237,NA,9
raipur,18,"Carmerad Sudhir Mukherjee",65,8329,NA,9
raipur,19,"Pandit Sunderlal Sharma",66,10055,NA,11
raipur,19,"Dr. Khobhachand Baghel",67,20523,NA,21
raipur,20,"Madhavrao Sapren",68,12509,NA,13
raipur,20,"P.Dindial Upadhyay",69,19147,NA,22
raipur,21,"Martyr pankaj vikram",50,10086,NA,11
raipur,21,"Rabindranath Tagore",51,22406,NA,24
raipur,22,"Chandrashekhar Azad",52,17863,NA,19
raipur,22,"Moreshwar Rao Gadre",53,15521,NA,16
raipur,23,"Shaheed Rajiv Pandey",54,12261,NA,12
raipur,23,"Mahamaya Temple",62,14592,NA,16
raipur,24,"Dr.Pippin Bihari Sur",56,7302,NA,9
raipur,24,"Dr. Shyama Prasad Mukherjee",63,12597,NA,26
raipur,25,"Swami Atmanand",15,7953,NA,9
raipur,25,"Ramsagar para",17,6421,NA,8
raipur,25,"Pandit Jawaharlal Nehru",37,6365,NA,8
raipur,26,Tatipara,38,11078,NA,13
raipur,26,"Sadar Bazar",39,7234,NA,8
raipur,26,"Maulana Abdul Raouf",41,7113,NA,8
raipur,27,"Swami Vivekananda",57,6572,NA,8
raipur,27,Brahmapara,58,7538,NA,7
raipur,27,Skeleton,59,7077,NA,8
raipur,28,"Veersakkagar nagar",1,16357,NA,18
raipur,28,"Saint Kabir Das",3,14337,NA,15
raipur,29,"Ramkrishna Paramhansa",2,25461,NA,28
raipur,30,"Shanmohan Singh Bakshi",12,12412,NA,14
raipur,30,"P. Ishwari Phase Shukla",14,9704,NA,11
raipur,31,"Shaheed Bhagat Singh",13,16540,NA,18
raipur,31,Satarmadas,70,4505,NA,6
raipur,32,"Sardar Vallabh",18,15930,NA,17
raipur,32,Satarmadas,19,8209,NA,10
