S.no,Designation,Address,"Land Line","Mobile Number","E-mail Id"
1,"Superintending Engineer/Coimbatore/South","Tatabad,Coimbatore-641 012",04222493250,9445851151,secbes@tnebnet.org
2,"Executive Engineer/Kuniamuthur","Kuniamuthur Power House, Edayar palayam Road , Kuniamuthur-641008.",04222252660,9445851190,cbs4323ee@tnebnet.org
3,"Assistant Executive Engineer/Kuniamuthur","Balaji Nagar, Edayar palayam Road, Kuniamuthur-641008",04222251122,9445851191,cbs4323aee1@tnebnet.org
4,"Assistant Engineer/Town/Kuniamuthur","101,Subbulakshmi Nagar,6 th street,Kuniamuthur-641008",04222252888,9445851192,cbs265ae@tnebnet.org
5,"Assistant Engineer/Authupalam","Annama Naicker Street, Opposite to Telephone Exchange, Kuniamuthur,Coimbatore-641008.",04222251363,9445851193,cbs266ae@tnebnet.org
6,"Assistant Engineer/Kovaipudur","A-172, A-Block, Kovaipudur,Coimbatore-641042.",04222606928,9445851194,cbs267ae@tnebnet.org
7,"Assistant Engineer/B.K.Pudur","8/53 H,Palakad main Road,BKPudur, Kuniamuthur-641 008.",04222253321,9445851195,cbs269ae@tnebnet.org
8,"Assistant Engineer/Sundarapuram","A7, Housing Unit Phase1, Sidco (PO), Coimbatore-641024",04222679770,9445851213,cbs259ae@tnebnet.org
9,"Assistant Executive Engineer/Madukkarai","Power House Campus, Palakkad Main Road, Madukkarai-641105",04222622111,9445851196,cbs4323aee2@tnebnet.org
10,"Assistant Engineer/K.G.Chavadi","Rajeswari Complex ,Ettimadai pirivu, ,Pallakad main Road ,Coimbatore-641105.",04222656600,9445851197,cbs263ae@tnebnet.org
11,"Assistant Engineer/South/Madukkarai","Power House Campus, Palakkad Main Road, Madukkarai-641105",04222623058,9445851198,cbs264ae@tnebnet.org
12,"Assistant Engineer/North/Madukkarai","Power House Campus, Palakkad Main Road, Madukkarai-641105",04222623058,9445851199,cbs261ae@tnebnet.org
13,"Assistant Engineer/Palathurai","2/71 Vinayagarkoil street,palathurai-641105",04222622690,9445851200,cbs262ae@tnebnet.org
14,"Assistant Executive Engineer/Podanur","TANGEDCO, Near To Railway Station, Podanur-641023",04222410330,9445851202,cbs4323aee3@tnebnet.org
15,"Assistant Engineer/North/Podanur","TANGEDCO, Jothinagar, Elida Garden backside, Podanur-641023",04222411267,9445851203,cbs252ae@tnebnet.org
16,"Assistant Engineer/South/Podanur","TANGEDCO, Titan Paints, Pollachi Main Road, Podanur-641023.",04222676579,9445851204,cbs251ae@tnebnet.org
17,"Assistant Engineer/Chettipalayam","Near to Panchayath Office, Chettipalayam-641201.",04222655737,9445851205,cbs254ae@tnebnet.org
18,"Assistant Engineer/Vellalore","TANGEDCO,NGR STREET,VELLALORE-641111.",04222412777,9445851206,cbs253ae@tnebnet.org
19,"Assistant Executive Engineer/Kuruchi","TANGEDCO, LIC Colony, SIDCO, Kurichi, Coimbatore-638314",04222673720,9445851208,cbs4323aee4@tnebnet.org
20,"Assistant Engineer/South/Kuruchi","Industrial Estate,Kurichy Post Road,Coimbatore-641021",04222670800,9445851209,cbs258ae@tnebnet.org
21,"Assistant Engineer/Housing Unit","Kurichi New Town, LIC Colony, Coimbatore-641021",04222672720,9445851210,cbs257ae@tnebnet.org
22,"Assistant Engineer/Malumichampatty","/100,Chettipalayam Road, MM Patty post, Coimbatore-641050",04222610700,9445851211,cbs256ae@tnebnet.org
23,"Assistant Engineer/O.K.Mandapam","Opposite to Panchayath Office, O.K.mandapam,Coimbatore-641032.",04222610943,9445851212,cbs255ae@tnebnet.org
24,"Assistant Engineer/Eachanary","Pollachi Main Road,Opp to Hemabiga Kalyana Mandapam,Echanari-641021.",04222671364,9445851214,cbs260ae@tnebnet.org
25,"Executive Engineer/Somanur","Power House Campus,Somanur-641668",04212333188,9445851255,cbs4324ee@tnebnet.org
26,"Assistant Executive Engineer/Town/Somanur","Power House Campus, Somanur-641668",04212333062,9445851256,cbs4324aee1@tnebnet.org
27,"Assistant Engineer/Town/Somanur","Power House Campus, Somanur-641668",04212335325,9445851258,cbs276ae@tnebnet.org
28,"Assistant Engineer/Rural/Somanur","Behind to Old Union Bank, Somanur-641668",04212335101,9445851259,cbs277ae@tnebnet.org
29,"Assistant Engineer/Samalapuram","Near to Ayyan Koil Arch, Somanur Road, Samalapuram-641668",04212336025,9445851260,cbs278ae@tnebnet.org
30,"Assistant Engineer/kaniyur","Bharathi Nagar, Kollupalayam, Somanur-641407",04212910200,9445851282,cbs292ae@tnebnet.org
31,"Assistant Executive Engineer/North/Somanur","Power House Campus, Somanur-641668",04212333062,9445851263,cbs4324aee2@tnebnet.org
32,"Assistant Engineer/West/Thekkalur","Avinashi Main Road, Near to Post Office, Thekkalur-641654",04296255766,9445851264,cbs279ae@tnebnet.org
33,"Assistant Engineer/East/Thekkalur","Avinashi Main Road, Near to Post Office, Thekkalur-641654",04296255766,9445851265,cbs280ae@tnebnet.org
34,"Assistant Engineer/Karumathampatty","5th Street,Kongunagar,Annur Main Road, Karumatham Patty-641659",04212335066,9445851266,cbs281ae@tnebnet.org
35,"Assistant Engineer/Senthilnagar","53/A2,Madathuvachiar Thottam,Kambikadu,Senthilnagar,Somanur-641668.",04212335998,9445851267,cbs282ae@tnebnet.org
36,"Assistant Engineer/Chenniyandavarkoil","A-137,Arulmighu Selva Vinayagar Welfare,Trust,Elachipalayam,karumathampatti-641659",04212332363,9445851268,cbs293ae@tnebnet.org
37,"Assistant Executive Engineer/Mangalam","Somanur Main Road, Canara Bank opposite, Mangalam-641663",04212344222,9445851270,cbs4324aee3@tnebnet.org
38,"Assistant Engineer/Mangalam","Somanur Main Road, Canara Bank opposite, Mangalam-641663",04212344222,9445851271,cbs284ae@tnebnet.org
39,"Assistant Engineer/P.S.Palayam","Sellappan Complex, Samalapuram, Somanur-641668",04212336024,9445851272,cbs286ae@tnebnet.org
40,"Assistant Engineer/Vannjipalayam","Near to Railway Crossing, Avinashi Road, Vanjipalayam-641663",04212345838,9445851273,cbs283ae@tnebnet.org
41,"Assistant Engineer/Poomallur","Power House Campus,Poomalur-641663",0421234444,9445851274,cbs285ae@tnebnet.org
42,"Assistant Engineer/Kombakkadu","Somanur Main Road,Kombakadu,Karumathampatty(via)-641668",04212336155,9445851275,cbs287ae@tnebnet.org
43,"Assistant Engineer/Velayudampalayam","90/2D, Church Road, Pallapalayam (Po),Samalapuram,Somanur-641663",04212336226,9445851276,cbs295ae@tnebnet.org
44,"Assistant Engineer/Agraharapudur","142- Sri om Muruga Garadan, Malaikovil, Mangalam-641663","Land Line phone not available",9445851277,cbs294ae@tnebnet.org
45,"Assistant Executive Engineer/Arasur","Near to TNEB PSC Yard, Sulur Road,M.G.Pudur-641606",04222360770,9445851278,cbs4324aee4@tnebnet.org
46,"Assistant Engineer/Arasur","Assistant Engineer/Arasur Near to TNEB PSC Yard, Sulur Road, M.G.Pudur-641606",04212360500,9445851279,cbs288ae@tnebnet.org
47,"Assistant Engineer/Vagarayampalayam","Kittampalayam road, Vagarayampalayam-641 065",04212362962,9445851280,cbs289ae@tnebnet.org
48,"Assistant Engineer/Neelambur","Near to TNEB PSC Yard, Sulur Road, M.G.Pudu -641 606",04222360770,9445851281,cbs290ae@tnebnet.org
49,"Assistant Engineer/Kaduvettipalayam","110/33/11 KV KADUVETTIPALAYAM SS ,KM Patty (vis)-641 659.",04212362567,9445851261,cbs291ae@tnebnet.org
50,"Executive Engineer/Negamam","110/22 KV Negamam Power House Campus, Negamam-642 102.",04259244288,9445851535,cbs4325ee@tnebnet.org
51,"Assistant Executive Engineer/Mill Koilpalayam","Power House Campus .M.K.Palayam-642110",04259224695,9445851542,cbu4343aee2@tnebnet.org
52,"Assistant Engineer/Vadakkipalayam","Near to Panchayath Office,2/13,Vadakipalayam,Pollachi-642110.",04259246100,9445851543,cbu345ae@tnebnet.org
53,"Assistant Engineer/A.Sangampalayam","Jeeva Nagar ,Sangampalayam, Pollachi-642 002.",04259222699,9445851544,cbu346ae@tnebnet.org
54,"Assistant Engineer/Mill Kovilpalayam","Power House Campus .M.K.Palayam-642110",04259259009,9445851545,cbu348ae@tnebnet.org
55,"Assistant Executive Engineer/Negamam","110/22 KV Negamam Power House Campus, Negamam-642 102",04259245292,9445851547,cbu4343aee1@tnebnet.org
56,"Assistant Engineer/North/Negamam","110/22 KV Negamam Power House Campus, Negamam-642 102",04259244488,9445851548,cbu349ae@tnebnet.org
57,"Assistant Engineer/South/Negamam","110/22 KV Negamam Power House Campus, Negamam-642 102",04259244488,9445851549,cbu350ae@tnebnet.org
58,"Assistant Engineer/Kattampatty","Palladam Road, Kattampatti-641107",04259288540,9445851550,cbu351ae@tnebnet.org
59,"Assistant Engineer/Rural/Negamam","110/22 KV Negamam Power House Campus, Negamam-642102",04259244388,9445851552,cbu352ae@tnebnet.org
60,"Assistant Engineer/East/Negamam","110/22 KV Negamam Power House Campus, Negamam-642102",04259244488,9445851553,cbu357ae@tnebnet.org
61,"Assistant Executive Engineer/Kinathukadavu","Pollachi Main Road, Kinathukadavu Power House Campus, Kinathukadavu-642109.",04259242327,9445851555,cbs4325aee5@tnebnet.org
62,"Assistant Engineer/East/Kinathukadavu","Pollachi Main Road, Kinathukadavu Power House Campus, Kinathukadavu-642 109",04259241476,9445851557,cbu354ae@tnebnet.org
63,"Assistant Engineer/West/Kinathukadavu","Pollachi Main Road, Kinathukadavu Power House Campus, Kinathukadavu-642 109",04259242327,9445851556,cbu353ae@tnebnet.org
64,"Assistant Engineer/Vadachittur","Indra Nagar, Near to Post Office, Vadachithur, Pollachi Tk-642 202.",04259283128,9445851558,cbu355ae@tnebnet.org
65,"Assistant Engineer/Thamaraikulam","Coimbatore Main Road , Thamaraikulam -642109.",04259242121,9445851559,cbu356ae@tnebnet.org
66,"Assistant Executive Engineer/Sulthanpet","Sulthanpet Sub Station Campus, Pollachi Road , Sulthanpet-641 669",04255268748,9445851235,cbs4322aee3@tnebnet.org
67,"Assistant Engineer/Sulthanpet","Sulthanpet Sub Station Campus, Pollachi Road , Sulthanpet-641 669",04255268748,9445851236,cbs235ae@tnebnet.org
68,"Assistant Engineer/Malayadipalayam","Chencheri Malai Road, Near to Post Office, Malayadi Palayam-641669",04255268640,9445851237,cbs237ae@tnebnet.org
69,"Assistant Engineer/K.N.Palayam","Pollachi Road , K.N.Palayam-641 689.",04255268739,9445851238,cbs236ae@tnebnet.org
70,"Assistant Engineer/Poorandampalayam","Sulthanpet Sub Station Campus, Pollachi Road , Sulthanpet-641 669",04255268748,9445851239,cbs248ae@tnebnet.org
