StateName,DistrictName,BlockName,GramPanchayatName,IHHLTotalAsPerDetails,IHHLTotalAch,Date
"Andhra Pradesh",CHITTOOR,B.KOTHAKOTA,B.KOTHAKOTA,3982,3982,"6/1/2018 12:00:00 AM"
"Andhra Pradesh",CHITTOOR,B.KOTHAKOTA,BADIKAYALAPALLE,1174,1174,"6/1/2018 12:00:00 AM"
"Andhra Pradesh",CHITTOOR,B.KOTHAKOTA,BANDARUVARIPALLE,240,240,"6/1/2018 12:00:00 AM"
"Andhra Pradesh",CHITTOOR,B.KOTHAKOTA,BEERANGI,776,776,"6/1/2018 12:00:00 AM"
"Andhra Pradesh",CHITTOOR,B.KOTHAKOTA,BOYYAPPAGARIPALLE,501,501,"6/1/2018 12:00:00 AM"
"Andhra Pradesh",CHITTOOR,B.KOTHAKOTA,GATTU,1527,1527,"6/1/2018 12:00:00 AM"
"Andhra Pradesh",CHITTOOR,B.KOTHAKOTA,GOLLAPALLE,400,400,"6/1/2018 12:00:00 AM"
"Andhra Pradesh",CHITTOOR,B.KOTHAKOTA,GUMMASAMUDRAM,665,665,"6/1/2018 12:00:00 AM"
"Andhra Pradesh",CHITTOOR,B.KOTHAKOTA,KOTAVOORU,424,424,"6/1/2018 12:00:00 AM"
"Andhra Pradesh",CHITTOOR,B.KOTHAKOTA,SEELAMVARIPALLE,221,221,"6/1/2018 12:00:00 AM"
"Andhra Pradesh",CHITTOOR,B.KOTHAKOTA,THUMMANAMGUTTA,247,247,"6/1/2018 12:00:00 AM"
"Andhra Pradesh",CHITTOOR,BAIREDDIPALLE,ALAPALLE,258,258,"6/1/2018 12:00:00 AM"
