Category,Item,Unit,2010-11,2011-12,2012-13,2013-14,2014-15,2015-16,"2016-17 (P)"
"1. Production","(i) Crude Oil",MMT,37.684,38.09,37.862,37.788,37.461,36.942,36.009
"1. Production","(ii) Natural Gas",BCM,52.219,47.559,40.679,35.407,33.657,32.249,31.897
"1. Production","(iii) Petroleum Products",MMT,194.821,203.202,217.736,220.756,221.136,231.923,243.551
"2. Consumption","(i) Crude Oil ( in terms of refinery crude processed)",MMT,196.989,204.121,219.212,222.497,223.242,232.865,245.362
"2. Consumption","(ii) Natural Gas (including LNG)",BCM,52.019,60.684,53.915,48.994,46.955,47.85,50.778
"2. Consumption","(iii) Petroleum Products",MMT,141.04,148.132,157.057,158.407,165.52,184.674,193.745
"3. Reserves (Balance Recoverable) as on 31st March","(i) Crude Oil",MMT,660.036,652.159,651.553,647.378,635.595,621.275,604.104
"3. Reserves (Balance Recoverable) as on 31st March","(ii) Natural Gas",BCM,1141.59,1166.771,1171.694,1199.101,1251.889,1227.4,1289.81
"4. Imports & Exports","(i) Gross Imports (a) Qty : Crude Oil",MMT,163.595,171.729,184.795,189.238,189.435,202.85,213.932
"4. Imports & Exports","(i) Gross Imports (a) Qty : Crude Oil - LNG",MMT,9.931,13.214,13.136,12.995,14.092,16.142,18.631
"4. Imports & Exports","(i) Gross Imports (a) Qty : Crude Oil - Pol. Products",MMT,17.379,15.849,16.354,16.697,21.301,29.456,35.413
"4. Imports & Exports","(i) Gross Imports (a) Qty : Crude Oil - Total (a)",MMT,190.906,200.793,214.285,218.93,224.828,248.448,267.976
"4. Imports & Exports","(i) Gross Imports (b) Value: Crude Oil","Rs. Billion",4552.763,6722.198,7846.523,8648.748,6874.162,4165.788,4702.51
"4. Imports & Exports","(i) Gross Imports (b) Value: Crude Oil - LNG","Rs. Billion",143.62,317.177,419.02,531.235,573.844,450.38,408.13
"4. Imports & Exports","(i) Gross Imports (b) Value: Crude Oil - Pol. Products","Rs. Billion",559.983,680.911,688.521,758.962,746.441,653.61,707.27
"4. Imports & Exports","(i) Gross Imports (b) Value: Crude Oil - Total (b)","Rs. Billion",5256.367,7720.287,8954.063,9938.945,8194.447,5269.779,5817.91
"4. Imports & Exports","(ii) Exports (a) Qty : Pol. Products",MMT,59.077,60.837,63.408,67.864,63.932,60.539,65.513
"4. Imports & Exports","(ii) Exports (b) Value : Pol. Products","Rs. Billion",1968.607,2846.442,3200.896,3682.791,2885.798,1767.796,1948.93
"4. Imports & Exports","(iii) Net Imports (a) Qty : Crude Oil",MMT,163.595,171.729,184.795,189.238,189.435,202.85,213.932
"4. Imports & Exports","(iii) Net Imports (a) Qty : Crude Oil - LNG",MMT,9.931,13.214,13.136,12.995,14.092,16.142,18.631
"4. Imports & Exports","(iii) Net Imports (a) Qty : Crude Oil - Pol. Products",MMT,-41.698,-44.988,-47.054,-51.167,-42.631,-31.083,-30.1
"4. Imports & Exports","(iii) Net Imports (a) Qty : Crude Oil - Total (a)",MMT,131.829,139.956,150.877,151.066,160.896,187.91,202.463
"4. Imports & Exports","(iii) Net Imports (b) Value : Crude Oil","Rs. Billion",4552.763,6722.198,7846.523,8648.748,6874.162,4165.788,4702.51
"4. Imports & Exports","(iii) Net Imports (b) Value : Crude Oil - LNG","Rs. Billion",143.62,317.177,419.02,531.235,573.844,450.38,408.13
"4. Imports & Exports","(iii) Net Imports (b) Value : Crude Oil - Pol. Products","Rs. Billion",-1408.624,-2165.531,-2512.375,-2923.829,-2139.357,-1114.186,-1241.66
"4. Imports & Exports","(iii) Net Imports (b) Value : Crude Oil - Total (b)","Rs. Billion",3287.76,4873.844,5753.167,6256.154,5308.649,3501.983,3868.98
"4. Imports & Exports","(iv) Unit Value of Crude - oil imports(gross)","Rs. MT",27829.475,39144.189,42460.631,45702.97,36287.734,20536.25,21981.327
"5. India's Total Imports","5. India's Total Imports","Rs. Billion",16834.67,23454.63,26691.62,27154.34,27370.87,24902.98,25774.22
"6. India's Total Exports","6. India's Total Exports","Rs. Billion",11429.22,14659.59,16343.18,19050.11,18963.48,17163.78,18523.4
"7. Petroleum Imports as % of India's total Imports","7. Petroleum Imports as % of India's total Imports",%,31.223,32.916,33.546,36.602,29.939,21.161,22.573
"8. Petroleum Exports as % of India's total Exports","8. Petroleum Exports as % of India's total Exports",%,17.224,19.417,19.586,19.332,15.218,10.3,10.521
"9. Contribution of Oil Sector to Centre/State Resources","(i) Royalty from crude oil","Rs. Crore",8957.95,15921.38,18082.96,20112.9,18339.262,13915.248,18060.795
"9. Contribution of Oil Sector to Centre/State Resources","(ii) Royalty from gas","Rs. Crore",2355.23,3294.07,3880.24,3482.61,3873.696,2857.88,2060.533
"9. Contribution of Oil Sector to Centre/State Resources","(iii) Oil Development Cess","Rs. Crore",6782.6,8118.828,15783.73,16072.03,16148.87,15853.56,13830.88
"9. Contribution of Oil Sector to Centre/State Resources","(iv) Excise & Custom duties","Rs. Crore",102827.777,95228.9,98602.78,104162.85,122925.64,213995.24,300296
"9. Contribution of Oil Sector to Centre/State Resources","(v) Sales Tax","Rs. Crore",81172.83,101088.944,112341.884,130767.145,138696.146,149857.875,174731.356
"9. Contribution of Oil Sector to Centre/State Resources","(vi) Dividend","Rs. Crore",13329,13014.043,14062.853,14993.88,14664.33,16506.056,30330.165
