Sl.No.,Subject,"No. of Questions asked","No. of Questions orally answered","No. of Supplementaries asked"
1,"Absence of Central Educational Institutions/Medical Colleges",2,0,0
2,"Admissions in Schools",2,0,0
3,"Admissions in Colleges/Tech/Engg./Medical/Management Institutions",3,0,0
4,"Authentication of Certificates",1,1,1
5,"All India Council for Technical Education",1,0,0
6,"Allocation for education sector/Expenditure on Education/Education Cess",6,0,0
7,Amity,1,0,0
8,Anganwadi,2,0,0
9,"Bal Sahitya/Balika Samridhi Yojna",2,0,0
10,"Central Advisory Board of Education (CABE)",1,0,0
11,Children,7,0,0
12,Colleges,1,0,0
13,Creches,1,0,0
14,"Curriculum/Syllabus/Text Books",8,1,4
15,"Degrees/Degrees Certificate",1,0,0
16,"Deemed Universities",2,0,0
17,"Domestic Violence",1,0,0
18,"Dowry Prohibition Act/Dowry Deaths",3,0,0
19,"Education for All/Development of Education",4,0,0
20,"Education system/Education Fair/Education Campaign/Education Abroad",4,0,0
21,Edusat,1,0,0
22,"Entrance examination",1,0,0
23,"Fake educational institutions",1,0,0
24,"Fees Formula/tuition Fees",5,0,0
25,"Free Schooling",1,0,0
26,"Girls Education",1,0,0
27,Grants,1,1,2
28,"Gurudakshina Tax",1,0,0
29,Handicapped/Disabled,2,0,0
30,"Hostel Buildings",1,0,0
31,IIT/IIMs/IIFPM,7,1,4
32,"Kendriya Vidyalayas/Navodaya Vidyalays",12,2,8
33,"Latin American Area Studies Programme",1,0,0
34,"Leakage in Exams",5,0,0
35,Literacy,3,0,0
36,"Language(s)/languages Formula/Medium of Education",5,0,0
37,Madrasas,1,0,0
38,"Mid-Day Meal Scheme/Cooked Food",4,0,0
39,"Minority Education Institutions",2,0,0
40,Museums,2,0,0
41,"National Education Policy/Commission",1,0,0
42,"National Commission for Children/Women",1,0,0
43,"National Nutrition Mission",1,0,0
44,"National Talent Search Examination",1,0,0
45,"New Subjects/Courses",6,0,0
46,"Operation Black Board",1,0,0
47,"Policy/Promotion of education/ Higher Education",3,0,0
48,"Professional Institutions/Self Financed Colleges",1,0,0
49,"Promotion of Lecturers",1,0,0
50,Prostitution,1,0,0
51,"Quota for Poor Kids in Schools",1,0,0
52,"Ranking of Licensed Private Engineering & Management Institutions",1,0,0
53,"Recognition of Institutions",2,0,0
54,"Sarva Shiksha Abhiyan/Universal Elementary Education",12,0,0
55,"Schools/Public Schools",5,1,3
56,"Scholarships/Bank Loans",2,0,0
57,"Stree Shakti Scheme",1,0,0
58,Students,1,0,0
59,"Teachers/Teachers Education",8,0,0
60,"T.V. Channel for agricultural Education",1,0,0
61,UGC,3,0,0
62,"Universities/Mega University Network/Foreign Universities",7,0,0
63,"UNESCO Funds",1,0,0
64,"Urdu Language/Teachers",2,1,5
65,"Urdu DTP Centres",1,0,0
66,"Vidyalaya Vikas Nidhi",1,0,0
67,"Vocational education/Schools",2,0,0
68,"Women and Child",5,0,0
69,"World Bank and IFIs",3,0,0
TOTAL:,TOTAL:,186,8,27
