Indicator,"Facility Type","Total No. of Facilities #","Facilities reporting nil performance - Numbers*","Details of Maximum and Minimum Performing facilities - Performance","Details of Maximum and Minimum Performing facilities - Value Reported","Details of Maximum and Minimum Performing facilities - Sub-district","Details of Maximum and Minimum Performing facilities - Facility"
"Deliveries conducted at facility",DH,3,0,Maximum,223,"Delhi Govt","Babu Jagjeevan Ram Memorial Hospital Jahgirpuri"
"Deliveries conducted at facility",DH,3,0,Minimum,26,"Delhi Govt","Satyawati Raja Harishchandra Hospital"
"Deliveries conducted at facility",CHC,4,1,Maximum,43,"IPP VIII-MCD","MH Shahbad Daulatpur"
"Deliveries conducted at facility",CHC,4,1,Minimum,2,MCD,"MH Narela"
"C -Section deliveries at facility",DH,3,0,Maximum,23,"Delhi Govt","Babu Jagjeevan Ram Memorial Hospital Jahgirpuri"
"C -Section deliveries at facility",DH,3,0,Minimum,3,"Delhi Govt","Satyawati Raja Harishchandra Hospital"
"IPD Attendance",DH,3,0,Maximum,999,"Delhi Govt","Babu Jagjeevan Ram Memorial Hospital Jahgirpuri"
"IPD Attendance",DH,3,0,Minimum,498,"Delhi Govt","Satyawati Raja Harishchandra Hospital"
"IPD Attendance",CHC,4,1,Maximum,53,"IPP VIII-MCD","MH Shahbad Daulatpur"
"IPD Attendance",CHC,4,1,Minimum,7,MCD,"MH Narela"
"OPD attendance (All)",DH,3,0,Maximum,61376,"Delhi Govt","Babu Jagjeevan Ram Memorial Hospital Jahgirpuri"
"OPD attendance (All)",DH,3,0,Minimum,26076,"Delhi Govt","Mahirishi Balimiki Hospital"
"OPD attendance (All)",CHC,4,0,Maximum,3318,"IPP VIII-MCD","MH Shahbad Daulatpur"
"OPD attendance (All)",CHC,4,0,Minimum,1633,MCD,"MH Bakhthvar Pur"
"OPD attendance (All)",PHC,38,3,Maximum,10615,CGHS,"Welness Center Kingsway Camp"
"OPD attendance (All)",PHC,38,3,Minimum,190,"MCW Centres MCD","MCW Indra Nagar"
"Operation major (General and spinal anaesthesia)",DH,3,0,Maximum,128,"Delhi Govt","Mahirishi Balimiki Hospital"
"Operation major (General and spinal anaesthesia)",DH,3,0,Minimum,13,"Delhi Govt","Satyawati Raja Harishchandra Hospital"
"Operation minor (No or local anaesthesia)",DH,3,0,Maximum,657,"Delhi Govt","Babu Jagjeevan Ram Memorial Hospital Jahgirpuri"
"Operation minor (No or local anaesthesia)",DH,3,0,Minimum,28,"Delhi Govt","Satyawati Raja Harishchandra Hospital"
