Region,"Country of Nationality","Departures (in numbers)","Female (in Percentage)","Male (in percentage)"
"North America",CANADA,634460,46.2,53.8
"North America","UNITED STATES OF AMERICA",1938302,43.7,56.3
"North America",OTHERS,56,35.7,64.3
"North America",Total,2572818,44.3,55.7
"Central & South America",ARGENTINA,2840,26,74
"Central & South America",BRAZIL,14526,15,85
"Central & South America",MEXICO,9483,19.9,80.1
"Central & South America",OTHERS,43184,21.7,78.3
"Central & South America",Total,70033,20.3,79.7
"Western Europe",AUSTRIA,40520,41.8,58.2
"Western Europe",BELGIUM,40813,29.9,70.1
"Western Europe",DENMARK,39615,36.9,63.1
"Western Europe",FINLAND,23819,33.4,66.6
"Western Europe",FRANCE,220270,39.6,60.4
"Western Europe",GERMANY,324678,32.3,67.7
"Western Europe",GREECE,39812,36.2,63.8
"Western Europe",IRELAND,47260,41.2,58.8
"Western Europe",ITALY,218182,37.9,62.1
"Western Europe",NETHERLANDS,134831,35.3,64.7
"Western Europe",NORWAY,24249,39.2,60.8
"Western Europe",PORTUGAL,18412,30.8,69.2
"Western Europe",SPAIN,98695,34.3,65.7
"Western Europe",SWEDEN,55340,36.9,63.1
"Western Europe",SWITZERLAND,109011,42.2,57.8
"Western Europe","UNITED KINGDOM",825565,44.3,55.7
"Western Europe",OTHERS,28680,28.1,71.9
"Western Europe",Total,2289752,39.2,60.8
"Eastern Europe",AZERBAIJAN,40927,15.9,84.1
"Eastern Europe",CZECH,27684,33.6,66.4
"Eastern Europe",HUNGURY,24555,34.7,65.3
"Eastern Europe",KAZAKHSTAN,29899,13.6,86.4
"Eastern Europe",POLAND,22493,26.8,73.2
"Eastern Europe","RUSSIAN FEDERATION",100067,27.3,72.7
"Eastern Europe",UKRAINE,27235,28.9,71.1
"Eastern Europe",OTHERS,99623,24.7,75.3
"Eastern Europe",Total,372483,25.3,74.7
Africa,EGYPT,52280,31.1,68.9
Africa,KENYA,66892,34.3,65.7
Africa,MAURITIUS,78474,39,61
Africa,NIGERIA,55754,16.3,83.7
Africa,"SOUTH AFRICA",86812,33.1,66.9
Africa,SUDAN,10134,12.1,87.9
Africa,TANZANIA,29010,28.9,71.1
Africa,UGANDA,42601,30.9,69.1
Africa,OTHERS,240970,20.1,79.9
Africa,Total,662927,27,73
"West Asia",BAHRAIN,364801,26.6,73.4
"West Asia",IRAQ,80521,30.9,69.1
"West Asia",ISRAEL,35901,39.5,60.5
"West Asia",JORDAN,51507,34.1,65.9
"West Asia",KUWAIT,984658,23.1,76.9
"West Asia",OMAN,940911,25.8,74.2
"West Asia",QATAR,1137339,26.6,73.4
"West Asia","SAUDI ARABIA",2916049,27.9,72.1
"West Asia",TURKEY,107479,37,63
"West Asia","UNITED ARAB EMIRATES",6385504,28,72
"West Asia",OTHERS,21589,24,76
"West Asia",Total,13026259,27.4,72.6
"South Asia",AFGHANISTAN,14394,13.4,86.6
"South Asia",BANGLADESH,500488,25,74.9
"South Asia",BHUTAN,69415,44.6,55.4
"South Asia",IRAN,33053,33.5,66.5
"South Asia",MALDIVES,203469,41.7,58.3
"South Asia",NEPAL,238395,33.8,66.2
"South Asia",PAKISTAN,26698,39.9,60.1
"South Asia","SRI LANKA",402240,30.5,69.5
"South Asia",Total,1488152,31.4,68.6
"South East Asia",CAMBODIA,28220,26.7,73.3
"South East Asia",INDONESIA,340915,39.8,60.2
"South East Asia",MALAYSIA,775286,28.8,71.2
"South East Asia",MYANMAR,31667,22.5,77.5
"South East Asia",PHILLIPPINES,81771,29.3,70.7
"South East Asia",SINGAPORE,1597707,36.5,63.5
"South East Asia",THAILAND,1743261,28.8,71.2
"South East Asia",VIETNAM,93921,27.4,72.6
"South East Asia",OTHERS,22088,18.7,81.3
"South East Asia",Total,4714836,32.1,67.9
"East Asia",CHINA,358685,15.9,84.1
"East Asia","HONG KONG",228222,35.6,64.4
"East Asia",JAPAN,136191,29.5,70.5
"East Asia","KOREA(REPUBLIC OF)",60406,19.6,80.4
"East Asia","REPUBLIC OF CHINA TAIWAN",27754,20,80
"East Asia",OTHERS,13920,23.4,76.6
"East Asia",Total,825178,24.1,75.9
Australasia,AUSTRALIA,589539,46.3,53.7
Australasia,"NEW ZEALAND",110754,43.3,56.7
Australasia,OTHERS,9616,29,71
Australasia,Total,709909,45.6,54.4
"Not Classified Elsewhere","Not Classified Elsewhere",182687,23,77
"Grand Total","Grand Total",26915034,31.4,68.6
