State,"Registration under Mining Business Activity","Registration under Trader Business Activity","Registration under Exporter Business Activity","Registration under Storage Business Activity","Registration under End User Business Activity",Total
"Andhra Pradesh",1181,854,105,188,240,2568
"Arunachal Pradesh",3,0,0,0,1,4
Assam,6,4,0,3,12,25
Bihar,9,2,0,1,13,25
Chandigarh,4,1,0,0,1,6
Chhattisgarh,199,295,26,86,129,735
"Dadra & Nagar Haveli",0,0,1,1,4,6
"Daman & Diu",1,1,0,1,1,4
Delhi,26,60,23,16,58,183
Goa,127,331,92,127,29,706
Gujarat,576,471,38,279,410,1774
Haryana,15,10,4,3,37,69
"Himachal Pradesh",37,4,0,4,11,56
"Jammu & Kashmir",54,2,0,1,14,71
Jharkhand,137,207,16,121,91,572
Karnataka,388,393,80,79,219,1159
Kerala,60,30,10,6,35,141
"Madhya Pradesh",478,250,9,67,169,973
Maharashtra,175,513,104,142,373,1307
Meghalaya,15,2,2,0,7,26
Odisha,171,553,162,194,358,1438
Puducherry,4,10,1,4,4,23
Punjab,1,10,2,4,30,47
Rajasthan,1966,806,22,170,478,3442
"Tamil Nadu",451,430,74,94,289,1338
Tripura,0,0,0,0,1,1
"Uttar Pradesh",63,52,14,14,94,237
Uttaranchal,84,13,1,8,19,125
"West Bengal",105,358,123,90,286,962
Total,6336,5662,909,1703,3413,18023
