City,"Ward Name","Ward No.","Pucca housing units-No. of units","Pucca housing units-Access to electricity [Yes / No]","Pucca housing units-Access to water supply [Yes / No]","Pucca housing units-Access to toilets [Yes / No]","Semi-Pucca housing units-No. of units","Semi-Pucca housing units-Access to electricity [Yes / No]","Semi-Pucca housing units-Access to water supply [Yes / No]","Semi-Pucca housing units-Access to toilets [Yes / No]","Kutcha housing units-No. of units","Kutcha housing units-Access to electricity [Yes / No]","Kutcha housing units-Access to water supply [Yes / No]","Kutcha housing units-Access to toilets [Yes / No]"
Thiruvananthapuram,NA,1,2077,NA,NA,NA,NA,NA,NA,NA,112,NA,NA,NA
Thiruvananthapuram,NA,2,1777,NA,NA,NA,NA,NA,NA,NA,138,NA,NA,NA
Thiruvananthapuram,NA,3,1999,NA,NA,NA,NA,NA,NA,NA,240,NA,NA,NA
Thiruvananthapuram,NA,4,2460,NA,NA,NA,NA,NA,NA,NA,385,NA,NA,NA
Thiruvananthapuram,NA,5,1362,NA,NA,NA,NA,NA,NA,NA,200,NA,NA,NA
Thiruvananthapuram,NA,6,2072,NA,NA,NA,NA,NA,NA,NA,112,NA,NA,NA
Thiruvananthapuram,NA,7,2152,NA,NA,NA,NA,NA,NA,NA,203,NA,NA,NA
Thiruvananthapuram,NA,8,2077,NA,NA,NA,NA,NA,NA,NA,149,NA,NA,NA
Thiruvananthapuram,NA,9,2360,NA,NA,NA,NA,NA,NA,NA,104,NA,NA,NA
Thiruvananthapuram,NA,10,1955,NA,NA,NA,NA,NA,NA,NA,42,NA,NA,NA
Thiruvananthapuram,NA,11,2616,NA,NA,NA,NA,NA,NA,NA,101,NA,NA,NA
Thiruvananthapuram,NA,12,2906,NA,NA,NA,NA,NA,NA,NA,128,NA,NA,NA
Thiruvananthapuram,NA,13,1892,NA,NA,NA,NA,NA,NA,NA,132,NA,NA,NA
Thiruvananthapuram,NA,14,2423,NA,NA,NA,NA,NA,NA,NA,164,NA,NA,NA
Thiruvananthapuram,NA,15,2055,NA,NA,NA,NA,NA,NA,NA,232,NA,NA,NA
Thiruvananthapuram,NA,16,2610,NA,NA,NA,NA,NA,NA,NA,188,NA,NA,NA
Thiruvananthapuram,NA,17,1894,NA,NA,NA,NA,NA,NA,NA,90,NA,NA,NA
Thiruvananthapuram,NA,18,2182,NA,NA,NA,NA,NA,NA,NA,152,NA,NA,NA
Thiruvananthapuram,NA,19,2340,NA,NA,NA,NA,NA,NA,NA,168,NA,NA,NA
Thiruvananthapuram,NA,20,1749,NA,NA,NA,NA,NA,NA,NA,230,NA,NA,NA
Thiruvananthapuram,NA,21,1889,NA,NA,NA,NA,NA,NA,NA,51,NA,NA,NA
Thiruvananthapuram,NA,22,2765,NA,NA,NA,NA,NA,NA,NA,125,NA,NA,NA
Thiruvananthapuram,NA,23,1726,NA,NA,NA,NA,NA,NA,NA,63,NA,NA,NA
Thiruvananthapuram,NA,24,2370,NA,NA,NA,NA,NA,NA,NA,37,NA,NA,NA
Thiruvananthapuram,NA,25,1982,NA,NA,NA,NA,NA,NA,NA,208,NA,NA,NA
Thiruvananthapuram,NA,26,2486,NA,NA,NA,NA,NA,NA,NA,188,NA,NA,NA
Thiruvananthapuram,NA,27,1908,NA,NA,NA,NA,NA,NA,NA,92,NA,NA,NA
Thiruvananthapuram,NA,28,1616,NA,NA,NA,NA,NA,NA,NA,80,NA,NA,NA
Thiruvananthapuram,NA,29,2001,NA,NA,NA,NA,NA,NA,NA,9,NA,NA,NA
Thiruvananthapuram,NA,30,1584,NA,NA,NA,NA,NA,NA,NA,55,NA,NA,NA
Thiruvananthapuram,NA,31,1181,NA,NA,NA,NA,NA,NA,NA,177,NA,NA,NA
Thiruvananthapuram,NA,32,2242,NA,NA,NA,NA,NA,NA,NA,94,NA,NA,NA
Thiruvananthapuram,NA,33,1442,NA,NA,NA,NA,NA,NA,NA,50,NA,NA,NA
Thiruvananthapuram,NA,34,2092,NA,NA,NA,NA,NA,NA,NA,76,NA,NA,NA
Thiruvananthapuram,NA,35,1714,NA,NA,NA,NA,NA,NA,NA,120,NA,NA,NA
Thiruvananthapuram,NA,36,2560,NA,NA,NA,NA,NA,NA,NA,152,NA,NA,NA
Thiruvananthapuram,NA,37,1723,NA,NA,NA,NA,NA,NA,NA,41,NA,NA,NA
Thiruvananthapuram,NA,38,1502,NA,NA,NA,NA,NA,NA,NA,278,NA,NA,NA
Thiruvananthapuram,NA,39,1725,NA,NA,NA,NA,NA,NA,NA,76,NA,NA,NA
Thiruvananthapuram,NA,40,1130,NA,NA,NA,NA,NA,NA,NA,237,NA,NA,NA
Thiruvananthapuram,NA,41,2130,NA,NA,NA,NA,NA,NA,NA,151,NA,NA,NA
Thiruvananthapuram,NA,42,1874,NA,NA,NA,NA,NA,NA,NA,175,NA,NA,NA
Thiruvananthapuram,NA,43,2010,NA,NA,NA,NA,NA,NA,NA,197,NA,NA,NA
Thiruvananthapuram,NA,44,2013,NA,NA,NA,NA,NA,NA,NA,122,NA,NA,NA
Thiruvananthapuram,NA,45,2611,NA,NA,NA,NA,NA,NA,NA,106,NA,NA,NA
Thiruvananthapuram,NA,46,1848,NA,NA,NA,NA,NA,NA,NA,87,NA,NA,NA
Thiruvananthapuram,NA,47,1860,NA,NA,NA,NA,NA,NA,NA,117,NA,NA,NA
Thiruvananthapuram,NA,48,2607,NA,NA,NA,NA,NA,NA,NA,106,NA,NA,NA
Thiruvananthapuram,NA,49,1190,NA,NA,NA,NA,NA,NA,NA,124,NA,NA,NA
Thiruvananthapuram,NA,50,3220,NA,NA,NA,NA,NA,NA,NA,192,NA,NA,NA
Thiruvananthapuram,NA,51,2447,NA,NA,NA,NA,NA,NA,NA,165,NA,NA,NA
Thiruvananthapuram,NA,52,2462,NA,NA,NA,NA,NA,NA,NA,314,NA,NA,NA
Thiruvananthapuram,NA,53,2130,NA,NA,NA,NA,NA,NA,NA,80,NA,NA,NA
Thiruvananthapuram,NA,54,2617,NA,NA,NA,NA,NA,NA,NA,167,NA,NA,NA
Thiruvananthapuram,NA,55,2484,NA,NA,NA,NA,NA,NA,NA,176,NA,NA,NA
Thiruvananthapuram,NA,56,2801,NA,NA,NA,NA,NA,NA,NA,400,NA,NA,NA
Thiruvananthapuram,NA,57,1676,NA,NA,NA,NA,NA,NA,NA,272,NA,NA,NA
Thiruvananthapuram,NA,58,1953,NA,NA,NA,NA,NA,NA,NA,67,NA,NA,NA
Thiruvananthapuram,NA,59,1668,NA,NA,NA,NA,NA,NA,NA,96,NA,NA,NA
Thiruvananthapuram,NA,60,2306,NA,NA,NA,NA,NA,NA,NA,92,NA,NA,NA
Thiruvananthapuram,NA,61,1094,NA,NA,NA,NA,NA,NA,NA,101,NA,NA,NA
Thiruvananthapuram,NA,62,1330,NA,NA,NA,NA,NA,NA,NA,187,NA,NA,NA
Thiruvananthapuram,NA,63,2442,NA,NA,NA,NA,NA,NA,NA,193,NA,NA,NA
Thiruvananthapuram,NA,64,1976,NA,NA,NA,NA,NA,NA,NA,352,NA,NA,NA
Thiruvananthapuram,NA,65,2343,NA,NA,NA,NA,NA,NA,NA,116,NA,NA,NA
Thiruvananthapuram,NA,66,2189,NA,NA,NA,NA,NA,NA,NA,180,NA,NA,NA
Thiruvananthapuram,NA,67,1880,NA,NA,NA,NA,NA,NA,NA,114,NA,NA,NA
Thiruvananthapuram,NA,68,2324,NA,NA,NA,NA,NA,NA,NA,192,NA,NA,NA
Thiruvananthapuram,NA,69,1488,NA,NA,NA,NA,NA,NA,NA,183,NA,NA,NA
Thiruvananthapuram,NA,70,2163,NA,NA,NA,NA,NA,NA,NA,271,NA,NA,NA
Thiruvananthapuram,NA,71,2043,NA,NA,NA,NA,NA,NA,NA,386,NA,NA,NA
Thiruvananthapuram,NA,72,1447,NA,NA,NA,NA,NA,NA,NA,359,NA,NA,NA
Thiruvananthapuram,NA,73,1902,NA,NA,NA,NA,NA,NA,NA,363,NA,NA,NA
Thiruvananthapuram,NA,74,1237,NA,NA,NA,NA,NA,NA,NA,219,NA,NA,NA
Thiruvananthapuram,NA,75,787,NA,NA,NA,NA,NA,NA,NA,33,NA,NA,NA
Thiruvananthapuram,NA,76,1566,NA,NA,NA,NA,NA,NA,NA,194,NA,NA,NA
Thiruvananthapuram,NA,77,2363,NA,NA,NA,NA,NA,NA,NA,351,NA,NA,NA
Thiruvananthapuram,NA,78,1267,NA,NA,NA,NA,NA,NA,NA,136,NA,NA,NA
Thiruvananthapuram,NA,79,2871,NA,NA,NA,NA,NA,NA,NA,337,NA,NA,NA
Thiruvananthapuram,NA,80,2119,NA,NA,NA,NA,NA,NA,NA,497,NA,NA,NA
Thiruvananthapuram,NA,81,2388,NA,NA,NA,NA,NA,NA,NA,214,NA,NA,NA
Thiruvananthapuram,NA,82,1893,NA,NA,NA,NA,NA,NA,NA,285,NA,NA,NA
Thiruvananthapuram,NA,83,631,NA,NA,NA,NA,NA,NA,NA,90,NA,NA,NA
Thiruvananthapuram,NA,84,2838,NA,NA,NA,NA,NA,NA,NA,471,NA,NA,NA
Thiruvananthapuram,NA,85,1180,NA,NA,NA,NA,NA,NA,NA,209,NA,NA,NA
Thiruvananthapuram,NA,86,1496,NA,NA,NA,NA,NA,NA,NA,397,NA,NA,NA
Thiruvananthapuram,NA,87,4240,NA,NA,NA,NA,NA,NA,NA,410,NA,NA,NA
