particulars,specifications,
"Geographical Area","38,863 sq km",
"Population (as per Census 2011)","33.41 million",
"Population (as per Census 2011) - Urban","15.94 million (47.70%)",
"Population (as per Census 2011) - Rural","17.47 million (52.30%)",
"Population (as per Census 2011) - Tribal","0.48 million (1.45%)",
"Average Population Density","860 per sq km",
"Live stock population (as per 18th Live Stock Census)","3.59 million",
"No. of Districts (as per Census 2001)",14,
"No. of Districts (as per Census 2001) - No. of Hill Districts",10,
"No. of Districts (as per Census 2001) - No. of Tribal Districts",9,
"Growing Stock - Growing Stock in Recorded Forest Area","152.27 million cum",
"Growing Stock - Growing Stock in TOF","45.79 million cum",
"Growing Stock - Growing Stock in Agroforestry","28.08 million cum",
"Growing Stock - Growing Stock in Urban Area","6.71 million cum",
"Recorded Forest Area - Reserved Forest","11,309* sq km",
"Recorded Forest Area - Protected Forest","Osq km",
"Recorded Forest Area - Unclassed Forest","Osq km",
"Recorded Forest Area - Total","11,309 sq km",
"Recorded Forest Area - Of State's Geographical Area",29.10%,
"Recorded Forest Area - Of lndia's Forest Area","1.47 %",
