Sl.No,State,"Registration under Mining Business Activity ","Registration under Trader Business Activity ","Registration under Exporter Business Activity ","Registration under Stockists Business Activity  ","Registration under End Users Business Activity ",Total
1,"ANDHRA PRADESH",1155,699,95,166,192,2307
2,"ARUNACHAL PRADESH",2,0,0,0,1,3
3,ASSAM,5,2,0,1,8,16
4,BIHAR,9,2,0,1,14,26
5,CHANDIGARH,3,1,0,0,1,5
6,CHHATTISGARH,191,220,24,72,115,622
7,"DADRA & NAGAR HAVELI",0,0,1,1,4,6
8,"DAMAN & DIU",1,1,0,1,1,4
9,DELHI,28,46,22,16,57,169
10,GOA,120,277,77,118,25,617
11,GUJARAT,559,409,33,255,372,1628
12,HARYANA,15,8,4,3,30,60
13,"HIMACHAL PRADESH",33,2,0,3,10,48
14,"JAMMU & KASHMIR",46,2,0,1,12,61
15,JHARKHAND,134,179,14,115,85,527
16,KARNATAKA,373,308,73,67,188,1009
17,KERALA,59,26,9,6,32,132
18,"MADHYA PRADESH",456,190,7,50,131,834
19,MAHARASHTRA,165,387,90,113,299,1054
20,MEGHALAYA,12,1,2,0,5,20
21,ORISSA,166,411,147,191,342,1257
22,PONDICHERRY,4,9,1,3,4,21
23,PUNJAB,1,9,2,4,30,46
24,RAJASTHAN,1945,726,21,166,461,3319
25,"TAMIL NADU",449,331,62,81,257,1180
26,TRIPURA,0,0,0,0,1,1
27,"UTTAR PRADESH",61,48,13,14,85,221
28,UTTARANCHAL,82,8,0,6,14,110
29,"WEST BENGAL",95,297,108,89,266,855
Total,Total,6169,4599,805,1543,3042,16158
