"Mineral Type",Mineral,Unit,State,"Quantity 2014-15","Value 2014-15 (In Thousand Rupees)","Quantity 2015-16 ","Value 2015-16  (In Thousand Rupees)","Quantity 2016-17 (Provisional)","Value 2016-17 (In Thousand Rupees)"
Fuel,Coal,"000 Tonnes",India,609200,892871700,639230,883822100,660402,913678782
Fuel,Coal,"000 Tonnes",Assam,800,3819900,487,1711300,600,2108377
Fuel,Coal,"000 Tonnes",Chhattisgarh,134800,139855400,130605,147436800,139722,157728759
Fuel,Coal,"000 Tonnes","Jammu & Kashmir",NA,27600,13,27600,12,25476
Fuel,Coal,"000 Tonnes",Jharkhand,124100,193135100,121067,187369900,126164,195258296
Fuel,Coal,"000 Tonnes",Meghalaya,2500,12670500,3712,18634200,3695,18548862
Fuel,Coal,"000 Tonnes","Madhya Pradesh",87600,111478200,107714,132254900,108548,133278915
Fuel,Coal,"000 Tonnes",Maharashtra,38300,67045400,38351,65340300,37060,63140766
Fuel,Coal,"000 Tonnes",Orissa,123600,158984300,138461,121010100,139358,121794047
Fuel,Coal,"000 Tonnes",Telangana,52500,109642600,60380,122753500,61188,124396178
Fuel,Coal,"000 Tonnes","Uttar Pradesh",15000,16186900,12689,14028100,16057,17751531
Fuel,Coal,"000 Tonnes","West Bengal",30000,80025800,25751,73255400,27998,79647575
Fuel,Lignite,"000 Tonnes",India,48300,81627000,43842,74994800,45124,79546094
Fuel,Lignite,"000 Tonnes",Gujarat,12300,17914600,10123,14723500,10605,15424550
Fuel,Lignite,"000 Tonnes",Rajasthan,10800,12590000,9492,11103300,6902,8073637
Fuel,Lignite,"000 Tonnes","Tamil Nadu",25200,51122400,24227,49168000,27617,56047907
Fuel,"Natural Gas (ut.)","m c m",India,33656,278339428,32249,266703357,30866,255265765
Fuel,"Natural Gas (ut.)","m c m","Andhra Pradesh",541,4474139,619,5119209,834,6897287
Fuel,"Natural Gas (ut.)","m c m","Arunachal Pradesh",34,281184,29,239834,12,99240
Fuel,"Natural Gas (ut.)","m c m",Assam,2958,24463039,3025,25017137,2914,24099154
Fuel,"Natural Gas (ut.)","m c m",Gujarat,1526,12620215,1490,12322491,1519,12562324
Fuel,"Natural Gas (ut.)","m c m",Jharkhand,NA,NA,2,16540,0,0
Fuel,"Natural Gas (ut.)","m c m","Madhya Pradesh",NA,NA,1,8270,4,33080
Fuel,"Natural Gas (ut.)","m c m",Off-shore,24860,205595382,23013,190320456,21660,179130972
Fuel,"Natural Gas (ut.)","m c m",Rajasthan,1178,9742211,1338,11065431,1214,10039936
Fuel,"Natural Gas (ut.)","m c m","Tamil Nadu",1191,9849723,1011,8361099,967,7997213
Fuel,"Natural Gas (ut.)","m c m",Tripura,1140,9427946,1332,11015810,1429,11818012
Fuel,"Natural Gas (ut.)","m c m","West Bengal",228,1885589,389,3217080,313,2588547
Fuel,Petroleum(crude),"000 Tonnes",India,37461,680882633,36950,671594812,36009,654491413
Fuel,Petroleum(crude),"000 Tonnes","Andhra Pradesh",254,4616646,295,5361853,276,5016514
Fuel,Petroleum(crude),"000 Tonnes","Arunachal Pradesh",76,1381359,58,1054195,59,1072372
Fuel,Petroleum(crude),"000 Tonnes",Assam,4466,81173002,4185,76065610,4202,76374598
Fuel,Petroleum(crude),"000 Tonnes",Gujarat,4653,84571872,4461,81082123,4605,83699436
Fuel,Petroleum(crude),"000 Tonnes",Off-shore,18924,343958328,19088,346939155,18419,334779563
Fuel,Petroleum(crude),"000 Tonnes",Rajasthan,8848,160819240,8602,156347999,8164,148387011
Fuel,Petroleum(crude),"000 Tonnes","Tamil Nadu",240,4362186,261,4743877,284,5161919
Mettallic,Bauxite,Tonne,India,22493671,11922367,28123789,15437694,24664632,14170420
Mettallic,Bauxite,Tonne,Chhattisgarh,1560784,1164426,1991455,1314345,1954233,1336544
Mettallic,Bauxite,Tonne,Goa,268500,44235,163950,40960,0,0
Mettallic,Bauxite,Tonne,Gujarat,5825628,2381970,10387092,4857172,5818467,2857981
Mettallic,Bauxite,Tonne,Jharkhand,2040519,1330002,2111227,1399189,2289825,1318549
Mettallic,Bauxite,Tonne,Karnataka,127500,31875,12050,5423,386,171
Mettallic,Bauxite,Tonne,"Madhya Pradesh",831899,526735,684288,479401,658375,501600
Mettallic,Bauxite,Tonne,Maharashtra,2669408,1274425,1907543,1043950,1946042,934677
Mettallic,Bauxite,Tonne,Orissa,9091061,5124105,10839038,6278252,11990035,7216087
Mettallic,Bauxite,Tonne,"Tamil Nadu",78372,44594,27146,19002,7269,4811
Mettallic,Chromite,Tonne,India,2164163,18800279,2915584,21214490,3727777,36438254
Mettallic,Chromite,Tonne,Karnataka,2674,16044,1808,10884,782,4321
Mettallic,Chromite,Tonne,Maharashtra,26,79,90,432,1,5
Mettallic,Chromite,Tonne,Orissa,2161463,18784156,2913686,21203174,3726994,36433928
Mettallic,"Copper Ore",Tonne,India,3505348,0,3907823,0,3846427,0
Mettallic,"Copper Ore",Tonne,Jharkhand,179036,0,267251,0,313856,0
Mettallic,"Copper Ore",Tonne,"Madhya Pradesh",2378912,0,2536580,0,2415330,0
Mettallic,"Copper Ore",Tonne,Rajasthan,947400,0,1103992,0,1117241,0
Mettallic,"Copper Conc.",Tonne,India,107604,5289409,151837,6548318,134788,6403534
Mettallic,"Copper Conc.",Tonne,Jharkhand,5903,198641,8574,286142,9803,334348
Mettallic,"Copper Conc.",Tonne,"Madhya Pradesh",57551,2480829,79281,3315629,68187,3023674
Mettallic,"Copper Conc.",Tonne,Rajasthan,44150,2609939,63982,2946547,56798,3045512
Mettallic,"Gold Ore",Tonne,India,447278,0,562956,0,582280,0
Mettallic,"Gold Ore",Tonne,Jharkhand,3999,0,4153,0,5581,0
Mettallic,"Gold Ore",Tonne,Karnataka,443279,0,558803,0,576699,0
Mettallic,Gold,kg,India,1441,3602722,1323,3214623,1594,4362410
Mettallic,Gold,kg,Jharkhand,11,30615,13,35871,15,45424
Mettallic,Gold,kg,Karnataka,1430,3572107,1310,3178752,1579,4316986
Mettallic,"Iron Ore","000 Tonnes",India,129321,276636789,158108,223206636,192081,251388688
Mettallic,"Iron Ore","000 Tonnes","Andhra Pradesh",916,504259,493,283258,489,249379
Mettallic,"Iron Ore","000 Tonnes",Chhattisgarh,29388,85391078,26718,52780037,31068,60462471
Mettallic,"Iron Ore","000 Tonnes",Goa,0,0,1794,2132157,8933,10514030
Mettallic,"Iron Ore","000 Tonnes",Jharkhand,19237,23649275,19198,16494215,21335,16204479
Mettallic,"Iron Ore","000 Tonnes",Karnataka,20205,55165630,25036,34659850,26363,43850893
Mettallic,"Iron Ore","000 Tonnes","Madhya Pradesh",4193,2464797,2447,1475651,1730,677950
Mettallic,"Iron Ore","000 Tonnes",Maharashtra,2143,2601529,1420,1500657,1321,1372343
Mettallic,"Iron Ore","000 Tonnes",Orissa,52022,103636933,79856,112112226,99614,115063744
Mettallic,"Iron Ore","000 Tonnes",Rajasthan,1180,3201253,1146,1768585,1228,2993399
Mettallic,"Iron Ore","000 Tonnes",Telangana,37,22035,0,0,0,0
Mettallic,"Lead & Zinc Ore",Tonne,India,9362659,0,10453038,0,11881236,0
Mettallic,"Lead & Zinc Ore",Tonne,Rajasthan,9362659,0,10453038,0,11881236,0
Mettallic,"Lead Conc.",Tonne,India,197668,5640013,261857,7885122,268051,9669168
Mettallic,"Lead Conc.",Tonne,Rajasthan,197668,5640013,261857,7885122,268051,9669168
Mettallic,"Zinc Conc.",Tonne,India,1489374,31572181,1473811,34943088,1484245,43385607
Mettallic,"Zinc Conc.",Tonne,Rajasthan,1489374,31572181,1473811,34943088,1484245,43385607
Mettallic,"Manganese Ore",Tonne,India,2369481,13661799,2166947,8545510,2393182,16026609
Mettallic,"Manganese Ore",Tonne,"Andhra Pradesh",253746,516842,186632,328949,232488,770941
Mettallic,"Manganese Ore",Tonne,Gujarat,15564,10179,46153,19633,43059,20581
Mettallic,"Manganese Ore",Tonne,Jharkhand,4448,20508,509,3161,510,3562
Mettallic,"Manganese Ore",Tonne,Karnataka,206700,933894,145623,410733,261374,1189857
Mettallic,"Manganese Ore",Tonne,"Madhya Pradesh",877994,5219983,766776,3334907,648132,5051691
Mettallic,"Manganese Ore",Tonne,Maharashtra,670238,5150230,620672,2803625,604301,5248937
Mettallic,"Manganese Ore",Tonne,Orissa,326106,1765655,390233,1616875,587511,3667350
Mettallic,"Manganese Ore",Tonne,Rajasthan,7910,23501,3457,10350,2545,7567
Mettallic,"Manganese Ore",Tonne,Telangana,6775,21007,6892,17277,13262,66123
Mettallic,Silver,kg,India,327647,11947028,426443,15212374,460811,18320759
Mettallic,Silver,kg,Karnataka,139,5103,122,4048,169,6640
Mettallic,Silver,kg,Rajasthan,327508,11941925,426321,15208326,460642,18314119
Mettallic,"Tin Conc.",kg,India,24685,18528,13541,9231,12120,7443
Mettallic,"Tin Conc.",kg,Chhattisgarh,24685,18528,13541,9231,12120,7443
Non-Mettallic,Apatite,Tonne,India,930,2065,110,387,0,0
Non-Mettallic,Apatite,Tonne,"Andhra Pradesh",930,2065,110,387,0,0
Non-Mettallic,Phosphorite,Tonne,India,1607215,3759071,1571863,3763823,1181307,3894738
Non-Mettallic,Phosphorite,Tonne,"Madhya Pradesh",79264,67263,66260,55602,68803,58240
Non-Mettallic,Phosphorite,Tonne,Rajasthan,1527951,3691808,1505603,3708221,1112504,3836498
Non-Mettallic,Diamond,crt,India,36107,613504,36044,621441,36516,639596
Non-Mettallic,Diamond,crt,"Madhya Pradesh",36107,613504,36044,621441,36516,639596
Non-Mettallic,Fluorite(graded),Tonne,India,2946,13761,2333,12965,1175,6166
Non-Mettallic,Fluorite(graded),Tonne,Maharashtra,2946,13761,2333,12965,1175,6166
Non-Mettallic,"Flint Stone",Tonne,India,244,79,253,76,26,8
Non-Mettallic,"Flint Stone",Tonne,Jharkhand,244,79,253,76,26,8
Non-Mettallic,"Garnet (abrasive)",Tonne,India,91394,800998,82001,648124,85411,758300
Non-Mettallic,"Garnet (abrasive)",Tonne,"Andhra Pradesh",68275,645124,55583,471079,51243,534082
Non-Mettallic,"Garnet (abrasive)",Tonne,Orissa,11999,73218,14767,93564,22076,134365
Non-Mettallic,"Garnet (abrasive)",Tonne,Rajasthan,725,993,958,1744,1481,3624
Non-Mettallic,"Garnet (abrasive)",Tonne,"Tamil Nadu",10395,81663,10693,81737,10611,86229
Non-Mettallic,"Graphite (r.o.m.)",Tonne,India,116712,83996,135528,106487,122437,85054
Non-Mettallic,"Graphite (r.o.m.)",Tonne,Jharkhand,41424,22733,36270,22914,10343,11410
Non-Mettallic,"Graphite (r.o.m.)",Tonne,Kerala,250,2000,650,5200,660,5280
Non-Mettallic,"Graphite (r.o.m.)",Tonne,Orissa,2082,1301,7783,4865,16373,10682
Non-Mettallic,"Graphite (r.o.m.)",Tonne,"Tamil Nadu",72956,57962,90825,73508,95061,57682
Non-Mettallic,Kyanite,Tonne,India,6255,12185,2901,14180,3254,13632
Non-Mettallic,Kyanite,Tonne,Karnataka,4400,3520,0,0,0,0
Non-Mettallic,Kyanite,Tonne,Maharashtra,1855,8665,2901,14180,3254,13632
Non-Mettallic,Sillimanite,Tonne,India,66273,456050,69942,509314,68137,534098
Non-Mettallic,Sillimanite,Tonne,"Andhra Pradesh",33801,250026,42409,340841,37109,322265
Non-Mettallic,Sillimanite,Tonne,Kerala,7689,69201,5121,49585,9260,86929
Non-Mettallic,Sillimanite,Tonne,Maharashtra,6472,17948,9019,27133,6196,21447
Non-Mettallic,Sillimanite,Tonne,Orissa,18311,118875,13393,91755,15572,103457
Non-Mettallic,Limestone,"000 Tonnes",India,293273,58000375,307001,68673970,313196,66883775
Non-Mettallic,Limestone,"000 Tonnes","Andhra Pradesh",34676,6145183,32579,6556564,35251,7077680
Non-Mettallic,Limestone,"000 Tonnes",Assam,665,172962,777,230415,1594,444051
Non-Mettallic,Limestone,"000 Tonnes",Bihar,473,119709,459,172141,190,61867
Non-Mettallic,Limestone,"000 Tonnes",Chhattisgarh,23588,5095514,27667,7013331,31919,7889042
Non-Mettallic,Limestone,"000 Tonnes",Gujarat,26010,4041937,25622,4370924,24923,4330213
Non-Mettallic,Limestone,"000 Tonnes","Himachal Pradesh",12710,1969904,12390,2180979,11009,2055194
Non-Mettallic,Limestone,"000 Tonnes","Jammu & Kashmir",130,17986,1232,395375,825,261235
Non-Mettallic,Limestone,"000 Tonnes",Jharkhand,792,355281,1076,509938,1146,552197
Non-Mettallic,Limestone,"000 Tonnes",Karnataka,24008,3782551,27062,4325671,29784,5057615
Non-Mettallic,Limestone,"000 Tonnes",Kerala,511,271081,487,353323,376,217852
Non-Mettallic,Limestone,"000 Tonnes","Madhya Pradesh",39530,7024166,39430,8868182,35843,6421422
Non-Mettallic,Limestone,"000 Tonnes",Maharashtra,12085,2338475,13036,2842122,12119,2400796
Non-Mettallic,Limestone,"000 Tonnes",Meghalaya,3691,2399582,3834,2622258,5103,3006804
Non-Mettallic,Limestone,"000 Tonnes",Orissa,3409,1189212,4532,1489611,4751,1599859
Non-Mettallic,Limestone,"000 Tonnes",Rajasthan,61844,12515775,67336,15253871,67078,14528213
Non-Mettallic,Limestone,"000 Tonnes","Tamil Nadu",22227,5989520,23008,6623612,23840,6087154
Non-Mettallic,Limestone,"000 Tonnes",Telangana,23972,4043053,23878,4437332,24789,4479942
Non-Mettallic,Limestone,"000 Tonnes","Uttar Pradesh",2952,528484,2596,428321,2656,412639
Non-Mettallic,Limeshell,Tonne,India,16353,37137,10353,28613,12343,33588
Non-Mettallic,Limeshell,Tonne,Karnataka,200,240,1221,1258,4003,6596
Non-Mettallic,Limeshell,Tonne,Kerala,16123,36867,9132,27355,8340,26992
Non-Mettallic,Limeshell,Tonne,"Tamil Nadu",30,30,0,0,0,0
Non-Mettallic,Magnesite,Tonne,India,285009,748792,327663,827072,299167,735655
Non-Mettallic,Magnesite,Tonne,Karnataka,9129,40910,8161,39962,8391,35562
Non-Mettallic,Magnesite,Tonne,"Tamil Nadu",225694,637938,264913,705318,223424,612564
Non-Mettallic,Magnesite,Tonne,Uttaranchal,50186,69944,54589,81792,67352,87529
Non-Mettallic,Marl,Tonne,India,2179488,257598,2389707,319957,2203701,316310
Non-Mettallic,Marl,Tonne,Gujarat,2177449,257030,2389707,319957,2203701,316310
Non-Mettallic,Marl,Tonne,"Tamil Nadu",2039,568,0,0,0,0
Non-Mettallic,"Moulding Sand",Tonne,India,6383,1671,26042,6117,27686,6416
Non-Mettallic,"Moulding Sand",Tonne,Chhattisgarh,6383,1671,26042,6117,27686,6416
Non-Mettallic,"Siliceous Earth",Tonne,India,0,0,47386,20735,69379,63722
Non-Mettallic,"Siliceous Earth",Tonne,Rajasthan,0,0,47386,20735,69379,63722
Non-Mettallic,Selenite,Tonne,India,207,456,3103,6206,4327,9211
Non-Mettallic,Selenite,Tonne,Rajasthan,207,456,3103,6206,4327,9211
Non-Mettallic,Sulphur,Tonne,India,429258,0,441153,0,527539,0
Non-Mettallic,Sulphur,Tonne,Assam,5803,0,4312,0,6559,0
Non-Mettallic,Sulphur,Tonne,Bihar,8629,0,5561,0,8159,0
Non-Mettallic,Sulphur,Tonne,Gujarat,90096,0,101743,0,100952,0
Non-Mettallic,Sulphur,Tonne,Haryana,168598,0,178688,0,190946,0
Non-Mettallic,Sulphur,Tonne,Maharashtra,57691,0,56670,0,48991,0
Non-Mettallic,Sulphur,Tonne,Orissa,NA,NA,0,0,86734,0
Non-Mettallic,Sulphur,Tonne,"Uttar Pradesh",48782,0,47836,0,46618,0
Non-Mettallic,Sulphur,Tonne,"West Bengal",49659,0,46343,0,38580,0
Non-Mettallic,Vermiculite,Tonne,India,19336,12479,23279,10556,6543,6122
Non-Mettallic,Vermiculite,Tonne,"Andhra Pradesh",15491,6246,21890,7986,4725,1898
Non-Mettallic,Vermiculite,Tonne,Rajasthan,1623,1251,421,400,127,126
Non-Mettallic,Vermiculite,Tonne,"Tamil Nadu",2222,4982,968,2170,1691,4098
Non-Mettallic,Wollastonite,Tonne,India,186524,162113,175348,150313,166186,158935
Non-Mettallic,Wollastonite,Tonne,Rajasthan,186524,162113,175348,150313,166186,158935
