"City Name","Zone Name","Ward Name","Ward No","Total Voters","No of voters polled in the last Mun. Election","No of polling Stations"
Ahmedabad,Central,Asarva,15,87205,46408,120
Ahmedabad,Central,Shahibaug,16,77032,36993,110
Ahmedabad,Central,Shahpur,17,79347,38242,104
Ahmedabad,Central,Dariyapur,21,91850,42844,121
Ahmedabad,Central,Khadia,28,90838,43112,124
Ahmedabad,Central,Jamalpur,29,85155,36859,115
Ahmedabad,East,Nikol,24,80650,37635,107
Ahmedabad,East,Viratnagar,25,83318,39680,118
Ahmedabad,East,Gomtipur,38,90089,48271,124
Ahmedabad,East,Amraiwadi,39,78334,38932,108
Ahmedabad,East,Odhav,40,64520,32364,93
Ahmedabad,East,Vastral,41,78151,44021,105
Ahmedabad,East,Bhaipura-Hatkeshwar,43,78587,37747,109
Ahmedabad,East,"Ramol Hathijan",48,88755,44429,122
Ahmedabad,Northwest,Gota,1,63264,31886,84
Ahmedabad,Northwest,Chandlodiya,2,67199,28828,91
Ahmedabad,Northwest,Ghatlodiya,7,71391,36094,100
Ahmedabad,Northwest,Thaltej,8,76963,34607,106
Ahmedabad,Northwest,Bodakdev,19,77563,30344,106
Ahmedabad,"South west",Jodhpur,20,72730,29302,99
Ahmedabad,"South west",Vejalpur,32,66932,30933,92
Ahmedabad,"South west",Sarkhej,33,67646,29619,91
Ahmedabad,"South west",Maktampura,34,76503,35053,100
Ahmedabad,North,Sardarnagar,11,83647,34206,111
Ahmedabad,North,Naroda,12,73842,35883,101
Ahmedabad,North,"Saijpur Bogha",13,84124,38595,116
Ahmedabad,North,Kubernagar,14,86498,39592,116
Ahmedabad,North,"India Colony",22,78874,35723,113
Ahmedabad,North,Thakkarbapanagar,23,82390,36194,117
Ahmedabad,North,Bapunagar,26,91216,41473,129
Ahmedabad,North,Saraspur-Rakhial,27,93029,45046,127
Ahmedabad,south,Behrampura,35,78695,41086,105
Ahmedabad,south,Danilimda,36,85475,45820,116
Ahmedabad,south,Maninagar,37,86860,35274,118
Ahmedabad,south,Indrapuri,42,79198,39329,111
Ahmedabad,south,Khokhara,44,80307,35167,109
Ahmedabad,south,Isanpur,45,91623,41284,126
Ahmedabad,south,Lambha,46,77894,40991,107
Ahmedabad,south,Vatva,47,93606,40844,127
Ahmedabad,West,Chandkheda,3,85901,40787,116
Ahmedabad,West,Sabarmati,4,81114,37448,111
Ahmedabad,West,Ranip,5,81352,33779,109
Ahmedabad,West,"Nava Vadaj",6,85409,42120,120
Ahmedabad,West,Naranpura,9,87748,37829,125
Ahmedabad,West,S.P.Stadium,10,80871,35661,113
Ahmedabad,West,Navrangpura,18,82983,30943,114
Ahmedabad,West,Paldi,30,79943,32520,110
Ahmedabad,West,Vasna,31,73150,32706,101
