S.No.,"Name of Organisation",Category,State
1,"Abid Ali Khan Educational Trust",NGO,"Andhra Pradesh"
2,"Keshav Memorial Education Society",Edu,"Andhra Pradesh"
3,"Boon Education, Environment & Rural Development Society",NGO,"Andhra Pradesh"
4,"Deccan Development Society",NGO,"Andhra Pradesh"
5,"Hyderabad University, Hydrabad",Edu,"Andhra Pradesh"
6,"Sri Venketeswara Orirntal College, Tirupati, Andhra Pradesh",Edu,"Andhra Pradesh"
7,"Sri Vishnu Engg.College for Women, Vishnupur, Bhimavaram",Edu,"Andhra Pradesh"
8,"Gauhati University",Edu,Assam
9,"Krishna Kanta Handique State Open University",Edu,Assam
10,"Ayodhya Lal Kalyan Niketan",NGO,Bihar
11,"Indian Instt. of Business Management, Patna",Edu,Bihar
12,Lokhit,NGO,Bihar
