"Sr. ","Installation Address",City,Dist,Division,State,"Pin Code","PoP Location","Contact no."
1,"47-A , State IT Center, Arera Hills",Bhopal,Bhopal,Bhopal,"Madhya Pradesh",462011,"Network Monitoring Centre (NMC) Zone-I, MP Nagar, Bhopal",9713512393
2,"Collectorate Sehore",Sehore,Sehore,Bhopal,"Madhya Pradesh",466001,Collectorate,9713470248
3,"Collectorate Raisen",Raisen,Raisen,Bhopal,"Madhya Pradesh",464551,Collectorate,8962596410
4,"Collectorate Rajgarh",Rajgarh,Rajgarh,Bhopal,"Madhya Pradesh",465661,Collectorate,9993943636
