"Data Item","Facility Type","Total No. of Facilities #","Facilities reporting nil performance - Numbers","Details of Maximum and Minimum Performing facilities - Performance","Details of Maximum and Minimum Performing facilities - Value Reported","Details of Maximum and Minimum Performing facilities - Sub-district","Details of Maximum and Minimum Performing facilities - Facility"
"Deliveries conducted at facility",DH,2,0,Maximum,450,"District HQ","M. R. Bangur"
"Deliveries conducted at facility",DH,2,0,Minimum,412,"District HQ","Diamond Harbour DH"
"Deliveries conducted at facility",SDH,7,0,Maximum,265,"District HQ","Kakdwip SDH"
"Deliveries conducted at facility",SDH,7,0,Minimum,2,"District HQ","Bijaygarh SGH"
"Deliveries conducted at facility",CHC,36,11,Maximum,142,"Joynagar - I Block","Padmerhat Rural Hosp."
"Deliveries conducted at facility",CHC,36,11,Minimum,1,"Bishnupur - I Block","Chandidaulatabad BPHC"
"Deliveries conducted at facility",PHC,73,65,Maximum,35,"Patharpratima Block","Gadamathura PHC"
"Deliveries conducted at facility",PHC,73,65,Minimum,1,"Namkhana Block","Narayanpur PHC"
"Deliveries conducted at facility",SC,1068,1022,Maximum,13,"Mograhat - I Block",Morapai
"Deliveries conducted at facility",SC,1068,1022,Minimum,1,"Basanti Block","Kumrakhali I"
"Deliveries conducted at facility",SC,1068,1022,Minimum,1,"Gosaba Block","Pathankhali G.P.Office"
"Deliveries conducted at facility",SC,1068,1022,Minimum,1,"Kultali Block",Gopalganje
"Deliveries conducted at facility",SC,1068,1022,Minimum,1,"Kultali Block",Kachiamara
"Deliveries conducted at facility",SC,1068,1022,Minimum,1,"Kultali Block","Madhya Gurguria"
"Deliveries conducted at facility",SC,1068,1022,Minimum,1,"Kultali Block","North Dongajora"
"Deliveries conducted at facility",SC,1068,1022,Minimum,1,"Kultali Block","Paschim Khalbar"
"Deliveries conducted at facility",SC,1068,1022,Minimum,1,"Kultali Block","Purba Shyamnagar"
"Deliveries conducted at facility",SC,1068,1022,Minimum,1,"Kultali Block",Sankijahan
"Deliveries conducted at facility",SC,1068,1022,Minimum,1,"Kultali Block",Shyamnagar
"Deliveries conducted at facility",SC,1068,1022,Minimum,1,"Kultali Block","South Dongajora"
"Deliveries conducted at facility",SC,1068,1022,Minimum,1,"Mathurapur - II Block","Nagendrapur Pradhanpara"
"Deliveries conducted at facility",SC,1068,1022,Minimum,1,"Mathurapur - II Block","Purba Jata"
"C -Section deliveries at facility",DH,2,0,Maximum,206,"District HQ","M. R. Bangur"
"C -Section deliveries at facility",DH,2,0,Minimum,129,"District HQ","Diamond Harbour DH"
"C -Section deliveries at facility",SDH,7,1,Maximum,47,"District HQ","Vidyasagar SGH"
"C -Section deliveries at facility",SDH,7,1,Minimum,1,"District HQ","Bijaygarh SGH"
"C -Section deliveries at facility",CHC,36,35,Maximum,30,"Sonarpur Block","Sonarpur Rural Hosp."
"C -Section deliveries at facility",CHC,36,35,Minimum,30,"Sonarpur Block","Sonarpur Rural Hosp."
"IPD Attendance",DH,2,0,Maximum,3918,"District HQ","M. R. Bangur"
"IPD Attendance",DH,2,0,Minimum,2071,"District HQ","Diamond Harbour DH"
"IPD Attendance",SDH,7,0,Maximum,1615,"District HQ","Baruipur SDH"
"IPD Attendance",SDH,7,0,Minimum,92,"District HQ","Bijaygarh SGH"
"IPD Attendance",CHC,36,13,Maximum,828,"Bhangore - I Block","Nalmuri Rural Hosp"
"IPD Attendance",CHC,36,13,Minimum,7,"T. M. Block","Sarsuna BPHC"
"IPD Attendance",PHC,73,62,Maximum,146,"Patharpratima Block","Gadamathura PHC"
"IPD Attendance",PHC,73,62,Minimum,6,"Namkhana Block","Narayanpur PHC"
"OPD attendance (All)",DH,2,0,Maximum,36737,"District HQ","M. R. Bangur"
"OPD attendance (All)",DH,2,0,Minimum,10915,"District HQ","Diamond Harbour DH"
"OPD attendance (All)",SDH,7,0,Maximum,28743,"District HQ","Canning SDH"
"OPD attendance (All)",SDH,7,0,Minimum,3827,"District HQ","Bijaygarh SGH"
"OPD attendance (All)",CHC,36,12,Maximum,14952,"Mograhat - II Block","Mograhat Rural Hosp"
"OPD attendance (All)",CHC,36,12,Minimum,1548,"Namkhana Block","Dwariknagar Rural Hosp"
"OPD attendance (All)",PHC,73,14,Maximum,6582,"Canning - II Block","Kuchitala PHC"
"OPD attendance (All)",PHC,73,14,Minimum,210,"Mathurapur - I Block","Ghatbakultala PHC"
"OPD attendance (All)",PHC,73,14,Minimum,210,"Sagore Block","Gangasagar PHC"
"OPD attendance (All)",SC,1068,143,Maximum,827,"Diamondhorbour - I Block",Panchagram
"OPD attendance (All)",SC,1068,143,Minimum,7,"Sagore Block",Bankimnagar
"Operation major (General and spinal anaesthesia)",DH,2,0,Maximum,385,"District HQ","M. R. Bangur"
"Operation major (General and spinal anaesthesia)",DH,2,0,Minimum,157,"District HQ","Diamond Harbour DH"
"Operation major (General and spinal anaesthesia)",SDH,7,1,Maximum,96,"District HQ","Vidyasagar SGH"
"Operation major (General and spinal anaesthesia)",SDH,7,1,Minimum,3,"District HQ","Bijaygarh SGH"
"Operation major (General and spinal anaesthesia)",CHC,36,35,Maximum,30,"Sonarpur Block","Sonarpur Rural Hosp."
"Operation major (General and spinal anaesthesia)",CHC,36,35,Minimum,30,"Sonarpur Block","Sonarpur Rural Hosp."
"Operation minor (No or local anaesthesia)",DH,2,0,Maximum,625,"District HQ","M. R. Bangur"
"Operation minor (No or local anaesthesia)",DH,2,0,Minimum,117,"District HQ","Diamond Harbour DH"
"Operation minor (No or local anaesthesia)",SDH,7,1,Maximum,116,"District HQ","Kakdwip SDH"
"Operation minor (No or local anaesthesia)",SDH,7,1,Minimum,9,"District HQ","Baghajatin SGH"
"Operation minor (No or local anaesthesia)",CHC,36,32,Maximum,23,"Sonarpur Block","Sonarpur Rural Hosp."
"Operation minor (No or local anaesthesia)",CHC,36,32,Minimum,3,"Budge Budge - I Block","Bayenjan Heria chorial Rural Hosp"
