Sl.No.,Subject,"No. of Questions asked","No. of Questions orally answered","No. of Supplementaries asked"
1,Academics,1,0,0
2,Books,2,2,12
3,Colleges,10,0,0
4,CBSE,2,0,0
5,"Education Policy",3,0,0
6,"Expenditure on Education",2,0,0
7,Fellowship/Scholarship,2,0,0
8,"Kendriya Vidyalaya",16,0,0
9,"Kendriya Vidyalaya Sangathan",5,0,0
10,Library,1,0,0
11,Literacy,8,0,0
12,"Madarsa Education",1,0,0
13,"Mid-day Meals",6,1,12
14,Minorities,2,0,0
15,"National Open School",1,0,0
16,"Navodaya Vidyalaya",6,0,0
17,NCERT,4,0,0
18,"Professional/Technical Ins.",4,0,0
19,Reservation,8,0,0
20,Schools,16,0,0
21,Teachers,15,0,0
22,"Tribal education",4,0,0
23,UGC,7,0,0
24,University,10,1,6
25,"Vocational Education",3,0,0
26,"Women and Children",26,0,0
TOTAL,TOTAL,165,4,30
