REGION_ID,MON_YEAR,REGION,STATE,SECTOR,CATEGORY,FUEL,UTILITY,STATION,"INSTALLED CAPACITY","PROGRAM GENERATION","ACTUAL GENERATION"
REG2,`Aug-15,WESTERN,"MADHYA PRADESH",STATE,HYDRO,HYDRO,MPPGCL,"BANSAGAR TONS-III  HPS",60,21,2
REG1,`Aug-15,NORTHERN,UTTARAKHAND,STATE,HYDRO,HYDRO,UJVNL,"CHILLA  HPS",144,83,79
REG1,`Aug-15,NORTHERN,"UTTAR PRADESH",CENTRAL,THERMAL,COAL,"NTPC Ltd.","DADRI (NCTPP)",1820,1099,913
REG3,`Aug-15,SOUTHERN,"TAMIL NADU",CENTRAL,NUCLEAR,NUCLEAR,NPCIL,"MADRAS  A.P.S.",440,126,302
REG1,`Aug-15,NORTHERN,UTTARAKHAND,STATE,HYDRO,HYDRO,UJVNL,"KULHAL  HPS",30,17,19
REG4,`Aug-15,EASTERN,BIHAR,CENTRAL,THERMAL,COAL,"NTPC Ltd.","MUZAFFARPUR TPS",415,106,54
REG3,`Aug-15,SOUTHERN,TELANGANA,STATE,HYDRO,HYDRO,TSGENCO,"NAGARJUN SGR  HPS",816,259,0
REG3,`Aug-15,SOUTHERN,KERALA,STATE,HYDRO,HYDRO,KSEB,"NARIAMANGLAM  HPS",70,48,44
REG1,`Aug-15,NORTHERN,"HIMACHAL PRADESH",CENTRAL,HYDRO,HYDRO,SJVNL,"NATHPA JHAKRI HPS",1500,1036,1085
REG3,`Aug-15,SOUTHERN,"TAMIL NADU",CENTRAL,THERMAL,LIGNITE,NLC,"NEYVELI TPS-II",1470,791,904
REG3,`Aug-15,SOUTHERN,"ANDHRA PRADESH","PRIVATE IPP",THERMAL,GAS,GVKP&IL,"JEGURUPADU CCPP",455,16,70
REG2,`Aug-15,WESTERN,"MADHYA PRADESH",STATE,THERMAL,COAL,MPPGCL,"AMARKANTAK EXT TPS",450,183,149
REG1,`Aug-15,NORTHERN,HARYANA,STATE,THERMAL,COAL,HPGCL,"PANIPAT TPS",1360,454,132
REG3,`Aug-15,SOUTHERN,"TAMIL NADU",STATE,HYDRO,HYDRO,TNGDCL,"PAPANASAM  HPS.",32,12,10
REG2,`Aug-15,WESTERN,MAHARASHTRA,STATE,THERMAL,COAL,MAHAGENCO,"PARAS TPS",500,258,292
REG2,`Aug-15,WESTERN,MAHARASHTRA,STATE,THERMAL,COAL,MAHAGENCO,"BHUSAWAL TPS",1420,535,385
REG1,`Aug-15,NORTHERN,"HIMACHAL PRADESH",CENTRAL,HYDRO,HYDRO,NHPC,"CHAMERA- II  HPS",300,200,218
REG3,`Aug-15,SOUTHERN,"TAMIL NADU",STATE,THERMAL,COAL,TNGDCL,"TUTICORIN TPS",1050,570,517
REG2,`Aug-15,WESTERN,GUJARAT,"PRIVATE IPP",THERMAL,GAS,ESSAR,"ESSAR CCPP",515,0,1
REG2,`Aug-15,WESTERN,"MADHYA PRADESH",STATE,HYDRO,HYDRO,MPPGCL,"BARGI  HPS",90,41,18
REG3,`Aug-15,SOUTHERN,KERALA,STATE,HYDRO,HYDRO,KSEB,"SABARIGIRI  HPS.",300,90,118
REG3,`Aug-15,SOUTHERN,"TAMIL NADU","PRIVATE IPP",THERMAL,DIESEL,SAMALPATI,"SAMALPATTI DG",106,9,4
REG4,`Aug-15,EASTERN,ORISSA,CENTRAL,THERMAL,COAL,"NTPC Ltd.","TALCHER STPS",3000,1593,1811
REG4,`Aug-15,EASTERN,SIKKIM,CENTRAL,HYDRO,HYDRO,NHPC,"TEESTA V HPS",510,355,371
REG2,`Aug-15,WESTERN,CHHATTISGARH,"PRIVATE IPP",THERMAL,COAL,JPL,"OP JINDAL TPS",1000,673,484
REG2,`Aug-15,WESTERN,"MADHYA PRADESH",CENTRAL,HYDRO,HYDRO,NHDC,"OMKARESHWAR  HPS",520,80,205
REG1,`Aug-15,NORTHERN,RAJASTHAN,CENTRAL,THERMAL,GAS,"NTPC Ltd.","ANTA CCPP",419,109,42
REG3,`Aug-15,SOUTHERN,KARNATAKA,STATE,HYDRO,HYDRO,KPCL,"KALINADI SUPA  HPS",100,19,63
REG5,`Aug-15,"NORTH EASTERN",ASSAM,CENTRAL,THERMAL,GAS,NEEPCO.,"KATHALGURI CCPP",291,153,1940
REG3,`Aug-15,SOUTHERN,KERALA,CENTRAL,THERMAL,NAPTHA,"NTPC Ltd.","R. GANDHI CCPP (Liq.)",360,44,19
REG4,`Aug-15,EASTERN,ORISSA,STATE,HYDRO,HYDRO,OHPC,"RENGALI  HPS.",250,133,147
REG3,`Aug-15,SOUTHERN,KARNATAKA,"PRIVATE IPP",THERMAL,COAL,JSWEL,"TORANGALLU TPS(SBU-II)",600,359,366
REG1,`Aug-15,NORTHERN,"HIMACHAL PRADESH","PRIVATE IPP",HYDRO,HYDRO,E.P.P.L.,"MALANA-II  HPS",100,70,74
REG2,`Aug-15,WESTERN,CHHATTISGARH,CENTRAL,THERMAL,COAL,"NTPC Ltd.","SIPAT STPS",2980,1446,1914
REG3,`Aug-15,SOUTHERN,"TAMIL NADU",STATE,THERMAL,GAS,TNGDCL,"VALUTHUR CCPP",186,96,65
REG1,`Aug-15,NORTHERN,RAJASTHAN,CENTRAL,THERMAL,LIGNITE,NLC,"BARSINGSAR LIGNITE",250,137,101
REG4,`Aug-15,EASTERN,JHARKHAND,STATE,THERMAL,COAL,TVNL,"TENUGHAT TPS",420,126,159
REG4,`Aug-15,EASTERN,"WEST BENGAL",STATE,HYDRO,HYDRO,WBSEDCL,"JALDHAKA  HPS ST-I",27,21,17
REG3,`Aug-15,SOUTHERN,KERALA,STATE,HYDRO,HYDRO,KSEB,"SHOLAYAR  HPS.",54,10,3
REG4,`Aug-15,EASTERN,"WEST BENGAL",STATE,THERMAL,COAL,WBPDC,"SAGARDIGHI TPS",600,404,190
REG1,`Aug-15,NORTHERN,RAJASTHAN,"PRIVATE IPP",THERMAL,LIGNITE,"RWPL (JSW)","JALIPA KAPURDI TPP",1080,651,529
REG2,`Aug-15,WESTERN,MAHARASHTRA,STATE,HYDRO,HYDRO,MAHAGENCO,"BHIRA TAIL RACE  HPS",80,12,10
REG4,`Aug-15,EASTERN,"WEST BENGAL",CENTRAL,HYDRO,HYDRO,NHPC,"TEESTA LOW DAM-III HPS",132,72,90
REG2,`Aug-15,WESTERN,GUJARAT,STATE,THERMAL,GAS,GSEGL,"HAZIRA CCPP EXT",351,0,0
REG2,`Aug-15,WESTERN,MAHARASHTRA,"PRIVATE IPP",HYDRO,HYDRO,DLHP,"BHANDARDHARA  HPS ST-II",34,7,11
REG4,`Aug-15,EASTERN,JHARKHAND,"PRIVATE IPP",THERMAL,COAL,ADHUNIK,"MAHADEV PRASAD STPP",540,161,201
REG2,`Aug-15,WESTERN,"MADHYA PRADESH",STATE,THERMAL,COAL,MPPGCL,"SHRI SINGHAJI TPP",1200,457,104
REG2,`Aug-15,WESTERN,"MADHYA PRADESH","PRIVATE IPP",THERMAL,COAL,JHAPL,"SEIONI TPP",0,0,0
REG2,`Aug-15,WESTERN,"MADHYA PRADESH","PRIVATE IPP",THERMAL,COAL,JPPVL,"NIGRI TPP",1320,173,422
REG2,`Aug-15,WESTERN,CHHATTISGARH,"PRIVATE IPP",THERMAL,COAL,SKS,"BINJKOTE TPP",0,0,0
REG2,`Aug-15,WESTERN,MAHARASHTRA,"PRIVATE IPP",THERMAL,COAL,IBPL,"AMARAVATI TPS",1350,176,589
REG2,`Aug-15,WESTERN,MAHARASHTRA,"PRIVATE IPP",THERMAL,COAL,IBPL,"NASIK (P) TPS",270,51,0
REG4,`Aug-15,EASTERN,BIHAR,CENTRAL,THERMAL,COAL,NTPCIR,"NABI NAGAR TPP",0,0,0
REG5,`Aug-15,"NORTH EASTERN",TRIPURA,CENTRAL,THERMAL,GAS,NEEPCO.,"MONARCHAK CCPP",65,0,9
REG2,`Aug-15,WESTERN,CHHATTISGARH,"PRIVATE IPP",THERMAL,COAL,ACB,"CHAKABURA TPP",30,17,20
REG2,`Aug-15,WESTERN,"MADHYA PRADESH","PRIVATE IPP",THERMAL,COAL,JPPVL,"BINA TPS",500,206,0
REG2,`Aug-15,WESTERN,CHHATTISGARH,"PRIVATE IPP",THERMAL,COAL,WPCL,"AKALTARA TPS",1200,340,475
REG1,`Aug-15,NORTHERN,PUNJAB,"PRIVATE IPP",THERMAL,COAL,"GPGSL (GVK)","GOINDWAL SAHIB",0,0,0
REG2,`Aug-15,WESTERN,MAHARASHTRA,CENTRAL,THERMAL,COAL,"NTPC Ltd.","MAUDA TPS",1000,359,162
REG1,`Aug-15,NORTHERN,PUNJAB,"PRIVATE IPP",THERMAL,COAL,NPL,"RAJPURA TPP",1400,683,786
REG3,`Aug-15,SOUTHERN,KERALA,"PRIVATE IPP",THERMAL,NAPTHA,BSES(C),"COCHIN CCPP (Liq.)",174,4,0
REG4,`Aug-15,EASTERN,"WEST BENGAL",STATE,THERMAL,COAL,DPL,"D.P.L. TPS",880,159,138
REG2,`Aug-15,WESTERN,MAHARASHTRA,PRIVATE,THERMAL,COAL,"RIL (DAHANU)","DAHANU TPS",500,372,355
REG1,`Aug-15,NORTHERN,RAJASTHAN,STATE,THERMAL,COAL,RRVUNL,"KOTA TPS",1240,772,629
REG3,`Aug-15,SOUTHERN,TELANGANA,STATE,THERMAL,COAL,TSGENCO,"KOTHAGUDEM TPS",720,418,385
REG2,`Aug-15,WESTERN,GUJARAT,STATE,THERMAL,LIGNITE,GSECL,"KUTCH LIG. TPS",290,158,107
REG5,`Aug-15,"NORTH EASTERN",MEGHALAYA,STATE,HYDRO,HYDRO,MeECL,"KYRDEMKULAI  HPS.",60,17,15
REG3,`Aug-15,SOUTHERN,"ANDHRA PRADESH",STATE,HYDRO,HYDRO,APGENCO,"NAGARJUN SGR RBC   HPS",90,14,0
REG5,`Aug-15,"NORTH EASTERN",ASSAM,STATE,THERMAL,GAS,APGPCL,"NAMRUP CCPP",119,39,45
REG2,`Aug-15,WESTERN,MAHARASHTRA,STATE,THERMAL,COAL,MAHAGENCO,"PARLI TPS",1130,405,0
REG3,`Aug-15,SOUTHERN,"TAMIL NADU",CENTRAL,THERMAL,LIGNITE,NLC,"NEYVELI ( EXT) TPS",420,282,307
REG5,`Aug-15,"NORTH EASTERN",MANIPUR,STATE,THERMAL,DIESEL,"ED, Manipur","LEIMAKHONG DG",36,0,0
REG5,`Aug-15,"NORTH EASTERN",MANIPUR,CENTRAL,HYDRO,HYDRO,NHPC,"LOKTAK  HPS.",105,55,74
REG3,`Aug-15,SOUTHERN,"TAMIL NADU",STATE,HYDRO,HYDRO,TNGDCL,"ALIYAR  HPS.",60,20,10
REG1,`Aug-15,NORTHERN,PUNJAB,STATE,HYDRO,HYDRO,PSPCL,"ANANDPUR SAHIB HPS",134,82,90
REG1,`Aug-15,NORTHERN,PUNJAB,STATE,THERMAL,COAL,PSPCL,"ROPAR TPS",1260,632,541
REG3,`Aug-15,SOUTHERN,"ANDHRA PRADESH","PRIVATE IPP",THERMAL,GAS,BSES(P),"PEDDAPURAM CCPP",220,20,0
REG2,`Aug-15,WESTERN,GUJARAT,CENTRAL,THERMAL,GAS,"NTPC Ltd.","GANDHAR CCPP",657,149,95
REG2,`Aug-15,WESTERN,MAHARASHTRA,PRIVATE,HYDRO,HYDRO,"TATA MAH.","BHIVPURI  HPS",75,5,6
REG4,`Aug-15,EASTERN,"WEST BENGAL",PRIVATE,THERMAL,COAL,CESC,"TITAGARH TPS",240,130,68
REG2,`Aug-15,WESTERN,MAHARASHTRA,PRIVATE,THERMAL,COAL,"TATA PCL","TROMBAY TPS",1400,395,529
REG2,`Aug-15,WESTERN,GUJARAT,STATE,THERMAL,COAL,GSECL,"UKAI TPS",1350,305,322
REG5,`Aug-15,"NORTH EASTERN",MEGHALAYA,STATE,HYDRO,HYDRO,MeECL,"UMIAM HPS ST-IV",60,28,27
REG3,`Aug-15,SOUTHERN,"ANDHRA PRADESH",STATE,THERMAL,COAL,APGENCO,"Dr. N.TATA RAO TPS",1760,1031,1062
REG1,`Aug-15,NORTHERN,DELHI,STATE,THERMAL,COAL,IPGPCL,"RAJGHAT TPS",135,36,0
REG2,`Aug-15,WESTERN,"MADHYA PRADESH",STATE,HYDRO,HYDRO,MPPGCL,"RAJGHAT  HPS",45,8,8
REG1,`Aug-15,NORTHERN,HARYANA,CENTRAL,THERMAL,GAS,"NTPC Ltd.","FARIDABAD CCPP",432,102,176
REG1,`Aug-15,NORTHERN,RAJASTHAN,CENTRAL,NUCLEAR,NUCLEAR,DAE,"DAE (RAJASTHAN)",100,0,0
REG4,`Aug-15,EASTERN,"WEST BENGAL",STATE,THERMAL,COAL,WBPDC,"SANTALDIH TPS",980,306,255
REG3,`Aug-15,SOUTHERN,TELANGANA,STATE,HYDRO,HYDRO,TSGENCO,"SRISAILAM LB  HPS",900,329,2
REG5,`Aug-15,"NORTH EASTERN",ASSAM,STATE,HYDRO,HYDRO,APGPCL,"KARBI LANGPI  HPS.",100,74,37
REG1,`Aug-15,NORTHERN,UTTARAKHAND,CENTRAL,HYDRO,HYDRO,THDC,"TEHRI ST-1  HPS",1000,346,557
REG3,`Aug-15,SOUTHERN,"TAMIL NADU","PRIVATE IPP",THERMAL,GAS,PPNPGCL,"P.NALLUR CCPP",331,9,32
REG4,`Aug-15,EASTERN,"ANDAMAN NICOBAR",STATE,THERMAL,DIESEL,"A&N ADM","AND. NICOBAR DG",40,13,7
REG2,`Aug-15,WESTERN,GUJARAT,"PRIVATE IPP",THERMAL,COAL,APL,"MUNDRA TPS",4620,2725,2569
REG2,`Aug-15,WESTERN,GUJARAT,"PRIVATE IPP",THERMAL,GAS,"TOR. POW. (SUGEN)","SUGEN CCPP",1148,199,391
REG1,`Aug-15,NORTHERN,"JAMMU AND KASHMIR",CENTRAL,HYDRO,HYDRO,NHPC,"SEWA-II  HPS",120,69,66
REG1,`Aug-15,NORTHERN,"UTTAR PRADESH",STATE,THERMAL,COAL,UPRVUNL,"HARDUAGANJ TPS",665,381,376
REG2,`Aug-15,WESTERN,CHHATTISGARH,STATE,HYDRO,HYDRO,CSPGCL,"HASDEOBANGO  HPS",120,50,71
REG4,`Aug-15,EASTERN,ORISSA,STATE,HYDRO,HYDRO,OHPC,"UPPER KOLAB  HPS.",320,111,60
REG2,`Aug-15,WESTERN,MAHARASHTRA,STATE,HYDRO,HYDRO,MAHAGENCO,"GHATGHAR  PSS  HPS",250,35,21
REG3,`Aug-15,SOUTHERN,"TAMIL NADU",CENTRAL,THERMAL,LIGNITE,NLC,"NEYVELI TPS-II EXP",500,171,192
REG3,`Aug-15,SOUTHERN,KERALA,STATE,HYDRO,HYDRO,KSEB,"KUTTIYADI ADDL. EXTN.",100,0,0
REG3,`Aug-15,SOUTHERN,"ANDHRA PRADESH",STATE,HYDRO,HYDRO,APGENCO,"NAGARJUN SGR  TPD",0,18,0
REG1,`Aug-15,NORTHERN,DELHI,STATE,THERMAL,GAS,IPGPCL,"PRAGATI CCGT-III",1500,170,0
REG1,`Aug-15,NORTHERN,"HIMACHAL PRADESH",CENTRAL,HYDRO,HYDRO,SJVNL,"RAMPUR HPS",412,190,291
REG1,`Aug-15,NORTHERN,UTTARAKHAND,"PRIVATE IPP",HYDRO,HYDRO,"AHPC (GVK)","SRINAGAR HPS",330,233,242
REG5,`Aug-15,"NORTH EASTERN",TRIPURA,CENTRAL,THERMAL,GAS,ONGC,"TRIPURA CCPP",727,434,303
REG2,`Aug-15,WESTERN,CHHATTISGARH,"PRIVATE IPP",THERMAL,COAL,JPL,"TAMNAR TPP",2400,319,385
REG3,`Aug-15,SOUTHERN,"ANDHRA PRADESH","PRIVATE IPP",THERMAL,GAS,KONDAPALI,"KONDAPALLI ST-3 CCPP",371,0,28
REG1,`Aug-15,NORTHERN,"UTTAR PRADESH","PRIVATE IPP",THERMAL,COAL,BEPL,"KUNDARKI TPS",90,57,43
REG1,`Aug-15,NORTHERN,"UTTAR PRADESH","PRIVATE IPP",THERMAL,COAL,BEPL,"MAQSOODPUR TPS",90,62,50
REG1,`Aug-15,NORTHERN,"HIMACHAL PRADESH",STATE,HYDRO,HYDRO,HPPCL,KASHANG-I,0,0,0
REG2,`Aug-15,WESTERN,CHHATTISGARH,"PRIVATE IPP",THERMAL,COAL,VESPL,"KATGHORA TPP",35,0,0
REG1,`Aug-15,NORTHERN,"HIMACHAL PRADESH",CENTRAL,HYDRO,HYDRO,NHPC,"PARBATI-III HPS",520,116,152
REG4,`Aug-15,EASTERN,ORISSA,"PRIVATE IPP",THERMAL,COAL,"GMR ENERG","KAMALANGA TPS",1050,380,624
REG1,`Aug-15,NORTHERN,"UTTAR PRADESH","PRIVATE IPP",THERMAL,COAL,BEPL,"BARKHERA TPS",90,62,63
REG2,`Aug-15,WESTERN,"MADHYA PRADESH",STATE,HYDRO,HYDRO,MPPGCL,"BANSAGAR TONS-1  HPS",315,110,68
REG2,`Aug-15,WESTERN,"MADHYA PRADESH",CENTRAL,THERMAL,COAL,"NTPC Ltd.","VINDHYACHAL STPS",4260,2155,2281
REG1,`Aug-15,NORTHERN,"HIMACHAL PRADESH","PRIVATE IPP",HYDRO,HYDRO,JHPL,"BASPA  HPS",300,227,237
REG1,`Aug-15,NORTHERN,RAJASTHAN,STATE,THERMAL,GAS,RRVUNL,"DHOLPUR CCPP",330,67,39
REG2,`Aug-15,WESTERN,MAHARASHTRA,STATE,THERMAL,COAL,MAHAGENCO,"KORADI TPS",1700,90,221
REG3,`Aug-15,SOUTHERN,"TAMIL NADU",STATE,HYDRO,HYDRO,TNGDCL,"KUNDAH  HPS.",555,155,77
REG3,`Aug-15,SOUTHERN,KARNATAKA,"PRIVATE IPP",THERMAL,DIESEL,BELLARY,"BELLARY DG",25,0,0
REG1,`Aug-15,NORTHERN,"UTTAR PRADESH",CENTRAL,NUCLEAR,NUCLEAR,NPCIL,"NARORA  A.P.S.",440,251,307
REG3,`Aug-15,SOUTHERN,TELANGANA,STATE,HYDRO,HYDRO,TSGENCO,"NAGARJUN SGR  LBC  HPS",60,7,0
REG3,`Aug-15,SOUTHERN,KARNATAKA,CENTRAL,NUCLEAR,NUCLEAR,NPCIL,KAIGA,880,562,471
REG1,`Aug-15,NORTHERN,"HIMACHAL PRADESH",CENTRAL,HYDRO,HYDRO,NHPC,"BAIRA SIUL  HPS",180,95,98
REG5,`Aug-15,"NORTH EASTERN",NAGALAND,CENTRAL,HYDRO,HYDRO,NEEPCO.,"DOYANG  HPS.",75,48,46
REG4,`Aug-15,EASTERN,ORISSA,STATE,HYDRO,HYDRO,OHPC,"HIRAKUD HPS",348,140,115
REG4,`Aug-15,EASTERN,ORISSA,STATE,THERMAL,COAL,OPGC,"IB VALLEY TPS",420,278,267
REG1,`Aug-15,NORTHERN,DELHI,STATE,THERMAL,GAS,IPGPCL,"PRAGATI CCPP",330,213,139
REG2,`Aug-15,WESTERN,GUJARAT,STATE,HYDRO,HYDRO,SSNNL,"S SAROVAR RBPH  HPS",1200,638,732
REG3,`Aug-15,SOUTHERN,"TAMIL NADU","PRIVATE IPP",THERMAL,DIESEL,"MADURAI P","SAMAYANALLUR DG",106,9,5
REG2,`Aug-15,WESTERN,GUJARAT,"PRIVATE IPP",THERMAL,GAS,GIPCL,"BARODA CCPP",160,3,9
REG2,`Aug-15,WESTERN,"MADHYA PRADESH",STATE,THERMAL,COAL,MPPGCL,"SATPURA TPS",1330,486,237
REG3,`Aug-15,SOUTHERN,"ANDHRA PRADESH",CENTRAL,THERMAL,COAL,"NTPC Ltd.",SIMHADRI,2000,1033,1323
REG3,`Aug-15,SOUTHERN,"ANDHRA PRADESH","PRIVATE IPP",THERMAL,GAS,"GMR ENERG","GMR Energy Ltd - Kakinada",220,0,0
REG3,`Aug-15,SOUTHERN,"ANDHRA PRADESH","PRIVATE IPP",THERMAL,GAS,SPGL,"GODAVARI CCPP",208,76,51
REG3,`Aug-15,SOUTHERN,"ANDHRA PRADESH","PRIVATE IPP",THERMAL,GAS,KONDAPALI,"KONDAPALLI  EXTN CCPP .",366,42,236
REG1,`Aug-15,NORTHERN,"HIMACHAL PRADESH",STATE,HYDRO,HYDRO,HPSEB,"GIRI BATA HPS",60,40,39
REG1,`Aug-15,NORTHERN,"JAMMU AND KASHMIR",CENTRAL,HYDRO,HYDRO,NHPC,"URI-I HPS",480,280,320
REG3,`Aug-15,SOUTHERN,"TAMIL NADU",STATE,HYDRO,HYDRO,TNGDCL,"PARSON`S VALLEY  HPS.",30,7,2
REG5,`Aug-15,"NORTH EASTERN",MEGHALAYA,CENTRAL,HYDRO,HYDRO,NEEPCO.,"KHONDONG  HPS.",50,28,32
REG2,`Aug-15,WESTERN,CHHATTISGARH,"PRIVATE IPP",THERMAL,COAL,LANCO,"PATHADI TPP",600,99,123
REG1,`Aug-15,NORTHERN,UTTARAKHAND,CENTRAL,HYDRO,HYDRO,THDC,"KOTESHWAR HPS",400,136,198
REG4,`Aug-15,EASTERN,SIKKIM,"PRIVATE IPP",HYDRO,HYDRO,GIL,"CHUZACHEN HPS",99,73,80
REG4,`Aug-15,EASTERN,ORISSA,"PRIVATE IPP",THERMAL,COAL,SEL,"STERLITE TPP",2400,712,504
REG3,`Aug-15,SOUTHERN,KARNATAKA,"PRIVATE IPP",THERMAL,COAL,UPCL,"UDUPI TPP",1200,597,221
REG1,`Aug-15,NORTHERN,"JAMMU AND KASHMIR",STATE,HYDRO,HYDRO,JKSPDC,"BAGLIHAR  HPS",450,334,335
REG1,`Aug-15,NORTHERN,"HIMACHAL PRADESH","PRIVATE IPP",HYDRO,HYDRO,JKHCL,"KARCHAM WANGTOO HPS",1000,772,816
REG4,`Aug-15,EASTERN,SIKKIM,"PRIVATE IPP",HYDRO,HYDRO,TUL,"TEESTA-III HPS",0,0,0
REG3,`Aug-15,SOUTHERN,"ANDHRA PRADESH","PRIVATE IPP",THERMAL,COAL,TPCIL,"PAINAMPURAM TPP",660,370,323
REG4,`Aug-15,EASTERN,JHARKHAND,"PRIVATE IPP",THERMAL,COAL,CPL,"MAITRISHI USHA TPS",0,0,0
REG3,`Aug-15,SOUTHERN,"ANDHRA PRADESH",STATE,HYDRO,HYDRO,APGENCO,"NAGARJUN SGR RBC EXTN. HPS",0,0,0
REG3,`Aug-15,SOUTHERN,"ANDHRA PRADESH",STATE,HYDRO,HYDRO,APGENCO,"LOWER JURALA HPS",0,50,0
REG2,`Aug-15,WESTERN,CHHATTISGARH,"PRIVATE IPP",THERMAL,COAL,SCPL,"RATIJA TPS",50,25,9
REG2,`Aug-15,WESTERN,MAHARASHTRA,"PRIVATE IPP",THERMAL,COAL,GEPL,"GEPL TPP Ph-I",120,0,0
REG3,`Aug-15,SOUTHERN,KARNATAKA,STATE,THERMAL,COAL,KPCL,"YERMARUS TPP",0,0,0
REG5,`Aug-15,"NORTH EASTERN",TRIPURA,STATE,THERMAL,GAS,TSECL,"BARAMURA GT",59,30,19
REG3,`Aug-15,SOUTHERN,"TAMIL NADU",STATE,THERMAL,NAPTHA,TNGDCL,"BASIN BRIDGE GT (Liq.)",120,0,1
REG4,`Aug-15,EASTERN,"WEST BENGAL",STATE,HYDRO,HYDRO,WBSEDCL,"RAMMAM  HPS.",50,33,38
REG5,`Aug-15,"NORTH EASTERN","ARUNACHAL PRADESH",CENTRAL,HYDRO,HYDRO,NEEPCO.,"RANGANADI  HPS.",405,180,233
REG1,`Aug-15,NORTHERN,UTTARAKHAND,STATE,HYDRO,HYDRO,UJVNL,"CHIBRO (YAMUNA)  HPS",240,111,130
REG1,`Aug-15,NORTHERN,UTTARAKHAND,CENTRAL,HYDRO,HYDRO,NHPC,"DHAULI GANGA  HPS",280,190,196
REG2,`Aug-15,WESTERN,GUJARAT,STATE,THERMAL,GAS,GSECL,"DHUVARAN CCPP",595,15,21
REG4,`Aug-15,EASTERN,ORISSA,STATE,HYDRO,HYDRO,OHPC,"MACHKUND  HPS",115,41,32
REG1,`Aug-15,NORTHERN,"UTTAR PRADESH",STATE,THERMAL,COAL,UPRVUNL,"PARICHHA TPS",1140,675,572
REG1,`Aug-15,NORTHERN,UTTARAKHAND,STATE,HYDRO,HYDRO,UJVNL,"KHATIMA  HPS",41,14,14
REG1,`Aug-15,NORTHERN,UTTARAKHAND,STATE,HYDRO,HYDRO,UJVNL,"RAMGANGA  HPS",198,21,92
REG3,`Aug-15,SOUTHERN,KARNATAKA,STATE,HYDRO,HYDRO,KPCL,"KODASALI  HPS",120,45,45
REG4,`Aug-15,EASTERN,"WEST BENGAL",STATE,THERMAL,COAL,WBPDC,"KOLAGHAT TPS",1260,618,515
REG2,`Aug-15,WESTERN,MAHARASHTRA,STATE,HYDRO,HYDRO,MAHAGENCO,"KOYNA-II  HPS",320,0,40
REG2,`Aug-15,WESTERN,MAHARASHTRA,STATE,HYDRO,HYDRO,MAHAGENCO,"KOYNA-IV  HPS",1000,75,34
REG3,`Aug-15,SOUTHERN,KERALA,STATE,HYDRO,HYDRO,KSEB,"KUTTIYADI  HPS.",125,103,52
REG4,`Aug-15,EASTERN,BIHAR,CENTRAL,THERMAL,COAL,"NTPC Ltd.","KAHALGAON TPS",2340,1105,1139
REG5,`Aug-15,"NORTH EASTERN",ASSAM,STATE,THERMAL,GAS,APGPCL,"LAKWA GT",157,72,78
REG3,`Aug-15,SOUTHERN,KARNATAKA,STATE,HYDRO,HYDRO,KPCL,"ALMATTI DPH  HPS",290,123,47
REG1,`Aug-15,NORTHERN,"HIMACHAL PRADESH",CENTRAL,HYDRO,HYDRO,NHPC,"CHAMERA- I  HPS",540,368,400
REG3,`Aug-15,SOUTHERN,KARNATAKA,"PRIVATE IPP",THERMAL,COAL,JSWEL,"TORANGALLU TPS(SBU-I)",260,180,193
REG2,`Aug-15,WESTERN,GUJARAT,PRIVATE,THERMAL,COAL,"TOR. POW. (UNOSUGEN)","SABARMATI (D-F STATIONS)",362,260,199
REG3,`Aug-15,SOUTHERN,"ANDHRA PRADESH","PRIVATE IPP",THERMAL,GAS,VEMAGIRI,"VEMAGIRI CCPP",370,0,76
REG3,`Aug-15,SOUTHERN,"TAMIL NADU",STATE,HYDRO,HYDRO,TNGDCL,"BHAWANI KATTAL",30,10,16
REG3,`Aug-15,SOUTHERN,"TAMIL NADU",STATE,HYDRO,HYDRO,TNGDCL,"PERIYAR  HPS.",140,55,59
REG3,`Aug-15,SOUTHERN,KERALA,STATE,HYDRO,HYDRO,KSEB,"PORINGALKUTTU  HPS.",32,21,18
REG3,`Aug-15,SOUTHERN,KARNATAKA,STATE,THERMAL,COAL,KPCL,"RAICHUR TPS",1720,796,851
REG2,`Aug-15,WESTERN,"MADHYA PRADESH",STATE,THERMAL,COAL,MPPGCL,"SANJAY GANDHI TPS",1340,523,434
REG3,`Aug-15,SOUTHERN,KARNATAKA,STATE,HYDRO,HYDRO,KPCL,"T B   DAM  HPS",36,0,14
REG5,`Aug-15,"NORTH EASTERN",ASSAM,STATE,THERMAL,"MULTI FUEL",APGPCL,"CHANDRAPUR(ASSAM) TPS",60,0,0
REG3,`Aug-15,SOUTHERN,"TAMIL NADU",STATE,HYDRO,HYDRO,TNGDCL,"METTUR TUNNEL  HPS.",200,57,59
REG2,`Aug-15,WESTERN,MAHARASHTRA,CENTRAL,THERMAL,GAS,RGPPL,"RATNAGIRI CCPP II",740,0,0
REG3,`Aug-15,SOUTHERN,"TAMIL NADU",STATE,HYDRO,HYDRO,TNGDCL,"SARKARPATHY  HPS.",30,13,0
REG3,`Aug-15,SOUTHERN,KARNATAKA,STATE,HYDRO,HYDRO,KPCL,"SHARAVATHI  HPS",1035,442,455
REG2,`Aug-15,WESTERN,GUJARAT,STATE,THERMAL,COAL,GSECL,"SIKKA REP. TPS",490,30,101
REG4,`Aug-15,EASTERN,"WEST BENGAL",PRIVATE,THERMAL,COAL,CESC,"SOUTHERN REPL. TPS",135,68,73
REG1,`Aug-15,NORTHERN,RAJASTHAN,STATE,THERMAL,COAL,RRVUNL,"SURATGARH TPS",1500,826,521
REG1,`Aug-15,NORTHERN,"UTTAR PRADESH",CENTRAL,THERMAL,COAL,"NTPC Ltd.","TANDA TPS",440,251,222
REG3,`Aug-15,SOUTHERN,"TAMIL NADU",STATE,THERMAL,COAL,TNGDCL,"METTUR TPS",1440,817,818
REG3,`Aug-15,SOUTHERN,"TAMIL NADU",STATE,HYDRO,HYDRO,TNGDCL,"METTUR DAM  HPS.",50,9,14
REG3,`Aug-15,SOUTHERN,"TAMIL NADU",STATE,HYDRO,HYDRO,TNGDCL,"MOYAR  HPS",36,15,5
REG1,`Aug-15,NORTHERN,"UTTAR PRADESH",STATE,HYDRO,HYDRO,UPJVNL,"KHARA  HPS",72,44,40
REG2,`Aug-15,WESTERN,GUJARAT,"PRIVATE IPP",THERMAL,GAS,"GPE CORP","PEGUTHAN CCPP",655,25,68
REG2,`Aug-15,WESTERN,GOA,"PRIVATE IPP",THERMAL,NAPTHA,RELIANCE,"GOA CCPP (Liq.)",48,0,0
REG2,`Aug-15,WESTERN,MAHARASHTRA,STATE,HYDRO,HYDRO,MAHAGENCO,"KOYNA DPH  HPS",36,15,6
REG1,`Aug-15,NORTHERN,PUNJAB,STATE,THERMAL,COAL,PSPCL,"GND TPS(BHATINDA)",440,168,91
REG3,`Aug-15,SOUTHERN,TELANGANA,STATE,HYDRO,HYDRO,TSGENCO,"POCHAMPAD  HPS",27,8,0
REG1,`Aug-15,NORTHERN,DELHI,"PRIVATE IPP",THERMAL,GAS,NDPL,"RITHALA CCPP",108,0,0
REG2,`Aug-15,WESTERN,MAHARASHTRA,STATE,HYDRO,HYDRO,MAHAGENCO,"VAITARNA  HPS",60,0,1
REG3,`Aug-15,SOUTHERN,KARNATAKA,STATE,HYDRO,HYDRO,KPCL,"GHAT PRABHA  HPS",32,14,2
REG2,`Aug-15,WESTERN,"MADHYA PRADESH",STATE,HYDRO,HYDRO,MPPGCL,"MADHIKHERA  HPS",60,23,15
REG3,`Aug-15,SOUTHERN,TELANGANA,STATE,THERMAL,COAL,TSGENCO,"KOTHAGUDEM TPS (NEW)",1000,587,592
REG1,`Aug-15,NORTHERN,"JAMMU AND KASHMIR",CENTRAL,HYDRO,HYDRO,NHPC,"URI-II HPS",240,103,160
REG2,`Aug-15,WESTERN,MAHARASHTRA,"PRIVATE IPP",THERMAL,COAL,WPCL,"WARDHA WARORA TPP",540,101,124
REG3,`Aug-15,SOUTHERN,"ANDHRA PRADESH","PRIVATE IPP",THERMAL,COAL,HNPC,"VIZAG TPP",0,0,0
REG4,`Aug-15,EASTERN,BIHAR,CENTRAL,THERMAL,COAL,"NTPC Ltd.","BARH II",1320,385,351
REG2,`Aug-15,WESTERN,MAHARASHTRA,"PRIVATE IPP",THERMAL,COAL,AMNEPL,"MIHAN TPS",246,0,0
REG3,`Aug-15,SOUTHERN,"ANDHRA PRADESH",STATE,HYDRO,HYDRO,APGENCO,"PULICHINTALA HPS",0,0,0
REG1,`Aug-15,NORTHERN,"UTTAR PRADESH","PRIVATE IPP",THERMAL,COAL,BEPL,"UTRAULA TPS",90,41,60
REG2,`Aug-15,WESTERN,CHHATTISGARH,"PRIVATE IPP",THERMAL,COAL,KWPCL,"AVANTHA BHANDAR",600,85,0
REG2,`Aug-15,WESTERN,CHHATTISGARH,"PRIVATE IPP",THERMAL,COAL,GCEL,"RAIKHEDA TPP",685,0,0
REG2,`Aug-15,WESTERN,MAHARASHTRA,"PRIVATE IPP",THERMAL,COAL,EEL,"EMCO WARORA TPS",600,325,385
REG4,`Aug-15,EASTERN,"WEST BENGAL",STATE,THERMAL,COAL,WBPDC,"BAKRESWAR TPS",1050,551,511
REG4,`Aug-15,EASTERN,ORISSA,STATE,HYDRO,HYDRO,OHPC,"BALIMELA  HPS.",510,143,76
REG4,`Aug-15,EASTERN,"WEST BENGAL",STATE,THERMAL,COAL,WBPDC,"BANDEL TPS",450,127,44
REG1,`Aug-15,NORTHERN,"HIMACHAL PRADESH",STATE,HYDRO,HYDRO,HPSEB,"BASSI  HPS",60,47,48
REG4,`Aug-15,EASTERN,SIKKIM,CENTRAL,HYDRO,HYDRO,NHPC,"RANGIT HPS",60,42,43
REG1,`Aug-15,NORTHERN,UTTARAKHAND,STATE,HYDRO,HYDRO,UJVNL,"DHALIPUR  HPS",51,26,29
REG3,`Aug-15,SOUTHERN,"TAMIL NADU",STATE,HYDRO,HYDRO,TNGDCL,"LOWER METTUR  HPS.",120,42,37
REG1,`Aug-15,NORTHERN,RAJASTHAN,STATE,HYDRO,HYDRO,RRVUNL,"MAHI BAJAJ  HPS",140,0,42
REG1,`Aug-15,NORTHERN,UTTARAKHAND,STATE,HYDRO,HYDRO,UJVNL,"KHODRI  HPS",120,48,56
REG2,`Aug-15,WESTERN,MAHARASHTRA,PRIVATE,HYDRO,HYDRO,"TATA MAH.","KHOPOLI  HPS",72,15,22
REG3,`Aug-15,SOUTHERN,"TAMIL NADU",STATE,THERMAL,GAS,TNGDCL,"KOVIKALPAL CCPP",107,32,37
REG3,`Aug-15,SOUTHERN,KERALA,STATE,HYDRO,HYDRO,KSEB,"IDAMALAYAR  HPS.",75,27,32
REG3,`Aug-15,SOUTHERN,"TAMIL NADU",STATE,THERMAL,GAS,TNGDCL,"KUTTALAM CCPP",100,42,49
REG3,`Aug-15,SOUTHERN,KARNATAKA,"PRIVATE IPP",THERMAL,DIESEL,"TATA PCL","BELGAUM DG",114,0,0
REG3,`Aug-15,SOUTHERN,KARNATAKA,STATE,HYDRO,HYDRO,KPCL,"BHADRA  HPS",39,11,8
REG4,`Aug-15,EASTERN,ORISSA,"PRIVATE IPP",THERMAL,COAL,NALCO,"NALCO IMP",0,21,21
REG3,`Aug-15,SOUTHERN,"TAMIL NADU",CENTRAL,THERMAL,LIGNITE,NLC,"NEYVELI TPS- I",600,285,211
REG2,`Aug-15,WESTERN,"MADHYA PRADESH",CENTRAL,HYDRO,HYDRO,NHDC,"INDIRA SAGAR  HPS",1000,155,412
REG1,`Aug-15,NORTHERN,RAJASTHAN,STATE,HYDRO,HYDRO,RRVUNL,"JAWAHAR SAGAR  HPS",99,0,45
REG5,`Aug-15,"NORTH EASTERN",TRIPURA,CENTRAL,THERMAL,GAS,NEEPCO.,"AGARTALA GT",110,49,63
REG1,`Aug-15,NORTHERN,"UTTAR PRADESH",CENTRAL,THERMAL,GAS,"NTPC Ltd.","AURAIYA CCPP",663,161,162
REG2,`Aug-15,WESTERN,GUJARAT,STATE,THERMAL,COAL,GSECL,"GANDHI NAGAR TPS",870,209,159
REG2,`Aug-15,WESTERN,GUJARAT,PRIVATE,THERMAL,COAL,"TOR. POW. (UNOSUGEN)","SABARMATI (C STATION)",60,36,0
REG2,`Aug-15,WESTERN,MAHARASHTRA,PRIVATE,THERMAL,GAS,"TATA PCL","TROMBAY CCPP",180,96,57
REG3,`Aug-15,SOUTHERN,"ANDHRA PRADESH","PRIVATE IPP",THERMAL,GAS,APGCL,"VIJESWARAN CCPP",272,43,64
REG3,`Aug-15,SOUTHERN,TELANGANA,STATE,HYDRO,HYDRO,TSGENCO,"PRIYADARSHNI  JURALA  HPS",234,80,0
REG3,`Aug-15,SOUTHERN,"TAMIL NADU",STATE,HYDRO,HYDRO,TNGDCL,"PYKARA  HPS.",59,12,3
REG3,`Aug-15,SOUTHERN,"TAMIL NADU",STATE,HYDRO,HYDRO,TNGDCL,"PYKARA ULTMATE  HPS.",150,34,14
REG1,`Aug-15,NORTHERN,RAJASTHAN,CENTRAL,NUCLEAR,NUCLEAR,NPCIL,"RAJASTHAN  A.P.S.",1080,532,705
REG2,`Aug-15,WESTERN,GUJARAT,STATE,HYDRO,HYDRO,SSNNL,"S SAROVAR CHPH  HPS",250,28,84
REG1,`Aug-15,NORTHERN,"HIMACHAL PRADESH",STATE,HYDRO,HYDRO,HPSEB,"SANJAY  HPS",120,0,0
REG1,`Aug-15,NORTHERN,"UTTAR PRADESH",CENTRAL,THERMAL,COAL,"NTPC Ltd.","SINGRAULI STPS",2000,1118,1376
REG4,`Aug-15,EASTERN,"WEST BENGAL",STATE,THERMAL,"HIGH SPEED DIESEL",WBPDC,"HALDIA GT (Liq.)",40,0,0
REG3,`Aug-15,SOUTHERN,KARNATAKA,STATE,HYDRO,HYDRO,KPCL,"SIVASAMUNDRUM  HPS",42,29,25
REG3,`Aug-15,SOUTHERN,PUDUCHERRY,STATE,THERMAL,GAS,"P&ED, Pudu.","KARAIKAL CCPP",33,22,21
REG4,`Aug-15,EASTERN,"WEST BENGAL",STATE,THERMAL,"HIGH SPEED DIESEL",WBPDC,"KASBA GT (Liq.)",40,0,0
REG2,`Aug-15,WESTERN,GUJARAT,CENTRAL,THERMAL,GAS,"NTPC Ltd.","KAWAS CCPP",656,157,138
REG1,`Aug-15,NORTHERN,"UTTAR PRADESH",CENTRAL,THERMAL,COAL,"NTPC Ltd.","UNCHAHAR TPS",1050,702,639
REG3,`Aug-15,SOUTHERN,KARNATAKA,STATE,HYDRO,HYDRO,KPCL,"VARAHI  HPS",460,95,73
REG3,`Aug-15,SOUTHERN,KARNATAKA,STATE,HYDRO,HYDRO,KPCL,"GERUSUPPA  HPS",240,64,48
REG2,`Aug-15,WESTERN,GUJARAT,STATE,THERMAL,GAS,GSECL,"UTRAN CCPP",518,0,37
REG1,`Aug-15,NORTHERN,RAJASTHAN,STATE,THERMAL,LIGNITE,RRVUNL,"GIRAL TPS",250,19,23
REG3,`Aug-15,SOUTHERN,"ANDHRA PRADESH",STATE,HYDRO,HYDRO,APGENCO,"UPPER SILERU  HPS",240,37,44
REG3,`Aug-15,SOUTHERN,TELANGANA,STATE,THERMAL,COAL,TSGENCO,"RAMAGUNDEM - B TPS",63,31,33
REG3,`Aug-15,SOUTHERN,KARNATAKA,STATE,HYDRO,HYDRO,KPCL,"MUNIRABAD  HPS",28,18,14
REG3,`Aug-15,SOUTHERN,KERALA,STATE,HYDRO,HYDRO,KSEB,"PANNIAR  HPS.",30,18,19
REG3,`Aug-15,SOUTHERN,TELANGANA,STATE,THERMAL,COAL,TSGENCO,"KAKATIYA TPS",500,335,321
REG2,`Aug-15,WESTERN,MAHARASHTRA,STATE,HYDRO,HYDRO,MAHAGENCO,"TILLARI  HPS",60,15,3
REG1,`Aug-15,NORTHERN,HARYANA,STATE,THERMAL,COAL,HPGCL,"RAJIV GANDHI TPS",1200,455,308
REG3,`Aug-15,SOUTHERN,KARNATAKA,STATE,THERMAL,COAL,KPCL,"BELLARY TPS",1000,547,376
REG1,`Aug-15,NORTHERN,"HIMACHAL PRADESH",CENTRAL,HYDRO,HYDRO,NHPC,"CHAMERA-III HPS",231,155,135
REG3,`Aug-15,SOUTHERN,"TAMIL NADU",CENTRAL,NUCLEAR,NUCLEAR,NPCIL,KUDANKULAM,1000,658,0
REG5,`Aug-15,"NORTH EASTERN",MEGHALAYA,STATE,HYDRO,HYDRO,MeECL,"NEW UMTRU",0,0,0
REG2,`Aug-15,WESTERN,CHHATTISGARH,"PRIVATE IPP",THERMAL,COAL,DBPCL,"BARADARHA TPS",1200,25,256
REG2,`Aug-15,WESTERN,CHHATTISGARH,"PRIVATE IPP",THERMAL,COAL,MCCPL,"BANDAKHAR TPP",300,0,0
REG2,`Aug-15,WESTERN,CHHATTISGARH,"PRIVATE IPP",THERMAL,COAL,TRNE,"TRN ENERGY TPP",0,0,0
REG2,`Aug-15,WESTERN,CHHATTISGARH,"PRIVATE IPP",THERMAL,COAL,BALCO,"BALCO TPS",300,0,168
REG2,`Aug-15,WESTERN,CHHATTISGARH,"PRIVATE IPP",THERMAL,COAL,VVL,"SALORA TPP",135,13,0
REG3,`Aug-15,SOUTHERN,"ANDHRA PRADESH","PRIVATE IPP",THERMAL,COAL,MEL,"THAMMINAPATNAM TPS",300,108,161
REG1,`Aug-15,NORTHERN,"JAMMU AND KASHMIR",STATE,HYDRO,HYDRO,JKSPDC,"BAGLIHAR II  HPS",0,0,0
REG1,`Aug-15,NORTHERN,"HIMACHAL PRADESH","PRIVATE IPP",HYDRO,HYDRO,HSPCL,"SORANG HPS",0,35,0
REG2,`Aug-15,WESTERN,GUJARAT,"PRIVATE IPP",THERMAL,COAL,EPGL,"SALAYA TPP",1200,527,542
REG2,`Aug-15,WESTERN,GUJARAT,"PRIVATE IPP",THERMAL,GAS,"TOR. POW. (UNOSUGEN)","UNOSUGEN CCPP",383,0,17
REG2,`Aug-15,WESTERN,"MADHYA PRADESH","PRIVATE IPP",THERMAL,COAL,ESSARPMPL,"MAHAN TPP",600,72,0
REG2,`Aug-15,WESTERN,MAHARASHTRA,"PRIVATE IPP",THERMAL,COAL,DIPL,"DHARIWAL TPP",600,16,0
REG3,`Aug-15,SOUTHERN,"TAMIL NADU","PRIVATE IPP",THERMAL,COAL,IBPIL,"TUTICORIN (P) TPP",300,140,159
REG4,`Aug-15,EASTERN,"WEST BENGAL",CENTRAL,HYDRO,HYDRO,NHPC,"TEESTA LOW DAM-IV HPS",0,0,0
REG4,`Aug-15,EASTERN,BIHAR,STATE,THERMAL,COAL,BSEB,"BARAUNI TPS",210,0,0
REG4,`Aug-15,EASTERN,"WEST BENGAL","PRIVATE IPP",THERMAL,COAL,DPSCLTD,"CHINAKURI TPS",30,0,0
REG1,`Aug-15,NORTHERN,"HIMACHAL PRADESH","PRIVATE IPP",HYDRO,HYDRO,MPCL,"MALANA  HPS",86,69,70
REG3,`Aug-15,SOUTHERN,"TAMIL NADU",STATE,HYDRO,HYDRO,TNGDCL,"KODAYAR  HPS.",100,13,17
REG3,`Aug-15,SOUTHERN,KERALA,STATE,THERMAL,DIESEL,KSEB,"KOZHIKODE DG",128,37,9
REG2,`Aug-15,WESTERN,CHHATTISGARH,STATE,THERMAL,COAL,CSPGCL,"DSPM TPS",500,344,352
REG2,`Aug-15,WESTERN,CHHATTISGARH,CENTRAL,THERMAL,COAL,"NTPC Ltd.","KORBA STPS",2600,1477,1744
REG2,`Aug-15,WESTERN,CHHATTISGARH,STATE,THERMAL,COAL,CSPGCL,"KORBA-WEST TPS",1340,733,608
REG4,`Aug-15,EASTERN,ORISSA,"PRIVATE IPP",THERMAL,COAL,ICCL,"ICCL IMP",0,24,31
REG4,`Aug-15,EASTERN,"WEST BENGAL",PRIVATE,THERMAL,COAL,CESC,"NEW COSSIPORE TPS",160,0,0
REG1,`Aug-15,NORTHERN,"UTTAR PRADESH",STATE,THERMAL,COAL,UPRVUNL,"ANPARA TPS",2130,884,1029
REG3,`Aug-15,SOUTHERN,"TAMIL NADU","PRIVATE IPP",THERMAL,DIESEL,VASAVI,"B. BRIDGE D.G",200,4,0
REG1,`Aug-15,NORTHERN,DELHI,CENTRAL,THERMAL,COAL,"NTPC Ltd.","BADARPUR TPS",705,311,255
REG3,`Aug-15,SOUTHERN,KARNATAKA,STATE,THERMAL,DIESEL,KPCL,"YELHANKA (DG)",128,0,0
REG3,`Aug-15,SOUTHERN,KERALA,STATE,THERMAL,DIESEL,KSEB,"BRAMHAPURAM DG",107,0,0
REG2,`Aug-15,WESTERN,MAHARASHTRA,STATE,THERMAL,COAL,MAHAGENCO,"CHANDRAPUR(MAHARASHTRA) STPS",2840,856,1063
REG2,`Aug-15,WESTERN,GUJARAT,PRIVATE,THERMAL,GAS,"TOR. POW. (UNOSUGEN)","VATWA CCPP",0,0,0
REG1,`Aug-15,NORTHERN,"JAMMU AND KASHMIR",CENTRAL,HYDRO,HYDRO,NHPC,"DULHASTI  HPS",390,265,277
REG4,`Aug-15,EASTERN,"WEST BENGAL",PRIVATE,THERMAL,COAL,CESC,"BUDGE BUDGE TPS",750,520,511
REG2,`Aug-15,WESTERN,MAHARASHTRA,CENTRAL,NUCLEAR,NUCLEAR,NPCIL,TARAPUR,1400,842,883
REG3,`Aug-15,SOUTHERN,KERALA,STATE,HYDRO,HYDRO,KSEB,"PALLIVASAL  HPS.",38,20,20
REG1,`Aug-15,NORTHERN,"UTTAR PRADESH",CENTRAL,THERMAL,COAL,"NTPC Ltd.","RIHAND STPS",3000,1650,1485
REG1,`Aug-15,NORTHERN,PUNJAB,STATE,THERMAL,COAL,PSPCL,"GH TPS (LEH.MOH.)",920,448,329
REG2,`Aug-15,WESTERN,GUJARAT,"PRIVATE IPP",THERMAL,LIGNITE,GIPCL,"SURAT LIG. TPS",500,247,173
REG1,`Aug-15,NORTHERN,"UTTAR PRADESH",STATE,HYDRO,HYDRO,UPJVNL,"MATATILA  HPS",31,10,12
REG3,`Aug-15,SOUTHERN,"TAMIL NADU","PRIVATE IPP",THERMAL,GAS,"ABAN POWR","KARUPPUR CCPP",120,43,60
REG2,`Aug-15,WESTERN,MAHARASHTRA,STATE,THERMAL,COAL,MAHAGENCO,"KHAPARKHEDA TPS",1340,469,558
REG1,`Aug-15,NORTHERN,"UTTAR PRADESH",STATE,HYDRO,HYDRO,UPJVNL,"OBRA  HPS",99,19,34
REG1,`Aug-15,NORTHERN,"JAMMU AND KASHMIR",STATE,THERMAL,"HIGH SPEED DIESEL",JKSPDC,"PAMPORE GPS (Liq.)",175,0,0
REG3,`Aug-15,SOUTHERN,KERALA,STATE,HYDRO,HYDRO,KSEB,"KAKKAD  HPS.",50,18,20
REG1,`Aug-15,NORTHERN,"JAMMU AND KASHMIR",STATE,HYDRO,HYDRO,JKSPDC,"UPPER SINDH-II HPS",105,40,38
REG3,`Aug-15,SOUTHERN,"TAMIL NADU",STATE,HYDRO,HYDRO,TNGDCL,"SURULIYAR  HPS.",35,7,5
REG1,`Aug-15,NORTHERN,"HIMACHAL PRADESH","PRIVATE IPP",HYDRO,HYDRO,ADHPL,"ALLAIN DUHANGAN  HPS",192,132,124
REG1,`Aug-15,NORTHERN,RAJASTHAN,STATE,THERMAL,COAL,RRVUNL,"CHHABRA TPP",1000,368,162
REG1,`Aug-15,NORTHERN,UTTARAKHAND,"PRIVATE IPP",HYDRO,HYDRO,JPPVL,"VISHNU PRAYAG  HPS",400,283,0
REG2,`Aug-15,WESTERN,MAHARASHTRA,"PRIVATE IPP",THERMAL,COAL,JSWEL,"JSW RATNAGIRI TPP",1200,695,820
REG4,`Aug-15,EASTERN,JHARKHAND,"PRIVATE IPP",THERMAL,COAL,MPL,"MAITHON RB TPP",1050,414,655
REG1,`Aug-15,NORTHERN,"JAMMU AND KASHMIR",CENTRAL,HYDRO,HYDRO,NHPC,"CHUTAK HPS",44,5,1
REG1,`Aug-15,NORTHERN,"JAMMU AND KASHMIR",CENTRAL,HYDRO,HYDRO,NHPC,"NIMBOO BAZDO HPS",45,7,5
REG3,`Aug-15,SOUTHERN,"TAMIL NADU",STATE,HYDRO,HYDRO,TNGDCL,"BHAWANI BARRAGE-II HPS",30,10,0
REG1,`Aug-15,NORTHERN,RAJASTHAN,STATE,THERMAL,COAL,RRVUNL,"KALISINDH TPS",1200,315,175
REG4,`Aug-15,EASTERN,ORISSA,"PRIVATE IPP",THERMAL,COAL,IBPIL,"IND BARATH TPP",0,0,0
REG2,`Aug-15,WESTERN,CHHATTISGARH,"PRIVATE IPP",THERMAL,COAL,ACB,"SWASTIK KORBA TPP",25,0,0
REG2,`Aug-15,WESTERN,MAHARASHTRA,"PRIVATE IPP",THERMAL,COAL,APL,"TIRORA TPS",3300,1897,1625
REG1,`Aug-15,NORTHERN,"UTTAR PRADESH","PRIVATE IPP",THERMAL,COAL,JPPVL,"PRAYAGRAJ TPP",0,0,0
REG1,`Aug-15,NORTHERN,HARYANA,"PRIVATE IPP",THERMAL,COAL,JhPL(HR),"MAHATMA GANDHI TPS",1320,603,232
REG3,`Aug-15,SOUTHERN,"ANDHRA PRADESH","PRIVATE IPP",THERMAL,COAL,SEPL,"SIMHAPURI TPS",600,165,271
REG2,`Aug-15,WESTERN,"MADHYA PRADESH","PRIVATE IPP",THERMAL,COAL,SPL,"SASAN UMTPP",3960,1545,2586
REG2,`Aug-15,WESTERN,"MADHYA PRADESH","PRIVATE IPP",THERMAL,COAL,BLAPPL,"NIWARI TPP",45,17,0
REG4,`Aug-15,EASTERN,ORISSA,"PRIVATE IPP",THERMAL,COAL,JITPL,"DERANG TPP",1200,169,492
REG1,`Aug-15,NORTHERN,"HIMACHAL PRADESH",CENTRAL,HYDRO,HYDRO,"NTPC Ltd.",KOLDAM,800,170,604
REG2,`Aug-15,WESTERN,CHHATTISGARH,"PRIVATE IPP",THERMAL,COAL,ACB,"KASAIPALLI TPP",270,160,146
REG2,`Aug-15,WESTERN,"MADHYA PRADESH",STATE,HYDRO,HYDRO,MPPGCL,"BANSAGAR TONS-II  HPS",30,3,0
REG3,`Aug-15,SOUTHERN,TELANGANA,STATE,HYDRO,HYDRO,TSGENCO,"LOWER SILERU  HPS",460,93,94
REG3,`Aug-15,SOUTHERN,"ANDHRA PRADESH","PRIVATE IPP",THERMAL,DIESEL,"LVS POWER","LVS POWER DG",37,0,0
REG3,`Aug-15,SOUTHERN,"ANDHRA PRADESH","PRIVATE IPP",THERMAL,GAS,KONA,"KONASEEMA CCPP",445,0,0
REG2,`Aug-15,WESTERN,CHHATTISGARH,STATE,THERMAL,COAL,CSPGCL,KORBA-III,240,120,106
REG3,`Aug-15,SOUTHERN,KERALA,STATE,HYDRO,HYDRO,KSEB,"IDUKKI  HPS.",780,170,221
REG2,`Aug-15,WESTERN,MAHARASHTRA,STATE,THERMAL,COAL,MAHAGENCO,"NASIK TPS",630,284,394
REG3,`Aug-15,SOUTHERN,"TAMIL NADU",STATE,THERMAL,COAL,TNGDCL,"NORTH CHENNAI TPS",1830,1041,682
REG3,`Aug-15,SOUTHERN,KARNATAKA,STATE,HYDRO,HYDRO,KPCL,"JOG  HPS",139,25,37
REG4,`Aug-15,EASTERN,JHARKHAND,"PRIVATE IPP",THERMAL,COAL,"TATA PCL","JOJOBERA TPS",360,220,223
REG2,`Aug-15,WESTERN,GUJARAT,STATE,HYDRO,HYDRO,GSECL,"KADANA  HPS",240,60,100
REG3,`Aug-15,SOUTHERN,KARNATAKA,STATE,HYDRO,HYDRO,KPCL,"LIGANAMAKKI  HPS",55,24,20
REG2,`Aug-15,WESTERN,GUJARAT,STATE,THERMAL,LIGNITE,GMDCL,"AKRIMOTA LIG TPS",250,72,78
REG4,`Aug-15,EASTERN,JHARKHAND,STATE,THERMAL,COAL,JSEB,"PATRATU TPS",770,97,49
REG1,`Aug-15,NORTHERN,RAJASTHAN,STATE,HYDRO,HYDRO,RRVUNL,"R P SAGAR  HPS",172,0,78
REG1,`Aug-15,NORTHERN,"JAMMU AND KASHMIR",CENTRAL,HYDRO,HYDRO,NHPC,"SALAL  HPS",690,438,473
REG2,`Aug-15,WESTERN,MAHARASHTRA,STATE,THERMAL,GAS,MAHAGENCO,"URAN CCPP",672,300,196
REG3,`Aug-15,SOUTHERN,"TAMIL NADU",STATE,HYDRO,HYDRO,TNGDCL,"SHOLAYAR  HPS.",95,50,57
REG1,`Aug-15,NORTHERN,HARYANA,STATE,THERMAL,COAL,HPGCL,"YAMUNA NAGAR TPS",600,238,362
REG4,`Aug-15,EASTERN,JHARKHAND,STATE,HYDRO,HYDRO,JSEB,"SUBERNREKHA  HPS.",130,40,13
REG4,`Aug-15,EASTERN,ORISSA,CENTRAL,THERMAL,COAL,"NTPC Ltd.","TALCHER (OLD) TPS",460,273,259
REG1,`Aug-15,NORTHERN,UTTARAKHAND,CENTRAL,HYDRO,HYDRO,NHPC,"TANAKPUR  HPS",94,65,69
REG2,`Aug-15,WESTERN,GUJARAT,STATE,HYDRO,HYDRO,GSECL,"UKAI  HPS",300,152,73
REG2,`Aug-15,WESTERN,GUJARAT,"PRIVATE IPP",THERMAL,GAS,GIPCL,"GIPCL. GT IMP",0,13,12
REG2,`Aug-15,WESTERN,MAHARASHTRA,CENTRAL,THERMAL,GAS,RGPPL,"RATNAGIRI CCPP I",740,0,0
REG5,`Aug-15,"NORTH EASTERN",TRIPURA,STATE,THERMAL,GAS,TSECL,"ROKHIA GT",111,38,40
REG1,`Aug-15,NORTHERN,"UTTAR PRADESH",STATE,THERMAL,COAL,UPRVUNL,"PANKI TPS",210,94,41
REG1,`Aug-15,NORTHERN,"UTTAR PRADESH",STATE,THERMAL,COAL,UPRVUNL,"OBRA TPS",1278,371,317
REG2,`Aug-15,WESTERN,MAHARASHTRA,CENTRAL,THERMAL,GAS,RGPPL,"RATNAGIRI CCPP III",740,0,0
REG3,`Aug-15,SOUTHERN,"ANDHRA PRADESH",STATE,THERMAL,COAL,APGENCO,"RAYALASEEMA TPS",1050,701,479
REG3,`Aug-15,SOUTHERN,KARNATAKA,STATE,HYDRO,HYDRO,KPCL,"HAMPI  HPS",36,28,0
REG2,`Aug-15,WESTERN,GUJARAT,STATE,THERMAL,GAS,GSEGL,"HAZIRA CCPP",156,15,16
REG5,`Aug-15,"NORTH EASTERN",MEGHALAYA,STATE,HYDRO,HYDRO,MeECL,"MYNTDU(LESHKA) St-1 HPS",126,80,86
REG5,`Aug-15,"NORTH EASTERN",MEGHALAYA,STATE,HYDRO,HYDRO,MeECL,"UMIAM  HPS ST-I",36,12,12
REG2,`Aug-15,WESTERN,MAHARASHTRA,PRIVATE,HYDRO,HYDRO,"TATA MAH.","BHIRA PSS  HPS",150,0,0
REG3,`Aug-15,SOUTHERN,"TAMIL NADU","PRIVATE IPP",THERMAL,LIGNITE,ST-CMSECP,"NEYVELI TPS(Z)",250,157,161
REG1,`Aug-15,NORTHERN,"UTTAR PRADESH","PRIVATE IPP",THERMAL,COAL,RPSCL,"ROSA TPP Ph-I",1200,828,743
REG1,`Aug-15,NORTHERN,HARYANA,CENTRAL,THERMAL,COAL,APCPL,"INDIRA GANDHI STPP",1500,552,492
REG1,`Aug-15,NORTHERN,"UTTAR PRADESH","PRIVATE IPP",THERMAL,COAL,LAPPL,"ANPARA C TPS",1200,721,494
REG1,`Aug-15,NORTHERN,"HIMACHAL PRADESH",STATE,HYDRO,HYDRO,HPSEB,"UHL-III HPS",0,0,0
REG3,`Aug-15,SOUTHERN,"TAMIL NADU",CENTRAL,THERMAL,COAL,NTECL,"VALLUR TPP",1500,654,543
REG2,`Aug-15,WESTERN,"MADHYA PRADESH","PRIVATE IPP",HYDRO,HYDRO,SMHPCL,"MAHESHWAR HPS",0,0,0
REG3,`Aug-15,SOUTHERN,"TAMIL NADU",STATE,HYDRO,HYDRO,TNGDCL,"BHAWANI BARRAGE III HPS",30,4,0
REG1,`Aug-15,NORTHERN,"HIMACHAL PRADESH","PRIVATE IPP",HYDRO,HYDRO,GBHPPL,"BUDHIL HPS",70,49,43
REG1,`Aug-15,NORTHERN,PUNJAB,"PRIVATE IPP",THERMAL,COAL,SEL,"TALWANDI SABO TPP",660,243,202
REG2,`Aug-15,WESTERN,CHHATTISGARH,"PRIVATE IPP",THERMAL,COAL,RKMPPL,"UCHPINDA TPP",0,0,0
REG3,`Aug-15,SOUTHERN,"ANDHRA PRADESH",STATE,THERMAL,COAL,APGENCO,"DAMODARAM SANJEEVAIAH TPS",1600,298,353
REG3,`Aug-15,SOUTHERN,"TAMIL NADU",CENTRAL,THERMAL,COAL,NTPL,"TUTICORIN (JV) TPP",1000,297,236
REG2,`Aug-15,WESTERN,MAHARASHTRA,"PRIVATE IPP",THERMAL,COAL,VIP,"BUTIBORI TPP",600,309,270
REG2,`Aug-15,WESTERN,"MADHYA PRADESH","PRIVATE IPP",THERMAL,COAL,MBPMPL,"ANUPPUR TPP",600,0,110
REG3,`Aug-15,SOUTHERN,"ANDHRA PRADESH",STATE,THERMAL,COAL,SCCL,"SINGARENI TPP",0,0,0
REG2,`Aug-15,WESTERN,GUJARAT,"PRIVATE IPP",THERMAL,COAL,CGPL,"MUNDRA UMTPP",4000,2044,1686
REG1,`Aug-15,NORTHERN,RAJASTHAN,"PRIVATE IPP",THERMAL,COAL,APL,"KAWAI TPS",1320,853,740
REG2,`Aug-15,WESTERN,GUJARAT,"PRIVATE IPP",THERMAL,GAS,"TOR. POW. (UNOSUGEN)","DGEN MEGA CCPP",1200,0,325
REG2,`Aug-15,WESTERN,CHHATTISGARH,"PRIVATE IPP",THERMAL,COAL,SVPPL,"SVPL TPP",63,0,0
REG2,`Aug-15,WESTERN,MAHARASHTRA,"PRIVATE IPP",THERMAL,COAL,IEPL,"BELA TPS",270,0,0
REG1,`Aug-15,NORTHERN,"UTTAR PRADESH","PRIVATE IPP",THERMAL,COAL,LPGCL,"LALITPUR TPS",0,0,0
REG5,`Aug-15,"NORTH EASTERN",ASSAM,CENTRAL,THERMAL,COAL,"NTPC Ltd.","BONGAIGAON TPP",250,56,0
REG1,`Aug-15,NORTHERN,"UTTAR PRADESH",CENTRAL,THERMAL,GAS,"NTPC Ltd.","DADRI CCPP",830,206,217
REG1,`Aug-15,NORTHERN,UTTARAKHAND,STATE,HYDRO,HYDRO,UJVNL,"DHAKRANI  HPS",34,18,20
REG3,`Aug-15,SOUTHERN,KERALA,STATE,HYDRO,HYDRO,KSEB,"LOWER PERIYAR  HPS.",180,103,73
REG3,`Aug-15,SOUTHERN,TELANGANA,CENTRAL,THERMAL,COAL,"NTPC Ltd.","RAMAGUNDEM STPS",2600,1449,1894
REG2,`Aug-15,WESTERN,GUJARAT,CENTRAL,NUCLEAR,NUCLEAR,NPCIL,KAKRAPARA,440,289,166
REG3,`Aug-15,SOUTHERN,"ANDHRA PRADESH","PRIVATE IPP",THERMAL,GAS,KONDAPALI,"KONDAPALLI CCPP",350,0,31
REG5,`Aug-15,"NORTH EASTERN",ASSAM,CENTRAL,HYDRO,HYDRO,NEEPCO.,"KOPILI  HPS.",225,139,160
REG2,`Aug-15,WESTERN,CHHATTISGARH,STATE,THERMAL,COAL,CSPGCL,KORBA-II,200,71,70
REG1,`Aug-15,NORTHERN,RAJASTHAN,STATE,THERMAL,GAS,RRVUNL,"RAMGARH CCPP",274,81,118
REG4,`Aug-15,EASTERN,ORISSA,STATE,HYDRO,HYDRO,OHPC,"UPPER  INDRAVATI  HPS.",600,149,189
REG3,`Aug-15,SOUTHERN,KARNATAKA,STATE,HYDRO,HYDRO,KPCL,"KADRA  HPS",150,62,58
REG1,`Aug-15,NORTHERN,"HIMACHAL PRADESH",STATE,HYDRO,HYDRO,HPSEB,"LARJI  HPS",126,91,93
REG2,`Aug-15,WESTERN,"MADHYA PRADESH",STATE,HYDRO,HYDRO,MPPGCL,"PENCH  HPS",160,30,42
REG2,`Aug-15,WESTERN,"MADHYA PRADESH",STATE,HYDRO,HYDRO,MPPGCL,"GANDHI SAGAR  HPS",115,16,56
REG1,`Aug-15,NORTHERN,PUNJAB,STATE,HYDRO,HYDRO,PSPCL,"MUKERIAN  HPS",207,91,130
REG3,`Aug-15,SOUTHERN,"TAMIL NADU",STATE,THERMAL,COAL,TNGDCL,"ENNORE TPS",450,46,20
REG4,`Aug-15,EASTERN,"WEST BENGAL",CENTRAL,THERMAL,COAL,"NTPC Ltd.","FARAKKA STPS",2100,938,1092
REG2,`Aug-15,WESTERN,MAHARASHTRA,PRIVATE,HYDRO,HYDRO,"TATA MAH.","BHIRA   HPS",150,115,67
REG2,`Aug-15,WESTERN,GUJARAT,STATE,THERMAL,COAL,GSECL,"WANAKBORI TPS",1470,645,421
REG1,`Aug-15,NORTHERN,DELHI,STATE,THERMAL,GAS,IPGPCL,I.P.CCPP,270,88,31
REG1,`Aug-15,NORTHERN,PUNJAB,STATE,HYDRO,HYDRO,PSPCL,"SHANAN  HPS",110,77,78
REG3,`Aug-15,SOUTHERN,"ANDHRA PRADESH","PRIVATE IPP",THERMAL,GAS,GAUTAMI,"GAUTAMI CCPP",464,0,0
REG3,`Aug-15,SOUTHERN,KERALA,STATE,HYDRO,HYDRO,KSEB,"SENGULAM  HPS.",48,19,18
REG3,`Aug-15,SOUTHERN,"ANDHRA PRADESH",STATE,HYDRO,HYDRO,APGENCO,"SRISAILAM  HPS",770,296,10
REG1,`Aug-15,NORTHERN,UTTARAKHAND,STATE,HYDRO,HYDRO,UJVNL,"MANERI BHALI - II  HPS",304,135,197
REG1,`Aug-15,NORTHERN,PUNJAB,STATE,HYDRO,HYDRO,PSPCL,"RANJIT SAGAR  HPS",600,207,389
REG3,`Aug-15,SOUTHERN,KARNATAKA,STATE,HYDRO,HYDRO,KPCL,"KALINADI  HPS",855,238,397
REG4,`Aug-15,EASTERN,"WEST BENGAL",STATE,HYDRO,HYDRO,WBSEDCL,"PURULIA PSS  HPS.",900,96,115
REG2,`Aug-15,WESTERN,MAHARASHTRA,STATE,HYDRO,HYDRO,MAHAGENCO,"KOYNA-I  HPS",280,36,40
REG1,`Aug-15,NORTHERN,"UTTAR PRADESH",STATE,HYDRO,HYDRO,UPJVNL,"RIHAND  HPS",300,52,83
REG2,`Aug-15,WESTERN,CHHATTISGARH,CENTRAL,THERMAL,COAL,NSPCL,"BHILAI TPS",500,334,291
REG3,`Aug-15,SOUTHERN,"TAMIL NADU","PRIVATE IPP",THERMAL,GAS,PENNA,"VALANTARVY CCPP",53,33,8
REG1,`Aug-15,NORTHERN,UTTARAKHAND,STATE,HYDRO,HYDRO,UJVNL,"MANERI BHALI - I  HPS",90,19,21
REG1,`Aug-15,NORTHERN,"JAMMU AND KASHMIR",STATE,HYDRO,HYDRO,JKSPDC,"LOWER JHELUM  HPS",105,36,69
REG2,`Aug-15,WESTERN,MAHARASHTRA,STATE,HYDRO,HYDRO,MAHAGENCO,"KOYNA-III  HPS",320,25,34
REG3,`Aug-15,SOUTHERN,"TAMIL NADU",STATE,HYDRO,HYDRO,TNGDCL,"KADAMPARI  HPS.",400,44,33
REG2,`Aug-15,WESTERN,GUJARAT,STATE,THERMAL,GAS,GSECL,"PIPAVAV CCPP",702,0,0
REG3,`Aug-15,SOUTHERN,"TAMIL NADU","PRIVATE IPP",THERMAL,COAL,CEPL,"MUTHIARA TPP",600,0,69
REG1,`Aug-15,NORTHERN,"UTTAR PRADESH","PRIVATE IPP",THERMAL,COAL,BEPL,"KHAMBARKHERA TPS",90,39,61
REG2,`Aug-15,WESTERN,CHHATTISGARH,STATE,THERMAL,COAL,CSPGCL,"MARWA TPS",500,73,0
REG4,`Aug-15,EASTERN,SIKKIM,"PRIVATE IPP",HYDRO,HYDRO,DEPL,"JORETHANG LOOP",0,0,0
REG2,`Aug-15,WESTERN,GUJARAT,STATE,THERMAL,COAL,BECL,"BHAVNAGAR CFBC TPP",0,0,0
REG4,`Aug-15,EASTERN,"WEST BENGAL","PRIVATE IPP",THERMAL,COAL,HEL,"HALDIA TPP",600,185,347
REG1,`Aug-15,NORTHERN,PUNJAB,CENTRAL,HYDRO,HYDRO,BBMB,"BHAKRA H  P S",1343,550,866
REG1,`Aug-15,NORTHERN,PUNJAB,CENTRAL,HYDRO,HYDRO,BBMB,"DEHAR H P S",990,394,431
REG1,`Aug-15,NORTHERN,PUNJAB,CENTRAL,HYDRO,HYDRO,BBMB,"GANGUWAL  HPS",78,34,36
REG1,`Aug-15,NORTHERN,PUNJAB,CENTRAL,HYDRO,HYDRO,BBMB,"KOTLA  HPS",78,35,39
REG1,`Aug-15,NORTHERN,PUNJAB,CENTRAL,HYDRO,HYDRO,BBMB,"PONG H P S",396,111,252
REG4,`Aug-15,EASTERN,JHARKHAND,CENTRAL,THERMAL,COAL,DVC,"BOKARO TPS `A` EXP",0,0,0
REG4,`Aug-15,EASTERN,JHARKHAND,CENTRAL,THERMAL,COAL,DVC,"BOKARO `B` TPS",630,108,209
REG4,`Aug-15,EASTERN,JHARKHAND,CENTRAL,THERMAL,COAL,DVC,"CHANDRAPURA(DVC) TPS",890,447,490
REG4,`Aug-15,EASTERN,JHARKHAND,CENTRAL,THERMAL,COAL,DVC,"KODARMA TPP",1000,252,287
REG4,`Aug-15,EASTERN,JHARKHAND,CENTRAL,THERMAL,NAPTHA,DVC,"MAITHON GT (Liq.)",90,0,0
REG4,`Aug-15,EASTERN,JHARKHAND,CENTRAL,HYDRO,HYDRO,DVC,"MAITHON  HPS.",63,22,40
REG4,`Aug-15,EASTERN,JHARKHAND,CENTRAL,HYDRO,HYDRO,DVC,"PANCHET  HPS.",80,31,23
REG4,`Aug-15,EASTERN,"WEST BENGAL",CENTRAL,THERMAL,COAL,DVC,"DURGAPUR STEEL TPS",1000,394,306
REG4,`Aug-15,EASTERN,"WEST BENGAL",CENTRAL,THERMAL,COAL,DVC,"DURGAPUR TPS",340,130,14
REG4,`Aug-15,EASTERN,"WEST BENGAL",CENTRAL,THERMAL,COAL,DVC,"MEJIA TPS",2340,988,955
REG4,`Aug-15,EASTERN,"WEST BENGAL",CENTRAL,THERMAL,COAL,DVC,"RAGHUNATHPUR TPP",600,89,0
