"City Name","Zone Name","Ward Name","Ward No.","Area (in sq km)","Total Population (in thousands)","Population - Male (in thousands)","Population - female (in thousands)","population - children aged 0-14 (in thousands)","Population - youth aged 15-24 (in thousands)","Population - adults aged 25-60 (in thousands)","Population - Senior citizens aged 60+ (in thousands)"
Agra,Chatta,"Trans Yamuna",54,2.38,19117,10020,9097,NA,NA,NA,NA
Agra,Chatta,"Free Ganj",20,2.09,11580,6245,5335,NA,NA,NA,NA
Agra,Chatta,"Noori Darwaja",68,4.19,14638,7845,6793,NA,NA,NA,NA
Agra,Chatta,"Tedi bagiya",83,0.75,18288,9715,8573,NA,NA,NA,NA
Agra,Chatta,Alwatiya,67,2.67,13122,7019,6103,NA,NA,NA,NA
Agra,Chatta,"Raj Nagar",18,0.45,9691,5229,4462,NA,NA,NA,NA
Agra,Chatta,Shahdra,55,0.3,26419,14048,12371,NA,NA,NA,NA
Agra,Chatta,"Ashok Nagar",45,1.08,4004,2136,1868,NA,NA,NA,NA
Agra,Chatta,Telipada,62,0.98,25557,13702,11855,NA,NA,NA,NA
Agra,Chatta,"Bagh Mujjafar Khan",25,0.62,19928,10694,9234,NA,NA,NA,NA
Agra,Chatta,"Ghatiya Azam Kha",47,2.65,13343,7105,6238,NA,NA,NA,NA
Agra,Chatta,Belanganj,64,1.69,13472,7186,6286,NA,NA,NA,NA
Agra,Chatta,"Bhim Nagar",82,1.17,12904,6774,6130,NA,NA,NA,NA
Agra,Chatta,"Dera Saras",32,0.89,11796,6344,5452,NA,NA,NA,NA
Agra,Chatta,"Yamuna Par Prakash Nagar",65,3.8,17397,9622,7775,NA,NA,NA,NA
Agra,Chatta,"Jogeshwar Nagar",26,0.39,34988,18795,16193,NA,NA,NA,NA
Agra,Chatta,Ramnagar,30,0.23,29757,15722,14035,NA,NA,NA,NA
Agra,Chatta,"Bhood Ka Bagh Kamla Nagar Ext",87,0.65,9236,4929,4307,NA,NA,NA,NA
Agra,Chatta,"Sita Nagar",50,0.75,11413,5940,5473,NA,NA,NA,NA
Agra,Hariparwat,"Prakash Nagar",10,2.04,14996,7891,7105,NA,NA,NA,NA
Agra,Hariparwat,"Dholi Khar",16,0.6,14518,7667,6851,NA,NA,NA,NA
Agra,Hariparwat,"Nagla Mewati",72,5.53,18496,10066,8430,NA,NA,NA,NA
Agra,Hariparwat,"Tal Firoj Khan",70,1.07,23403,12563,10840,NA,NA,NA,NA
Agra,Hariparwat,Namnair,39,0.61,24135,13192,10943,NA,NA,NA,NA
Agra,Hariparwat,Sikandra,73,3.46,11213,6008,5205,NA,NA,NA,NA
Agra,Hariparwat,Jatpura,80,0.84,10497,5691,4806,NA,NA,NA,NA
Agra,Hariparwat,"Sewla Jat",4,1.16,23182,12421,10761,NA,NA,NA,NA
Agra,Hariparwat,Khataina,7,2.5,17098,9198,7900,NA,NA,NA,NA
Agra,Hariparwat,Baluganj,40,0.44,14741,8095,6646,NA,NA,NA,NA
Agra,Hariparwat,"Jaipur House",74,0.29,18254,9685,8569,NA,NA,NA,NA
Agra,Hariparwat,Gailana,38,0.95,19760,10287,9473,NA,NA,NA,NA
Agra,Hariparwat,"Gummat Takht Pehlwan",2,0.59,25059,13568,11491,NA,NA,NA,NA
Agra,Hariparwat,"Nagla Pader",71,2.28,5948,3309,2639,NA,NA,NA,NA
Agra,Hariparwat,"Ram Mohan Nagar",89,0.92,12005,6333,5672,NA,NA,NA,NA
Agra,Tajganj,"Sarai Malook Chand",15,0.34,20249,10958,9291,NA,NA,NA,NA
Agra,Tajganj,Bhogipura,34,2.45,16812,9097,7715,NA,NA,NA,NA
Agra,Tajganj,"Bhagwati bagh",42,0.7,17100,9100,8000,NA,NA,NA,NA
Agra,Tajganj,"Himachal Colony",5,1.17,12552,6700,5852,NA,NA,NA,NA
Agra,Tajganj,"Nagla Mohan",12,0.54,13945,7059,6886,NA,NA,NA,NA
Agra,Tajganj,"Shaheed Nagar",78,5.28,10838,5845,4993,NA,NA,NA,NA
Agra,Tajganj,Kachpura,14,2.31,13065,6971,6094,NA,NA,NA,NA
Agra,Tajganj,"Rahul Nagar",49,0.29,14741,8095,6646,NA,NA,NA,NA
Agra,Tajganj,"Naraich Poorv",59,2.85,20293,10879,9414,NA,NA,NA,NA
Agra,Tajganj,Hajjupura,88,1.61,19335,10469,8866,NA,NA,NA,NA
Agra,Tajganj,Chawli,63,0.57,10437,5596,4841,NA,NA,NA,NA
Agra,Tajganj,"Bundu Katra",19,0.52,25557,13702,11855,NA,NA,NA,NA
Agra,Tajganj,"Lawyers Colony",31,2.26,32996,17411,15585,NA,NA,NA,NA
Agra,Tajganj,"Jagdish Pura Poorv",6,0.63,15602,8372,7230,NA,NA,NA,NA
Agra,Tajganj,"Ghas Ki Mandi",9,0.65,9594,4852,4742,NA,NA,NA,NA
Agra,Tajganj,"Kedar Nagar",77,0.41,11948,6257,5691,NA,NA,NA,NA
Agra,Tajganj,"Vijay nagar Colony",51,0.5,13772,7290,6482,NA,NA,NA,NA
Agra,Tajganj,"Barah Khamba",21,0.61,15768,8218,7550,NA,NA,NA,NA
Agra,Tajganj,Khandari,29,0.44,19005,9941,9064,NA,NA,NA,NA
Agra,Tajganj,Kajipada,1,0.34,15423,8422,7001,NA,NA,NA,NA
Agra,Tajganj,Sohalla,22,0.48,30968,16349,14619,NA,NA,NA,NA
Agra,Tajganj,"Nagla Harmukh",13,0.56,21793,11546,10247,NA,NA,NA,NA
Agra,Tajganj,"Mahadev Nagar",36,0.54,15047,7965,7082,NA,NA,NA,NA
Agra,Tajganj,"Khwas Pura",60,0.59,19618,10326,9292,NA,NA,NA,NA
Agra,Tajganj,Mantola,53,1.43,16784,8914,7870,NA,NA,NA,NA
Agra,Tajganj,"Awas Vikas Paschimi",75,0.27,24518,12932,11586,NA,NA,NA,NA
Agra,Tajganj,Ghatwasan,43,1.59,12455,6668,5787,NA,NA,NA,NA
Agra,Tajganj,"Awa Vikas Dakshin",69,1.33,17741,9329,8412,NA,NA,NA,NA
Agra,Lohamandi,Dhandupura,33,0.64,14486,7593,6893,NA,NA,NA,NA
Agra,Lohamandi,"Nawal Ganj",66,1.14,15016,7896,7120,NA,NA,NA,NA
Agra,Lohamandi,"Dev Nagar",52,0.23,12631,6849,5782,NA,NA,NA,NA
Agra,Lohamandi,"Jagdish Pura Paschimi",3,0.5,16066,8516,7550,NA,NA,NA,NA
Agra,Lohamandi,"Gadhi Bhadouriya",24,5.68,8680,4674,4006,NA,NA,NA,NA
Agra,Lohamandi,"Raja Mandi",84,1,21260,11605,9655,NA,NA,NA,NA
Agra,Lohamandi,"Awas Vikas Poorvi",46,4.26,7322,3927,3395,NA,NA,NA,NA
Agra,Lohamandi,"Azam pada",41,0.41,31318,16969,14349,NA,NA,NA,NA
Agra,Lohamandi,Dhakran,76,0.5,22570,11435,11135,NA,NA,NA,NA
Agra,Lohamandi,"Nagla Ajeeta",37,6.41,24282,13070,11212,NA,NA,NA,NA
Agra,Lohamandi,Mohanpura,23,0.4,19397,10318,9079,NA,NA,NA,NA
Agra,Lohamandi,"Khati Pada",86,0.25,8199,4408,3791,NA,NA,NA,NA
Agra,Lohamandi,Idgah,8,0.95,25530,13488,12042,NA,NA,NA,NA
Agra,Lohamandi,"Sarla Bagagh",61,0.73,15243,8230,7013,NA,NA,NA,NA
Agra,Lohamandi,"Ratan Pura",17,3.57,17947,9825,8122,NA,NA,NA,NA
Agra,Lohamandi,"Kamla Nagar Block A,B,C,D",81,0.27,17695,9488,8207,NA,NA,NA,NA
Agra,Lohamandi,"Moti Ganj",79,0.15,22866,12270,10596,NA,NA,NA,NA
Agra,Lohamandi,"Charsu Darwaja",11,0.32,21477,11426,10051,NA,NA,NA,NA
Agra,Lohamandi,"Ajeet Nagar",27,1.68,51844,28535,23309,NA,NA,NA,NA
Agra,Lohamandi,"Katra Fulel",44,0.19,24663,13375,11288,NA,NA,NA,NA
Agra,Lohamandi,"Mustafa Quarter",35,0.8,25302,13522,11780,NA,NA,NA,NA
Agra,Lohamandi,Naripura,48,0.25,19227,10254,8973,NA,NA,NA,NA
Agra,Lohamandi,"Nau Ki Sarai",28,0.51,24459,12830,11629,NA,NA,NA,NA
Agra,Lohamandi,Balkeshwar,90,1.59,18072,10530,7542,NA,NA,NA,NA
Agra,Lohamandi,"Kaveri Kunj",85,0.22,13098,6954,6144,NA,NA,NA,NA
Agra,Lohamandi,Ukharra,57,10.98,16420,8652,7768,NA,NA,NA,NA
Agra,Lohamandi,"Naraich Paschim",58,1.14,16177,8524,7653,NA,NA,NA,NA
Agra,Lohamandi,"Lohiya Nagar",56,0.23,11422,5908,5514,NA,NA,NA,NA
