"Scheme - 1",Category,Sub-Category,"Ministry of Information and Broadcasting - XII Plan (2012-17) - Proposed Outlay 12th Plan (Rs. in crore) - Ongoing schemes - 4","Ministry of Information and Broadcasting - XII Plan (2012-17) - Proposed Outlay 12th Plan (Rs. in crore) - New Schemes - 5","Ministry of Information and Broadcasting - XII Plan (2012-17) - Proposed Outlay 12th Plan (Rs. in crore) - Total (4&5) Outlay - 6","Prasar Bharati Secretariat - XII Plan (2012-17) - GBS agreed in 12th Plan (Rs. in crore) - On-going schemes - Revenue","Prasar Bharati Secretariat - XII Plan (2012-17) - GBS agreed in 12th Plan (Rs. in crore) - On-going schemes - Capital","Prasar Bharati Secretariat - XII Plan (2012-17) - GBS agreed in 12th Plan (Rs. in crore) - New Scheme - Revenue","Prasar Bharati Secretariat - XII Plan (2012-17) - GBS agreed in 12th Plan (Rs. in crore) - New Scheme - Capital","Prasar Bharati Secretariat - XII Plan (2012-17) - GBS agreed in 12th Plan (Rs. in crore) - Total - Revenue","Prasar Bharati Secretariat - XII Plan (2012-17) - GBS agreed in 12th Plan (Rs. in crore) - Total - Capital","Prasar Bharati Secretariat - XII Plan (2012-17) - GBS agreed in 12th Plan (Rs. in crore) - Total - Total"
"1. Scheme-I Broadcasting Infrastructure Network Development","Digitalization (AIR)","1.1 - (a) Digitalization of MW Transmitters",405,322,727,NA,405,NA,43,NA,448,448
"1. Scheme-I Broadcasting Infrastructure Network Development","Digitalization (AIR)","1.1 - (b) Digitalisation of SW Transmitters",115,600,715,NA,115,NA,7,NA,122,122
"1. Scheme-I Broadcasting Infrastructure Network Development","Digitalization (AIR)","1.1 - (c) FM",293,2600,2893,NA,293,NA,496,NA,789,789
"1. Scheme-I Broadcasting Infrastructure Network Development","Digitalization (AIR)","Sub-total - 1.1(a) to 1.1(c)",813,3522,4335,NA,813,NA,546,NA,1359,1359
"1. Scheme-I Broadcasting Infrastructure Network Development","Digitalization (AIR)","1.2 Digitalization of Studios",185,197,382,NA,185,NA,154,NA,339,339
"1. Scheme-I Broadcasting Infrastructure Network Development","Digitalization (AIR)","1.3 Digitalization of Networking and Connectivity",67,150,217,NA,67,NA,60,NA,127,127
"1. Scheme-I Broadcasting Infrastructure Network Development","Digitalization (AIR)","1.4 Augmentation of Training Facilities",11,50,61,NA,11,NA,10,NA,21,21
"1. Scheme-I Broadcasting Infrastructure Network Development","Digitalization (AIR)","1.5 Strengthening of Research and Development",16,10,26,NA,16,NA,6,NA,22,22
"1. Scheme-I Broadcasting Infrastructure Network Development","Digitalization (AIR)","1.6 Project Management Unit",0,250,250,NA,0,NA,0,NA,0,0
"1. Scheme-I Broadcasting Infrastructure Network Development","Digitalization (AIR)","Digitalization (AIR) Total - (1.1 to 1.6)",1092,4179,5271,NA,1092,NA,776,NA,1868,1868
"1. Scheme-I Broadcasting Infrastructure Network Development","Digitalization (AIR)","1.7 Strengthening of Border area",100,300,400,NA,100,NA,136,NA,236,236
"1. Scheme-I Broadcasting Infrastructure Network Development","Digitalization (AIR)","1.8 Broadcasting on alternate platforms",0,30,30,NA,0,NA,40,NA,40,40
"1. Scheme-I Broadcasting Infrastructure Network Development","Digitalization (AIR)","1.9 Consolidation of Infrastructure",40,212,252,NA,40,NA,28,NA,68,68
"1. Scheme-I Broadcasting Infrastructure Network Development","Digitalization (AIR)","1.10 E-Governnance",0,70,70,NA,0,NA,20,NA,20,20
"1. Scheme-I Broadcasting Infrastructure Network Development","Digitalization (AIR)","Total-Scheme I - Digitalization (AIR) - (1.1 to 1.10)",1232,4791,6023,NA,1232,NA,1000,0,2232,2232
"1. Scheme-I Broadcasting Infrastructure Network Development","Digitalization (DD)","1.11 Digitalization of terrestrial transmitter network",494,2905,3399,NA,494,NA,620,NA,1114,1114
"1. Scheme-I Broadcasting Infrastructure Network Development","Digitalization (DD)","1.12 HDTV",128,770,898,NA,128,NA,86,NA,214,214
"1. Scheme-I Broadcasting Infrastructure Network Development","Digitalization (DD)","1.13 Expansion of DTH",72,222,294,NA,72,NA,186,NA,258,258
"1. Scheme-I Broadcasting Infrastructure Network Development","Digitalization (DD)","1.14 Modernization, Augmentation and Replacement of Satellite Broadcast Equipment",89,185,274,NA,89,NA,200,NA,289,289
"1. Scheme-I Broadcasting Infrastructure Network Development","Digitalization (DD)","1.15 Modernization, Augmentation and Replacement of Trx. and Studio Equipment",292,108,400,NA,292,NA,242,NA,534,534
"1. Scheme-I Broadcasting Infrastructure Network Development","Digitalization (DD)","1.16 Strengthening of Border coverage",0,586,586,NA,0,NA,176,NA,176,176
"1. Scheme-I Broadcasting Infrastructure Network Development","Digitalization (DD)","1.17 Centre of Excellence-State of the Art PPC at Delhi",0,175,175,NA,0,NA,0,NA,0,0
"1. Scheme-I Broadcasting Infrastructure Network Development","Digitalization (DD)","1.18 Expansion of Mobile TV",0,150,150,NA,0,NA,0,NA,0,0
"1. Scheme-I Broadcasting Infrastructure Network Development","Digitalization (DD)","1.19 New Media Technologies/Alternate Delivery Platform",0,20,20,NA,0,NA,35,NA,35,35
"1. Scheme-I Broadcasting Infrastructure Network Development","Digitalization (DD)","1.2 Staff Quarters and other Misc. Works",45,75,120,NA,45,NA,65,NA,110,110
"1. Scheme-I Broadcasting Infrastructure Network Development","Digitalization (DD)","1.21 Other Misc. (new)",95,0,95,NA,95,NA,200,NA,295,295
"1. Scheme-I Broadcasting Infrastructure Network Development","Digitalization (DD)","1.21 -  (a) Narrocasting from transmitters95.00 cr",NA,NA,NA,NA,NA,NA,NA,NA,NA,NA
"1. Scheme-I Broadcasting Infrastructure Network Development","Digitalization (DD)","1.21 -  (b) RandD facilities/outsourcing facilities5.00cr",NA,NA,NA,NA,NA,NA,NA,NA,NA,NA
"1. Scheme-I Broadcasting Infrastructure Network Development","Digitalization (DD)","1.21 -  (c) OFC connectivity 100.00 cr",NA,NA,NA,NA,NA,NA,NA,NA,NA,NA
"1. Scheme-I Broadcasting Infrastructure Network Development","Digitalization (DD)","Total-Scheme I - Digitalization (DD)",1215,5196,6411,NA,1215,NA,1810,NA,3025,3025
"1. Scheme-I Broadcasting Infrastructure Network Development","Total- Scheme I","Total- Scheme I",2447,9987,12434,NA,2447,NA,2810,0,5257,5257
"2. Scheme II Content Development and Dissemination","2.1 Software (AIR) (DBS only)","2.1 Software (AIR) (DBS only)",80,0,80,80,NA,0,NA,80,0,80
"2. Scheme II Content Development and Dissemination","2.2 Content Development and Dissemination (To be fully funded by IEBR of Prasar Bharati). However, PSB component for NE,Jammu and Kashmir,Urdu and International Channel will be met from budgetary resources.","2.2 Content Development and Dissemination (To be fully funded by IEBR of Prasar Bharati). However, PSB component for NE,Jammu and Kashmir,Urdu and International Channel will be met from budgetary resources.",106,6000,6106,106,NA,0,NA,106,0,106
"2. Scheme II Content Development and Dissemination",DBS,DBS,106,1000,1106,NA,NA,0,NA,0,0,0
"2. Scheme II Content Development and Dissemination",IEBR,IEBR,NA,5000,5000,NA,NA,NA,NA,0,0,0
"2. Scheme II Content Development and Dissemination","Total Scheme II","Total Scheme II",186,6000,6186,186,NA,0,NA,186,0,186
"3. Scheme III Special Projects",AIR,AIR,NA,NA,NA,NA,NA,NA,NA,NA,NA,NA
"3. Scheme III Special Projects",Auditorium,Auditorium,0,20,20,NA,NA,NA,20,NA,20,20
"3. Scheme III Special Projects",Doordarshan,Doordarshan,NA,NA,NA,NA,NA,NA,0,NA,0,0
"3. Scheme III Special Projects","3.1 Global Coverage of DD International channel","3.1 Global Coverage of DD International channel",NA,100,100,NA,NA,NA,100,NA,100,100
"3. Scheme III Special Projects","3.2 Broadcast Museum","3.2 Broadcast Museum",NA,20,20,NA,NA,NA,20,NA,20,20
"3. Scheme III Special Projects","Total Scheme III","Total Scheme III",0,140,140,NA,NA,NA,140,NA,140,140
"Grand Total-Prasar Bharati","Grand Total-Prasar Bharati","Grand Total-Prasar Bharati",2633,16127,18760,186,2447,0,2950,186,5397,5583
