"City Name","Zone Name","Ward Name","Number of Poles","No. of poles of LED Bulbs","No. of poles with conventional / non LED Lights","Total length of roads (in km)","Number of street lights / poles per km of road","Total no. of streets","No. of streets with adequate street lighting facilties"
Jaipur,"Vidhyadhar Nagar",1,NA,203,NA,NA,1728,NA,NA
Jaipur,"Vidhyadhar Nagar",2,NA,887,NA,NA,3407,NA,NA
Jaipur,"Vidhyadhar Nagar",3,NA,195,NA,NA,1798,NA,NA
Jaipur,"Vidhyadhar Nagar",4,NA,866,NA,NA,2120,NA,NA
Jaipur,"Vidhyadhar Nagar",5,NA,1588,NA,NA,1503,NA,NA
Jaipur,"Vidhyadhar Nagar",6,NA,1628,NA,NA,2757,NA,NA
Jaipur,"Vidhyadhar Nagar",7,NA,1175,NA,NA,1809,NA,NA
Jaipur,"Vidhyadhar Nagar",8,NA,1784,NA,NA,1815,NA,NA
Jaipur,"Vidhyadhar Nagar",9,NA,2887,NA,NA,2371,NA,NA
Jaipur,"Vidhyadhar Nagar",10,NA,1743,NA,NA,2984,NA,NA
Jaipur,"Vidhyadhar Nagar",11,NA,935,NA,NA,1323,NA,NA
Jaipur,"Vidhyadhar Nagar",12,NA,1156,NA,NA,1485,NA,NA
Jaipur,"Vidhyadhar Nagar",13,NA,1103,NA,NA,2411,NA,NA
Jaipur,"Vidhyadhar Nagar",14,NA,2590,NA,NA,2885,NA,NA
Jaipur,"Civil Line",15,NA,1865,NA,NA,5538,NA,NA
Jaipur,"Civil Line",16,NA,1171,NA,NA,1976,NA,NA
Jaipur,"Civil Line",17,NA,1066,NA,NA,5155,NA,NA
Jaipur,"Civil Line",18,NA,1774,NA,NA,5407,NA,NA
Jaipur,"Civil Line",19,NA,2920,NA,NA,4737,NA,NA
Jaipur,"Civil Line",20,NA,2059,NA,NA,2391,NA,NA
Jaipur,"Civil Line",21,NA,2965,NA,NA,4877,NA,NA
Jaipur,"Civil Line",22,NA,854,NA,NA,1727,NA,NA
Jaipur,"Vidhyadhar Nagar",23,NA,1002,NA,NA,2056,NA,NA
Jaipur,"Vidhyadhar Nagar",24,NA,1420,NA,NA,3183,NA,NA
Jaipur,"Vidhyadhar Nagar",25,NA,1309,NA,NA,2542,NA,NA
Jaipur,"Civil Line",26,NA,1958,NA,NA,2975,NA,NA
Jaipur,"Civil Line",27,NA,724,NA,NA,1422,NA,NA
Jaipur,"Civil Line",28,NA,880,NA,NA,2059,NA,NA
Jaipur,Mansarovar,29,NA,2197,NA,NA,3521,NA,NA
Jaipur,"Civil Line",30,NA,1815,NA,NA,2192,NA,NA
Jaipur,Mansarovar,31,NA,1250,NA,NA,1740,NA,NA
Jaipur,Mansarovar,32,NA,3445,NA,NA,2074,NA,NA
Jaipur,Mansarovar,33,NA,1479,NA,NA,3369,NA,NA
Jaipur,Mansarovar,34,NA,3497,NA,NA,5670,NA,NA
Jaipur,Sanganer,35,NA,71,NA,NA,2533,NA,NA
Jaipur,Sanganer,36,NA,374,NA,NA,2708,NA,NA
Jaipur,Sanganer,37,NA,372,NA,NA,2132,NA,NA
Jaipur,Sanganer,38,NA,1167,NA,NA,4637,NA,NA
Jaipur,Sanganer,39,NA,164,NA,NA,2733,NA,NA
Jaipur,Mansarovar,40,NA,2786,NA,NA,2553,NA,NA
Jaipur,Mansarovar,41,NA,2204,NA,NA,3548,NA,NA
Jaipur,Mansarovar,42,NA,1636,NA,NA,3218,NA,NA
Jaipur,Mansarovar,43,NA,2574,NA,NA,1908,NA,NA
Jaipur,Mansarovar,44,NA,2159,NA,NA,2186,NA,NA
Jaipur,Sanganer,45,NA,751,NA,NA,2247,NA,NA
Jaipur,Sanganer,46,NA,293,NA,NA,2071,NA,NA
Jaipur,Sanganer,47,NA,494,NA,NA,1719,NA,NA
Jaipur,Sanganer,48,NA,983,NA,NA,4075,NA,NA
Jaipur,Sanganer,49,NA,264,NA,NA,2242,NA,NA
Jaipur,Sanganer,50,NA,416,NA,NA,2306,NA,NA
Jaipur,"Moti Dungri",51,NA,273,NA,NA,1973,NA,NA
Jaipur,Sanganer,52,NA,988,NA,NA,2926,NA,NA
Jaipur,"Moti Dungri",53,NA,407,NA,NA,2085,NA,NA
Jaipur,"Moti Dungri",54,NA,1612,NA,NA,2192,NA,NA
Jaipur,Mansarovar,55,NA,2874,NA,NA,2911,NA,NA
Jaipur,"Civil Line",56,NA,1898,NA,NA,2366,NA,NA
Jaipur,"Civil Line",57,NA,1865,NA,NA,2474,NA,NA
Jaipur,"Civil Line",58,NA,980,NA,NA,2087,NA,NA
Jaipur,"Moti Dungri",59,NA,1286,NA,NA,2787,NA,NA
Jaipur,"Moti Dungri",60,NA,1105,NA,NA,2027,NA,NA
Jaipur,"Moti Dungri",61,NA,624,NA,NA,2984,NA,NA
Jaipur,"Moti Dungri",62,NA,81,NA,NA,639,NA,NA
Jaipur,"Hawa Mahal East",63,NA,225,NA,NA,5765,NA,NA
Jaipur,"Moti Dungri",64,NA,719,NA,NA,1930,NA,NA
Jaipur,"Moti Dungri",65,NA,409,NA,NA,1124,NA,NA
Jaipur,"Hawa Mahal East",66,NA,104,NA,NA,1054,NA,NA
Jaipur,"Hawa Mahal East",67,NA,508,NA,NA,1097,NA,NA
Jaipur,"Hawa Mahal East",68,NA,227,NA,NA,902,NA,NA
Jaipur,"Hawa Mahal East",69,NA,50,NA,NA,830,NA,NA
Jaipur,"Hawa Mahal East",70,NA,100,NA,NA,1040,NA,NA
Jaipur,"Hawa Mahal East",71,NA,219,NA,NA,883,NA,NA
Jaipur,"Hawa Mahal East",72,NA,156,NA,NA,764,NA,NA
Jaipur,"Hawa Mahal East",73,NA,315,NA,NA,1893,NA,NA
Jaipur,"Hawa Mahal West",74,NA,164,NA,NA,1680,NA,NA
Jaipur,"Hawa Mahal West",75,NA,86,NA,NA,2066,NA,NA
Jaipur,"Civil Line",76,NA,708,NA,NA,1430,NA,NA
Jaipur,"Hawa Mahal West",77,NA,177,NA,NA,985,NA,NA
Jaipur,"Hawa Mahal West",78,NA,207,NA,NA,1079,NA,NA
Jaipur,"Vidhyadhar Nagar",79,NA,417,NA,NA,1606,NA,NA
Jaipur,"Vidhyadhar Nagar",80,NA,217,NA,NA,1058,NA,NA
Jaipur,"Vidhyadhar Nagar",81,NA,511,NA,NA,1782,NA,NA
Jaipur,"Vidhyadhar Nagar",82,NA,306,NA,NA,1036,NA,NA
Jaipur,"Hawa Mahal West",83,NA,341,NA,NA,1359,NA,NA
Jaipur,"Hawa Mahal West",84,NA,626,NA,NA,1485,NA,NA
Jaipur,"Hawa Mahal East",85,NA,49,NA,NA,957,NA,NA
Jaipur,"Hawa Mahal East",86,NA,62,NA,NA,943,NA,NA
Jaipur,Amer,87,NA,414,NA,NA,1014,NA,NA
Jaipur,Amer,88,NA,515,NA,NA,1353,NA,NA
Jaipur,Amer,89,NA,169,NA,NA,1060,NA,NA
Jaipur,Amer,90,NA,520,NA,NA,2841,NA,NA
Jaipur,Amer,91,NA,528,NA,NA,1016,NA,NA
