"City Name","Zone Name","Ward Name","Number of Poles","No. of poles of LED Bulbs","No. of poles with conventional / non LED Lights","Total length of roads (in km)","Number of street lights / poles per km of road","Total no. of streets","No. of streets with adequate street lighting facilties"
Bareilly,"ZONE -01",Khalilpur,420,355,37,2.3,46,1,37
Bareilly,"ZONE -01","Maula Nagar",517,437,40,2.8,56,1,40
Bareilly,"ZONE -01",Mathurapur,333,186,30,3,60,1,117
Bareilly,"ZONE -01","Swale Nagar",328,168,40,3.4,68,1,20
Bareilly,"ZONE -01","Kat Ghar",200,118,42,3.2,64,1,40
Bareilly,"ZONE -01",Jauharpur,313,248,25,3.8,76,1,40
Bareilly,"ZONE -01",Nandausi,280,205,45,3,60,1,30
Bareilly,"ZONE -01","Chaudhary Mohalla",464,384,40,3.4,68,1,40
Bareilly,"ZONE -01",Malookpur,292,232,25,2.1,42,1,35
Bareilly,"ZONE -01","Maheshpur Ataria",372,312,25,2,40,1,40
Bareilly,"ZONE -01","Kila Chhawni",244,159,45,3,60,1,40
Bareilly,"ZONE -01",Bankhana,345,270,45,3,60,1,30
Bareilly,"ZONE -01","Saitpur Hawkins",593,528,25,2.1,42,1,40
Bareilly,"ZONE -01",Kunwarpur,313,218,45,1,20,1,50
Bareilly,"ZONE -01","Gulab Nagar",244,99,80,2.4,48,1,65
Bareilly,"ZONE -01",Sarania,121,15,76,3,60,1,30
Bareilly,"ZONE -01",Sahukara,504,454,30,3.2,64,1,20
Bareilly,"ZONE -01","Khannu Mohalla",421,351,30,2,40,1,40
Bareilly,"ZONE -01",Vidhaulia,482,417,35,3,60,1,30
Bareilly,"ZONE -01","Kher Shekh Mitthoo",379,329,30,2,40,1,20
Bareilly,"ZONE -01","English Ganj",289,209,50,3,60,1,30
Bareilly,"ZONE -01",Saudagaran,664,617,27,2,40,1,20
Bareilly,Zone-02,"Biharipur Civil Lines",352,281,40,3,60,1,30
Bareilly,Zone-02,Jatawpura,336,268,28,4,80,1,40
Bareilly,Zone-02,"Sugar Factory",330,256,44,3.2,64,1,30
Bareilly,Zone-02,Nekpur,460,410,30,3,60,1,20
Bareilly,Zone-02,"Veer Bhatti",303,213,50,2,40,1,40
Bareilly,Zone-02,Naumahala,439,391,28,1,20,1,20
Bareilly,Zone-02,Sithaura,243,178,25,3,60,1,40
Bareilly,Zone-02,"Shanti vihar",317,252,35,2.7,54,1,30
Bareilly,Zone-02,"Azam Nagar",270,205,25,3,60,1,40
Bareilly,Zone-02,"Subhash Nagar",494,444,30,3.1,62,1,20
Bareilly,Zone-02,"Madi Nath",289,224,35,2,40,1,30
Bareilly,Zone-02,"Gandhi Udyan",1078,1033,25,3,60,1,20
Bareilly,Zone-02,"Rampur Bagh",575,505,30,2.1,42,1,40
Bareilly,Zone-02,"Benipur Chaudhary",293,243,20,2,40,1,30
Bareilly,Zone-02,"Biharipur Memaran",379,309,30,2,40,1,40
Bareilly,Zone-02,"Faltoon Ganj",193,103,50,3.2,64,1,40
Bareilly,Zone-02,Shahdana,336,271,35,1,20,1,30
Bareilly,Zone-02,"Kanoon Goyan",404,359,25,5,100,1,20
Bareilly,Zone-02,Siklapur,323,255,38,2.8,56,1,30
Bareilly,Zone-02,"Bajari Pooranmal",402,332,40,4,80,1,30
Bareilly,Zone-02,Sahabad,220,387,30,3,60,1,35
Bareilly,Zone-02,"Alam Giri Ganj",303,233,45,3,60,1,25
Bareilly,Zone-03,"Chhoti Bihar",573,510,40,4.2,84,1,23
Bareilly,Zone-03,"Nwada Shekhan",278,176,35,5.1,102,1,67
Bareilly,Zone-03,"Badi Bihar",387,324,35,4.1,82,1,28
Bareilly,Zone-03,"Katra Chand Khan",296,216,50,3.1,62,1,30
Bareilly,Zone-03,Bramhapura,296,181,55,2,40,1,60
Bareilly,Zone-03,Hajiapur,294,195,55,2.1,42,1,44
Bareilly,Zone-03,"Sanjay Nagar",536,476,40,2,40,1,20
Bareilly,Zone-03,Haroonagla,1125,1036,40,3.2,64,1,50
Bareilly,Zone-03,"Bankhandi Nath",354,274,40,3.2,64,1,35
Bareilly,Zone-03,"Kakar Tola",293,214,44,2.8,56,1,35
Bareilly,Zone-03,"Sahaswani Tola",288,194,46,2.1,42,1,48
Bareilly,Zone-03,Akashpuram,388,285,45,4,80,1,58
Bareilly,Zone-03,"Nawada Jogiyan",231,145,42,3.2,64,1,44
Bareilly,Zone-03,"Roli Tola",208,112,51,3.1,62,1,42
Bareilly,Zone-03,"Chak Mahmood",333,242,50,3,60,1,41
Bareilly,Zone-03,"Suresh Sharma Nagar",535,470,32,2.8,56,1,33
Bareilly,Zone-03,"Nayi Basti",383,298,25,3.1,62,1,60
Bareilly,Zone-03,"Aizaz Nagar Gotia",378,308,35,4,80,1,35
Bareilly,Zone-03,"Sofi Tola",329,241,55,3,60,1,33
Bareilly,Zone-03,"Chak Mahmood Nagar",239,144,55,2,40,1,40
Bareilly,Zone-03,"Rabri Tola",328,261,35,4.8,96,1,32
Bareilly,Zone-04,"Model Town",627,574,31,5,100,1,22
Bareilly,Zone-04,"Railway Colony Partapur",276,229,29,4,80,1,18
Bareilly,Zone-04,Kanjadaspur,497,424,35,6,120,1,38
Bareilly,Zone-04,"Indira Nagar",807,727,35,3,60,1,45
Bareilly,Zone-04,IVRI,421,334,32,4,80,1,55
Bareilly,Zone-04,"Faridapur Chaudhary",389,293,41,2.8,56,1,55
Bareilly,Zone-04,"Raipura Chaudhary",434,353,31,6.5,130,1,56
Bareilly,Zone-04,"Partapur Chaudhary",438,354,34,4,80,1,50
Bareilly,Zone-04,"Gandhi Puram",473,419,34,3,60,1,32
Bareilly,Zone-04,"Shastri Nagar",387,321,22,3.1,62,1,31
Bareilly,Zone-04,Janakpuri,637,583,32,3.2,64,1,32
Bareilly,Zone-04,"Nagari Parikshit",297,209,31,4,80,1,56
Bareilly,Zone-04,Bhood,529,462,35,2.4,48,1,36
Bareilly,Zone-04,"Awas Vikas",539,738,45,2.3,46,1,42
