Category,"State/Union Territory","Forest Degraded Area","Non-Forest Degraded Area - Saline & Alkaline Lands","Non-Forest Degraded Area - Wind Eroded Area","Non-Forest Degraded Area - Water Eroded Area","Non-Forest Degraded Area - Total"
Total,Total,35889,7165,12926,73600,93691
States,"Andhra Pradesh",3734,240,NA,7442,7682
States,"Arunachal Pradesh",NA,NA,NA,NA,NA
States,Assam,795,NA,NA,935,935
States,Bihar,1562,4,NA,3892,3896
States,Goa,NA,NA,NA,NA,NA
States,Gujarat,683,1214,704,5235,7153
States,Haryana,74,526,1599,276,2404
States,"Himachal Pradesh",534,NA,NA,1424,1424
States,"Jammu & Kashmir",1034,NA,NA,531,531
States,Karnataka,2043,404,NA,6718,7122
States,Kerala,226,16,NA,1037,1053
States,"Madhya Pradesh",7195,242,NA,12705,12947
States,Maharashtra,2841,534,NA,11026,11560
States,Manipur,1424,NA,NA,14,14
States,Meghalaya,1103,NA,NA,815,815
States,Mizoram,NA,NA,NA,NA,NA
States,Nagaland,878,NA,NA,508,508
States,Orissa,3227,404,NA,2753,3157
States,Punjab,79,688,NA,463,1151
States,Rajasthan,1933,728,10623,6659,18010
States,Sikkim,150,NA,NA,131,131
States,"Tamil Nadu",1009,4,NA,3388,3392
States,Tripura,865,NA,NA,108,108
States,"Uttar Pradesh",1426,1295,NA,5340,6635
States,"West Bengal",359,850,NA,1327,2177
"Union Territories","Union Territories",2715,16,NA,873,889
