CORPORATE_IDENTIFICATION_NUMBER,COMPANY_NAME,COMPANY_STATUS,COMPANY_CLASS,COMPANY_CATEGORY,COMPANY_SUB_CATEGORY,DATE_OF_REGISTRATION,REGISTERED_STATE,AUTHORIZED_CAP,PAIDUP_CAPITAL,INDUSTRIAL_CLASS,PRINCIPAL_BUSINESS_ACTIVITY_AS_PER_CIN,REGISTERED_OFFICE_ADDRESS,REGISTRAR_OF_COMPANIES,EMAIL_ADDR,LATEST_YEAR_ANNUAL_RETURN,LATEST_YEAR_FINANCIAL_STATEMENT
U85110MZ1990PTC003430,"GREENWOOD HOSPITAL PVT LTD",Active,Private,"Company limited by Shares","Non-govt company",1990-04-19T06:37:27Z,Mizoram,12500000,11637300,`85110,"Community, personal & Social Services","BAWNGKAWN       AIZAWL   MZ IN 000000",RoC-Shillong,zirtiri@hotmail.com,31-03-2017,31-03-2017
U65921MZ2007PLC008236,"LERSIA FORTUNE FINANCE COMPANY LIMITED","Strike Off",Public,"Company limited by Shares","Non-govt company",2007-08-20T06:37:27Z,Mizoram,20500000,500000,`65921,Finance,"ZOLIANSANGA BUILDING CHANMARI     AIZAWL   MZ IN 796001",RoC-Shillong,legacycorpn@yahoo.co.in,31-03-2013,31-03-2013
U65922MZ2006PLC008256,"NORTH EAST REGION HOUSING FINANCE COMPANY LIMITED",Active,Public,"Company limited by Shares","Non-govt company",2006-04-03T06:37:27Z,Mizoram,200000000,136665000,`65922,Finance,"HOUSE NO. D 64(E), 2ND  BACK SIDE BUILDING, REPUBLIC ROAD, SIKULPUIKAWN, MISSION VENG, AIZAWL     AIZAWL Aizawl MZ IN 796005",RoC-Shillong,nerhoficltd@gmail.com,31-03-2016,31-03-2016
U65929MZ1988SGC003161,"MIZORAM HANDLOOM AND HANDICRAFTS DEVELOPMENT CORPORATION LTD",Active,Private,"Company limited by Shares","State Govt company",1988-12-20T06:37:27Z,Mizoram,100000000,100000000,`65929,Finance,"KHATLA,       AIZWAL,   MZ IN 796001",RoC-Shillong,kdk1999@gmail.com,NA,31-03-2004
U65929MZ2013NPL008275,"LEGACY INDIA MICRO FINANCE",Active,Private,"Company Limited by Guarantee","Non-govt company",2013-03-25T06:37:27Z,Mizoram,0,0,`65929,Finance,"KLB 5(J) Zemabawk, AL Road     Aizawl Aizawl MZ IN 796017",RoC-Shillong,akansanju@gmail.com,NA,NA
U65990MZ2014NPL008279,"LUSHAI HILLS MICRO FINANCE",Active,Private,"Company Limited by Guarantee","Non-govt company",2014-07-25T06:37:27Z,Mizoram,0,0,`65990,Finance,"DV 3 THAKTHING DAMVENG     AIZAWL Aizawl MZ IN 796005",RoC-Shillong,drdothanga@gmail.com,NA,NA
U92100MZ2011PTC008262,"ZONET CABLE TV PRIVATE LIMITED",Active,Private,"Company limited by Shares","Non-govt company",2011-03-25T06:37:27Z,Mizoram,50000000,46543570,`92100,"Community, personal & Social Services","ZORUM, 3RD FLOOR, REV. ZAIREMA BUILDING, ZARKAWT,     AIZAWL   MZ IN 796001",RoC-Shillong,zonet@rediffmail.com,31-03-2017,31-03-2017
U92412MZ2015PTC008285,"AIZAWL FOOTBALL CLUB PRIVATE LIMITED",Active,Private,"Company limited by Shares","Non-govt company",2015-07-10T06:37:27Z,Mizoram,10000000,10000000,`92412,"Community, personal & Social Services","A.31 CHURCH STREET CHHINGA VENG       AIZAWL Aizawl MZ IN 796001",RoC-Shillong,robertroyte@yahoo.com,31-03-2016,31-03-2016
U72900MZ2000PTC006005,"COATES INFORMATION TECHNOLOGY PRIVATE LI MITED","Strike Off",Private,"Company limited by Shares","Non-govt company",2000-01-25T06:37:27Z,Mizoram,500000,20000,`72900,"Business Services","2ND FLOOR R B COMPLEXZARKAWT AIZWAL       MIZORAM   MZ IN 796001",RoC-Shillong,NA,NA,NA
U72900MZ2015PTC008288,"PISTICUS NETWORK SOLUTIONS PRIVATE LIMITED",Active,Private,"Company limited by Shares","Non-govt company",2015-08-25T06:37:27Z,Mizoram,100000,100000,`72900,"Business Services","Lalhmelthaa Building, Upper Khatla, Aizawl Mizoram,     Aizawl   MZ IN 796001",RoC-Shillong,nextcommisp@gmail.com,NA,NA
U01403MZ2012PTC008271,"PREMIER AGRO TECH PRIVATE LIMITED","Under Process of Striking off",Private,"Company limited by Shares","Non-govt company",2012-04-02T06:37:27Z,Mizoram,500000,500000,`01403,"Agriculture and Allied Activities","HOUSE NO. F-54, R.L ZOMAWIA BUILDING CHANMARI     AIZAWL Aizawl MZ IN 796007",RoC-Shillong,premieragrotechpvtltd@gmail.com,NA,NA
U01409MZ2008PTC008247,"MIZO ORGANIC LUNGLEI FARMER PRODUCER COM PANY LIMITED","Strike Off",Private,"Company limited by Shares","Non-govt company",2008-07-09T06:37:27Z,Mizoram,250000,0,`01409,"Agriculture and Allied Activities","C/o AMFU Office, Pu K. Selhranga Building Near Civil Hospital,     Lunglei Lunglei MZ IN 796571",RoC-Shillong,h-n78@rediffmail.com,NA,NA
U01419MZ1993SGC003867,"MIZORAM AGRICULTURAL MARKETING CORPORATION LTD.",Active,Private,"Company limited by Shares","State Govt company",1993-02-26T06:37:27Z,Mizoram,100000000,62410000,`01419,"Agriculture and Allied Activities","ZARKAWT       AIZWAL   MZ IN 796001",RoC-Shillong,mamcoltd@gmail.com,31-03-2010,31-03-2009
U10101MZ2011SGC008268,"MIZORAM MINERAL DEVELOPMENT CORPORATION LIMITED","Strike Off",Public,"Company limited by Shares","State Govt company",2011-08-25T06:37:27Z,Mizoram,250000000,1500000,`10101,"Mining & Quarrying","C/O Zoram Industrial Development Corporation Ltd New Secretariat Complex, Khatla     Aizawl   MZ IN 796001",RoC-Shillong,lalit.khetan@spml.co.in,31-03-2015,31-03-2015
U52609MZ2016PTC013300,"CURREX TRADING PRIVATE LIMITED",Active,Private,"Company limited by Shares","Non-govt company",2016-11-23T06:37:27Z,Mizoram,100000,100000,`52609,Trading,"Republic Hmar, Veng,     Aizawl Aizawl MZ IN 796001",RoC-Shillong,amuana91@gmail.com,NA,NA
U55101MZ1984PTC002211,"MOONLIGHT HOTEL PVT LTD","Strike Off",Private,"Company limited by Shares","Non-govt company",1984-08-17T06:37:27Z,Mizoram,3500000,1130000,`55101,Trading,"AIZAWL   MZ IN",RoC-Shillong,NA,NA,NA
U55101MZ2001PTC006593,"MIZORAM GRAND HOTEL PRIVATE LIMITED","Strike Off",Private,"Company limited by Shares","Non-govt company",2001-08-23T06:37:27Z,Mizoram,500000,100000,`55101,Trading,"CHANDMARY VENGAIZAWL       MIZORAM   MZ IN 000000",RoC-Shillong,NA,NA,NA
U55101MZ2005PTC007647,"HRANGBANA RESORT PRIVATE LIMITED","Strike Off",Private,"Company limited by Shares","Non-govt company",2005-02-01T06:37:27Z,Mizoram,500000,100000,`55101,Trading,"D-4/A,CHANDMARI, DIST: AIZAWL     AIZAWL   MZ IN 796007",RoC-Shillong,NA,NA,NA
U60210MZ1971PTC001346,"MIZO TRANSPORT CO PVT LTD","Strike Off",Private,"Company limited by Shares","Non-govt company",1971-06-29T06:37:27Z,Mizoram,100000,300,`60210,"Transport, storage and Communications","BARA BAZARAIZAWL       MIZORAM   MZ IN 000000",RoC-Shillong,NA,NA,NA
U60231MZ2000PTC006158,"MIZORAM ROAD TRANSPORT COMPANY PRIVATE L IMITED","Strike Off",Private,"Company limited by Shares","Non-govt company",2000-05-11T06:37:27Z,Mizoram,500000,20000,`60231,"Transport, storage and Communications","LOWER ZARKOWTAIZWAL       MIZORAM   MZ IN 796007",RoC-Shillong,NA,NA,NA
U01100MZ2016PTC013293,"ZO THLAI THAR PRODUCER COMPANY LIMITED",Active,Private,"Company limited by Shares","Non-govt company",2016-05-25T06:37:27Z,Mizoram,1000000,10000,`01100,"Agriculture and Allied Activities","DURTLANG MIZORAM       MIZORAM Aizawl MZ IN 796025",RoC-Shillong,lalbiaka1966@gmail.com,NA,NA
U01110MZ2011PLC008266,"NORTH EAST STEVIA LIMITED","Under Process of Striking off",Public,"Company limited by Shares","Non-govt company",2011-08-08T06:37:27Z,Mizoram,1000000,1000000,`01110,"Agriculture and Allied Activities","T-123, Model Veng, Near Fisheries Dept., Lengpui     Lengpui Aizawl MZ IN 796410",RoC-Shillong,northeaststevia@gmail.com,NA,NA
U01111MZ1999PLC005713,"ZORAM AGRICULTURAL TRADING COMPANY LIMIT ED","Strike Off",Public,"Company limited by Shares","Non-govt company",1999-03-26T06:37:27Z,Mizoram,5000000,35000,`01111,"Agriculture and Allied Activities","P O  BAZAR BUNGKAWN       AIZAWL   MZ IN 000000",RoC-Shillong,NA,NA,NA
U01113MZ2018PTC013315,"VAREDIMA PRIVATE LIMITED",Active,Private,"Company limited by Shares","Non-govt company",2018-03-27T06:37:27Z,Mizoram,1000000,200000,`01113,"Agriculture and Allied Activities","C-23,NEAR TRANSPORT OFFICE, CHALTLANG LILY VENG,C/O RUNREMSANGI     AIZWAL Aizawl MZ IN 796001",RoC-Shillong,chhawnchhek@gmail.com,NA,NA
U01114MZ2018PTC013312,"AINON ENTERPRISES PRIVATE LIMITED",Active,Private,"Company limited by Shares","Non-govt company",2018-01-15T06:37:27Z,Mizoram,100000,100000,`01114,"Agriculture and Allied Activities","A/F No 10. Near PCI Pastor Quater, Thuampui,     Aizawl Aizawl MZ IN 796017",RoC-Shillong,santosh@vamco.in,NA,NA
U01119MZ1997PTC005236,"VEE CEE COMMERCIALS PVT LTD","Strike Off",Private,"Company limited by Shares","Non-govt company",1997-11-03T06:37:27Z,Mizoram,200000,20000,`01119,"Agriculture and Allied Activities","6AWNGKAWNRAMHLUN ROAD AIZAWAL       MIZORAM   MZ IN 000000",RoC-Shillong,NA,NA,NA
U01119MZ2000PTC006070,"MIZORAM AGRO FOREST PRIVATE LIMITED","Strike Off",Private,"Company limited by Shares","Non-govt company",2000-03-13T06:37:27Z,Mizoram,2500000,30000,`01119,"Agriculture and Allied Activities","0LECTRIC VENG B 69AIZAWL       MIZORAM   MZ IN 000000",RoC-Shillong,NA,NA,NA
U01119MZ2007PTC008235,"ZOHILLS AGRICULTURE AND ALLIED SERVICES PRIVATE LIMITED","Strike Off",Private,"Company limited by Shares","Non-govt company",2007-02-12T06:37:27Z,Mizoram,1000000,149200,`01119,"Agriculture and Allied Activities","OPPOSITE DIRECTORATE OF HORTICULTURE NEAR AIZAWL TENNIS COURT     AIZAWL Aizawl MZ IN 796001",RoC-Shillong,zohai_06@yahoo.com,31-03-2009,NA
U01119MZ2009PTC008252,"NUTECH BAMBOO PROJECTS PRIVATE LIMITED",Active,Private,"Company limited by Shares","Non-govt company",2009-01-06T06:37:27Z,Mizoram,50000000,38825000,`01119,"Agriculture and Allied Activities","H. NO. Y II-A7 DINGDI VENG, CHALTLANG     AIZAWL   MZ IN 796012",RoC-Shillong,nutechbamboo@gmail.com,31-03-2017,31-03-2017
U01122MZ2008PLC008239,"MIZO ORGANIC LIMITED","Strike Off",Public,"Company limited by Shares","Non-govt company",2008-05-02T06:37:27Z,Mizoram,15000000,700000,`01122,"Agriculture and Allied Activities","MIP OFFICE DIRECTORATE OF AGRICULTURE BUILDING TOP FLOOR,     AIZAWL Aizawl MZ IN 796001",RoC-Shillong,pradeep@diamondshipping.com,31-03-2009,31-03-2009
U01122MZ2008PTC008240,"MIZO ORGANICS SERCHHIP FARMER PRODUCER C OMPANY LIMITED","Strike Off",Private,"Company limited by Shares","Non-govt company",2008-06-12T06:37:27Z,Mizoram,250000,0,`01122,"Agriculture and Allied Activities","C/o AMFU Office, PU PC Thangliana Building H/No 165 Serchhip Bazar Veng,     Serchhip Serchhip MZ IN 796181",RoC-Shillong,h-n78@rediffmail.com,NA,NA
U01122MZ2008PTC008241,"MIZORGANIC CHAMPHAI FARMER PRODUCER COMP ANY LIMITED","Strike Off",Private,"Company limited by Shares","Non-govt company",2008-06-12T06:37:27Z,Mizoram,250000,0,`01122,"Agriculture and Allied Activities","C/o AMFU Office, Pu H. Taithuama Building Champhai Venglai     Champhai Champhai MZ IN 796321",RoC-Shillong,h-n78@rediffmail.com,NA,NA
U01122MZ2008PTC008242,"MIZORGANICS KOLASIB FARMER PRODUCER COMP ANY LIMITED","Strike Off",Private,"Company limited by Shares","Non-govt company",2008-06-12T06:37:27Z,Mizoram,250000,0,`01122,"Agriculture and Allied Activities","C/o AMFU Office, AMFU Building Project Veng, Near Telephone Exchange     Kolasib Kolasib MZ IN 796081",RoC-Shillong,h-n78@rediffmail.com,NA,NA
U01122MZ2008PTC008243,"MIZO ORGANIC MAMIT PRODUCER COMPANY LIMI TED","Strike Off",Private,"Company limited by Shares","Non-govt company",2008-06-12T06:37:27Z,Mizoram,250000,0,`01122,"Agriculture and Allied Activities","C/o AMFU Office, Pu Vanlalthawma Pachuau Building Mamit Zion Veng,     Mamit Mamit MZ IN 796441",RoC-Shillong,h-n78@rediffmail.com,NA,NA
U01122MZ2008PTC008244,"MIZORGANIC SAIHA PRODUCER COMPANY LIMITE D","Strike Off",Private,"Company limited by Shares","Non-govt company",2008-06-12T06:37:27Z,Mizoram,250000,0,`01122,"Agriculture and Allied Activities","C/o AMFU Office Dr. Chawngkhuma Chawngthu Building, College Veng     Saiha Saiha MZ IN 796901",RoC-Shillong,h-n78@rediffmail.com,NA,NA
U01122MZ2008PTC008245,"MIZO ORGANIC LAWNGTLAI PRODUCTS PRODUCER  COMPANY LIMITED","Strike Off",Private,"Company limited by Shares","Non-govt company",2008-06-12T06:37:27Z,Mizoram,250000,0,`01122,"Agriculture and Allied Activities","C/o AMFU Office Lawngtlai Bazar Veng,     Lawngtlai Lawngtlai MZ IN 796891",RoC-Shillong,h-n78@rediffmail.com,NA,NA
U01122MZ2008PTC008246,"MIZO ORGANIC AIZAWL FARMER PRODUCER COMP ANY LIMITED","Strike Off",Private,"Company limited by Shares","Non-govt company",2008-06-12T06:37:27Z,Mizoram,250000,0,`01122,"Agriculture and Allied Activities","C/o AMFU Office H. Thanzami Building, Treasury Square,     Aizawl Aizawl MZ IN 796001",RoC-Shillong,pradeep@diamondshipping.com,NA,NA
U45400MZ2007PLC008255,"ASIAN BULLS CONSTRUCTION AND DEVELOPERS LIMITED",Active,Public,"Company limited by Shares","Non-govt company",2007-05-25T06:37:27Z,Mizoram,70000000,65500000,`45400,Construction,"Room No. 1A, Top Floor, Millinium Centre Dawrpui, Aizawl     Aizawl   MZ IN 796001",RoC-Shillong,kjameslrb@yahoo.co.in,31-03-2017,31-03-2017
U45403MZ2018SGC013317,"AIZAWL SMART CITY LIMITED",Active,Public,"Company limited by Shares","State Govt company",2018-03-28T06:37:27Z,Mizoram,500000,100000,`45403,Construction,"C/O MIZORAM SECRETARIAT NEW CAPITAL COMPLEX     AIZAWL Aizawl MZ IN 796005",RoC-Shillong,atanusristi@gmail.com,NA,NA
U74140MZ2001PTC006564,"BIOSC MANAGEMENT CENTRE MIZORAM PRIVATE LIMITED","Strike Off",Private,"Company limited by Shares","Non-govt company",2001-07-02T06:37:27Z,Mizoram,100000,100000,`74140,"Business Services","E 78 CHAWNGA ROAD  KHATLAAIZWAL       MIZORAM   MZ IN 796001",RoC-Shillong,akansanju@gmail.com,NA,NA
U74140MZ2008PLC008251,"MIZORAM FINANCIAL CONSULTANCY SERVICES L IMITED","Strike Off",Public,"Company limited by Shares","Non-govt company",2008-10-02T06:37:27Z,Mizoram,500000,0,`74140,"Business Services","H. NO.95, RAMTHAR VENG SIHPUI VENG     AIZAWL Aizawl MZ IN 796001",RoC-Shillong,ranadhirpal@gmail.com,NA,NA
U15134MZ1989SGC003379,"MIZORAM FOOD AND ALLIED INDUSTRIES CORPORATION LTD",Active,Private,"Company limited by Shares","State Govt company",1989-12-19T06:37:27Z,Mizoram,200000000,197830900,`15134,"Manufacturing (Food stuffs)","CANTEEN SQUARE       AIZAWL   MZ IN 796001",RoC-Shillong,mifco@rediffmail.com,31-03-2012,31-03-2010
U15143MZ1997PTC005117,"ZAHNUN VEGETABLE OIL COMPANY PVT LTD","Strike Off",Private,"Company limited by Shares","Non-govt company",1997-07-10T06:37:27Z,Mizoram,1000000,20000,`15143,"Manufacturing (Food stuffs)","THUAMPUIAIZAWL       MIZORAM   MZ IN 000000",RoC-Shillong,NA,NA,NA
U15143MZ2006PTC008232,"MATHIPI OILS AND ALLIED SERVICES PRIVATE  LIMITED","Strike Off",Private,"Company limited by Shares","Non-govt company",2006-10-20T06:37:27Z,Mizoram,1000000,0,`15143,"Manufacturing (Food stuffs)","D-66,SIKULPUIKAWN,REPUBLIC ROAD MISSION VENG     AIZAWL   MZ IN 796001",RoC-Shillong,vanlal3@yahoo.co.in,NA,NA
U15300MZ2014PTC008278,"ZORAM MEGA FOOD PARK PRIVATE LIMITED",Active,Private,"Company limited by Shares","Non-govt company",2014-05-30T06:37:27Z,Mizoram,200000000,120932500,`15300,"Manufacturing (Food stuffs)","A-57 LOWER ZARKAWT       AIZAWL Aizawl MZ IN 796001",RoC-Shillong,admin@zorammegafood.com,31-03-2017,31-03-2017
U15491MZ2001PTC006619,"NGOPA TEA PRIVATE LIMITED",Active,Private,"Company limited by Shares","Non-govt company",2001-09-11T06:37:27Z,Mizoram,1000000,200000,`15491,"Manufacturing (Food stuffs)","F  KAPSANGA BUILDINGTUIKUAL A AIZAWL     AIZAWL   MZ IN 796001",RoC-Shillong,NA,NA,NA
U51109MZ1998PLC005310,"ZORAM AGROFARM INDUSTRIES LIMITED","Strike Off",Public,"Company limited by Shares","Non-govt company",1998-01-21T06:37:27Z,Mizoram,500000,7000,`51109,Trading,"C O DR  SAMTE VUNGZALIANTUIKUAL  A AIZWAL DIST AIZWAL.     MIZORAM   MZ IN 000000",RoC-Shillong,NA,NA,NA
U74900MZ2010PTC008261,"HILL-TRIBES ENTERPRISE PRIVATE LIMITED","Under Process of Striking off",Private,"Company limited by Shares","Non-govt company",2010-08-09T06:37:27Z,Mizoram,1000000,100000,`74900,"Business Services","C/O HLUNA PAKHUANGTE, HOUSE NO B/33 PANGDAILO BUILDING, MC DONALD HILL, ZARKAWT     AIZAWL Aizawl MZ IN 796007",RoC-Shillong,johnzjoute@rediffmail.com,31-03-2011,31-03-2011
U74900MZ2015NPL008282,"AIZAWL CRICKET LEAGUE",Active,Private,"Company limited by Shares","Non-govt company",2015-01-30T06:37:27Z,Mizoram,100000,100000,`74900,"Business Services","Model Veng,Aizawl, H.Thanhrila Building       Aizawl Aizawl MZ IN 796001",RoC-Shillong,ravindra.mishra@esselgroup.com,NA,NA
U15543MZ2003PTC007080,"MACY MINERAL WATER PRIVATE LIMITED","Strike Off",Private,"Company limited by Shares","Non-govt company",2003-04-16T06:37:27Z,Mizoram,500000,100000,`15543,"Manufacturing (Food stuffs)","SIKULPUIKAWN MISSION VENGAIZAWL       MIZORAM   MZ IN 796001",RoC-Shillong,NA,NA,NA
U15543MZ2006PTC008234,"STS BOTTLING PRIVATE LIMITED","Strike Off",Private,"Company limited by Shares","Non-govt company",2006-12-08T06:37:27Z,Mizoram,1000000,0,`15543,"Manufacturing (Food stuffs)","BRIG. C.VANKUNGA BUILDING (1st FLOOR) LOWER CHANMARI, ELECTRIC MAIN ROAD     AIZAWL Aizawl MZ IN 796007",RoC-Shillong,kiron_53@hotmail.com,NA,NA
U15549MZ2018PTC013311,"WILD AND EXOTICA ORGANICS PRIVATE LIMITED",Active,Private,"Company limited by Shares","Non-govt company",2018-01-15T06:37:27Z,Mizoram,1000000,100000,`15549,"Manufacturing (Food stuffs)","H/O DR. C LALHMANMAWIA CANTEEN ROAD, ZEMABAWK     AIZAWL Aizawl MZ IN 796017",RoC-Shillong,THAWE.BIZ@GMAIL.COM,NA,NA
U17121MZ2013PTC008276,"HMINGTHANGI MIZO-TEX PARK PRIVATE LIMITED",Active,Private,"Company limited by Shares","Non-govt company",2013-12-03T06:37:27Z,Mizoram,1000000,100000,`17121,"Manufacturing (Textiles)","D-32, PWD Tillah Zarkawt       Aizawl Aizawl MZ IN 796007",RoC-Shillong,jahau@yahoo.co.in,31-03-2015,31-03-2015
U51431MZ2008PTC008248,"NIAGARA TIMBER PRODUCTS PRIVATE LIMITED","Under Process of Striking off",Private,"Company limited by Shares","Non-govt company",2008-07-11T06:37:27Z,Mizoram,1000000,100000,`51431,Trading,"CHALLIANNGURA BUILDING 5TH FLOOR, NEAR VANAPA HALL, TREASURY SQRS     AIZAWL Aizawl MZ IN 796001",RoC-Shillong,josethomasca@gmail.com,31-03-2011,31-03-2011
U51505MZ2008PTC008249,"LIMA TRADING PRIVATE LIMITED","Strike Off",Private,"Company limited by Shares","Non-govt company",2008-08-22T06:37:27Z,Mizoram,1000000,0,`51505,Trading,"C/O K C THAKURI BUILDING NEAR AIZAWL WATCH HOUSE BAZAR BUNGKAWN, DAWRPUI     AIZAWL Aizawl MZ IN 796001",RoC-Shillong,kh_randall8@yahoo.com,NA,NA
U20211MZ1998PTC005565,"ZORAM PLYWOOD AND AGROFARMS PRIVATE LIMI TED","Strike Off",Private,"Company limited by Shares","Non-govt company",1998-10-20T06:37:27Z,Mizoram,1000000,10000,`20211,"Manufacturing (Wood Products)","KULIAWN WESTAIZAWL       MIZORAM   MZ IN 000000",RoC-Shillong,NA,NA,NA
U20219MZ2010PTC008259,"NAMSAY ENTERPRISES PRIVATE LIMITED","Strike Off",Private,"Company limited by Shares","Non-govt company",2010-06-22T06:37:27Z,Mizoram,1000000,500000,`20219,"Manufacturing (Wood Products)","52, DIAKKAWN.       KOLASIB   MZ IN 796081",RoC-Shillong,gclient09@gmail.com,31-03-2015,31-03-2015
U20293MZ2006PTC008231,"GRACE RTP BAMBOO PRIVATE LIMITED",Active,Private,"Company limited by Shares","Non-govt company",2006-09-11T06:37:27Z,Mizoram,1000000,996100,`20293,"Manufacturing (Wood Products)","A/14, RTP BUSINESS TUIKUAL 'A'       AIZAWL   MZ IN 796001",RoC-Shillong,bu_dha@yahoo.com,31-03-2017,31-03-2017
U20293MZ2006PTC008233,"ZOCRAFTS BAMBOO PRIVATE LIMITED","Strike Off",Private,"Company limited by Shares","Non-govt company",2006-11-22T06:37:27Z,Mizoram,500000,0,`20293,"Manufacturing (Wood Products)","F-46, HRANTHANGA COLONY LOWER COLONY     AIZAWL Aizawl MZ IN 796007",RoC-Shillong,danielhnr@yahoo.com,NA,NA
U20299MZ1992PTC003700,"ZONUN MAT PLY PVT LTD",Active,Private,"Company limited by Shares","Non-govt company",1992-04-28T06:37:27Z,Mizoram,7000000,4000000,`20299,"Manufacturing (Wood Products)","A-20, ZARKAWT AIZWAL-1,AIZAWL, MIZORAM.           MZ IN 000000",RoC-Shillong,zonun_matplay@yahoo.co.in,31-03-2017,31-03-2017
U20299MZ1997PTC005235,"NORTH EAST BAMBOARD PVT LTD","Strike Off",Private,"Company limited by Shares","Non-govt company",1997-11-03T06:37:27Z,Mizoram,500000,20000,`20299,"Manufacturing (Wood Products)","D K 70 DINTHAR 1AIZAWAL DIST AIZAWAL.       MIZORAM   MZ IN 000000",RoC-Shillong,NA,NA,NA
U22219MZ2010PTC008258,"HIND SURYA BOOKS & PUBLISHING PRIVATE LIMITED","Under Process of Striking off",Private,"Company limited by Shares","Non-govt company",2010-06-22T06:37:27Z,Mizoram,1000000,100000,`22219,"Manufacturing (Paper & Paper products, Publishing, printing and reproduction of recorded media)","H.NO, -B 32 KHATLA     AIZAWL Aizawl MZ IN 796001",RoC-Shillong,wilfred_reid@yahoo.com,NA,NA
U51909MZ2009PTC008254,"PENIEL ENTERPRISES PRIVATE LIMITED","Under Process of Striking off",Private,"Company limited by Shares","Non-govt company",2009-10-15T06:37:27Z,Mizoram,1000000,100000,`51909,Trading,"T-37, TUIKHUAHTLANG       AIZAWL Aizawl MZ IN 796001",RoC-Shillong,akansanju@gmail.com,NA,NA
U51909MZ2012PTC008270,"KING TRADING PRIVATE LIMITED",Active,Private,"Company limited by Shares","Non-govt company",2012-03-20T06:37:27Z,Mizoram,10500000,100000,`51909,Trading,"E-29 CHANMARI     AIZAWL Aizawl MZ IN 796007",RoC-Shillong,gauraf_14@yahoo.com,31-03-2016,31-03-2016
U51909MZ2013PTC008272,"MIZO LIFE STYLE MARKETING PRIVATE LIMITED","Under Process of Striking off",Private,"Company limited by Shares","Non-govt company",2013-01-31T06:37:27Z,Mizoram,100000,100000,`51909,Trading,"T-5/B, IIIrd FLOOR TUIKHUAHTLANG     AIZAWL Aizawl MZ IN 796001",RoC-Shillong,gunasekaran@rmpadmin.com,31-03-2017,31-03-2017
U74999MZ2016PTC013292,"NORTH EAST VOCATIONAL & SKILL ACADEMY PRIVATE LIMITED",Active,Private,"Company limited by Shares","Non-govt company",2016-05-25T06:37:27Z,Mizoram,500000,100000,`74999,"Business Services","M-73 ZAKAMLOVA BUILDING ARMED VENG     AIZAWL Aizawl MZ IN 796007",RoC-Shillong,vanlalthakima@yahoo.com,31-03-2017,31-03-2017
U74999MZ2016PTC013295,"KING SKILLS DEVELOPMENT AND TRAINING PRIVATE LIMITED",Active,Private,"Company limited by Shares","Non-govt company",2016-06-06T06:37:27Z,Mizoram,500000,100000,`74999,"Business Services","F MALSAWMA BUILDING BETHEL COLONY CHALTLANG     AIZAWL Aizawl MZ IN 796012",RoC-Shillong,kingdina7@yahoo.co.in,NA,NA
U74999MZ2016PTC013298,"MIZORAM NETSKY ENTERPRISE PRIVATE LIMITED",Active,Private,"Company limited by Shares","Non-govt company",2016-08-10T06:37:27Z,Mizoram,100000,100000,`74999,"Business Services","UKA-5 UPPER KANAN     AIZAWL Aizawl MZ IN 796009",RoC-Shillong,CVLRNGA11@GMAIL.COM,31-03-2017,31-03-2017
U74999MZ2016PTC013301,"ZOMI HEALTH CARE PRIVATE LIMITED",Active,Private,"Company limited by Shares","Non-govt company",2016-12-09T06:37:27Z,Mizoram,200000,200000,`74999,"Business Services","L-33 E, 1/B, Near Sub Center Laipuitlang     Aizawl Aizawl MZ IN 796012",RoC-Shillong,rzoding@yahoo.co.in,NA,NA
U74999MZ2017PTC013302,"VARVA PROJECT MANAGEMENT SERVICES PRIVATE LIMITED",Active,Private,"Company limited by Shares","Non-govt company",2017-02-13T06:37:27Z,Mizoram,100000,100000,`74999,"Business Services","A-120, Tuikual South,     Aizawl Aizawl MZ IN 796001",RoC-Shillong,benlrza@gmail.com,NA,NA
U74999MZ2017PTC013303,"LUSHAIHILLS LOGISTICS PRIVATE LIMITED",Active,Private,"Company limited by Shares","Non-govt company",2017-06-24T06:37:27Z,Mizoram,500000,100000,`74999,"Business Services","F Zothansanga Building, Regal Raptor Showroom, Bawngkawn Shalom Veng,     Aizawl Aizawl MZ IN 796014",RoC-Shillong,sandeep_ai3awl@yahoo.co.in,NA,NA
U74999MZ2017PTC013305,"ZORAM INFONET PRIVATE LIMITED",Active,Private,"Company limited by Shares","Non-govt company",2017-08-31T06:37:27Z,Mizoram,100000,100000,`74999,"Business Services","T-68, TUIKHUAHTLANG NGUR ENG HOUSE     AIZAWL Aizawl MZ IN 796001",RoC-Shillong,philiplalchhanz@gmail.com,NA,NA
U74999MZ2017PTC013307,"FANCHUN NETWORK PRIVATE LIMITED",Active,Private,"Company limited by Shares","Non-govt company",2017-11-16T06:37:27Z,Mizoram,100000,100000,`74999,"Business Services","H.No. C-4/2, Bawngkawn Venglai     Aizawl Aizawl MZ IN 796014",RoC-Shillong,adikafc@gmail.com,NA,NA
U74999MZ2017PTC013308,"ZOSANG AGRO PRIVATE LIMITED",Active,Private,"Company limited by Shares","Non-govt company",2017-11-27T06:37:27Z,Mizoram,100000,50000,`74999,"Business Services","D-77/A, Hebron Street,     Aizawl Aizawl MZ IN 796007",RoC-Shillong,jojochhelo@gmail.com,NA,NA
U74999MZ2017PTC013310,"TOLLOT NETWORK PRIVATE LIMITED",Active,Private,"Company limited by Shares","Non-govt company",2017-12-19T06:37:27Z,Mizoram,100000,90000,`74999,"Business Services","B/62, BARA BAZAR, DAWRPUI OPPS ZION STREET BUS STAND     AIZAWL Aizawl MZ IN 796001",RoC-Shillong,BIAKRINAWMA@GMAIL.COM,NA,NA
U74999MZ2018PTC013313,"ABBA TRIP PLANNERS PRIVATE LIMITED",Active,Private,"Company limited by Shares","Non-govt company",2018-02-12T06:37:27Z,Mizoram,100000,100000,`74999,"Business Services","VB-85/A1, 7TH DAY TLANG VAIVAKAWN     AIZAWL Aizawl MZ IN 796009",RoC-Shillong,davidlalhumrenga@gmail.com,NA,NA
U74999MZ2018PTC013314,"SENHRI CONSULTING PRIVATE LIMITED",Active,Private,"Company limited by Shares","Non-govt company",2018-03-23T06:37:27Z,Mizoram,100000,100000,`74999,"Business Services","No.C-65/A,First Floor Mel 7 Tlang,Durtlang North     AIZAWL Aizawl MZ IN 796025",RoC-Shillong,muana.mizo@gmail.com,NA,NA
U74999MZ2018PTC013318,"ZAUCHA CONSTRUCTION PRIVATE LIMITED",Active,Private,"Company limited by Shares","Non-govt company",2018-04-18T06:37:27Z,Mizoram,100000,100000,`74999,"Business Services","C/O ZACHHINGI, PARKKAWN, NEAR COSMOPOLITAN SCHOOL VENGLAI     KOLASIB Kolasib MZ IN 796081",RoC-Shillong,legalraastaclient@gmail.com,NA,NA
U26942MZ1998PTC005357,"MAMA CEMENTS PVT LTD","Strike Off",Private,"Company limited by Shares","Non-govt company",1998-03-09T06:37:27Z,Mizoram,500000,20000,`26942,"Manufacturing (Metals & Chemicals, and products thereof)","N 66 VENGHLUIAIZAWL       MIZORAM   MZ IN 000000",RoC-Shillong,NA,NA,NA
U72200MZ2011PTC008265,"ETERNITY WILL E-SERVICES PRIVATE LIMITED","Strike Off",Private,"Company limited by Shares","Non-govt company",2011-07-15T06:37:27Z,Mizoram,500000,500000,`72200,"Business Services","Aijal Club, City Centre, Near Tennis court,     Khatla Aizawl MZ IN 796001",RoC-Shillong,harrydhaul@gmail.com,NA,NA
U72200MZ2018OPC013316,"ZOTEK CONSULTANTS (OPC) PRIVATE LIMITED",Active,"Private(One Person Company)","Company limited by Shares","Non-govt company",2018-03-28T06:37:27Z,Mizoram,100000,100000,`72200,"Business Services","W-9 DAWRPUI WEST DAWRPUI     AIZAWL Aizawl MZ IN 796001",RoC-Shillong,BIAKRINAWMA@GMAIL.COM,NA,NA
U27109MZ2000PTC006077,"HAUVA STEEL PRIVATE LIMITED","Strike Off",Private,"Company limited by Shares","Non-govt company",2000-03-15T06:37:27Z,Mizoram,2500000,10000,`27109,"Manufacturing (Metals & Chemicals, and products thereof)","ZARKUT       AIZAWL   MZ IN 000000",RoC-Shillong,NA,NA,NA
U27310MZ1989PTC003167,"ZORAM GALVANISHED CORRUGATION INDUSTRY P VT LTD","Strike Off",Private,"Company limited by Shares","Non-govt company",1989-01-18T06:37:27Z,Mizoram,2000000,30000,`27310,"Manufacturing (Metals & Chemicals, and products thereof)","ZARKAWAT       AIZAWL   MZ IN 000000",RoC-Shillong,NA,NA,NA
U27310MZ2016PTC013297,"SIHHMUI THILTHA FERRO INDUSTRY PRIVATE LIMITED",Active,Private,"Company limited by Shares","Non-govt company",2016-07-29T06:37:27Z,Mizoram,100000,100000,`27310,"Manufacturing (Metals & Chemicals, and products thereof)","Tuikhuahtlang       Aizawl Aizawl MZ IN 796001",RoC-Shillong,amungvigil@gmail.com,NA,NA
U31909MZ1991SGC003526,"ZORAM ELECTRONICS DEVELOPMENT CORPORATION LIMITED",Active,Public,"Company limited by Shares","State Govt company",1991-03-20T06:37:27Z,Mizoram,500000,47737,`31909,"Manufacturing (Machinery & Equipments)","TREASURY SQUARE       AIZAWL   MZ IN 796001",RoC-Shillong,NA,NA,NA
U33119MZ1999PTC005936,"MIZORAM PHARMACEUTICAL LABORATORIES PRIV ATE LIMITED","Strike Off",Private,"Company limited by Shares","Non-govt company",1999-11-05T06:37:27Z,Mizoram,1000000,20000,`33119,"Manufacturing (Machinery & Equipments)","CENTENERY BUILDING DAWRPUI CHURCH     DIST AIZAWL   MZ IN 796001",RoC-Shillong,NA,NA,NA
U34100MZ2015PTC008289,"AIDU MOTORS PRIVATE LIMITED",Active,Private,"Company limited by Shares","Non-govt company",2015-11-13T06:37:27Z,Mizoram,5000000,500000,`34100,"Manufacturing (Machinery & Equipments)","H/No. A-II, C/3, Salem Veng, Chaltlang, Aizawl     Mizoram Aizawl MZ IN 796012",RoC-Shillong,paac.ghy@gmail.com,31-03-2017,31-03-2017
U36101MZ2006PTC008123,"CEEKE BAMBOO & WOOD PRODUCTS PRIVATE LIM ITED","Strike Off",Private,"Company limited by Shares","Non-govt company",2006-04-25T06:37:27Z,Mizoram,15000000,150000,`36101,"Manufacturing (Others)","401, PART OF MISSION VENG       AIZAWL   MZ IN 796015",RoC-Shillong,NA,NA,NA
U36997MZ2010PTC008260,"BLUE MOUNTAIN TIMBERS PRIVATE LIMITED","Under Process of Striking off",Private,"Company limited by Shares","Non-govt company",2010-07-28T06:37:27Z,Mizoram,3000000,550000,`36997,"Manufacturing (Others)","H/O MR. JOEL LALRINPUIA MURRAY M-112, MISSION VENGTHLANG     AIZAWL Aizawl MZ IN 796005",RoC-Shillong,ajay6690@yahoo.com,NA,NA
U70101MZ1999PTC005885,"ZORAM CONSTRUCTION COMPANY PRIVATE LIMIT ED","Strike Off",Private,"Company limited by Shares","Non-govt company",1999-10-04T06:37:27Z,Mizoram,1000000,3000,`70101,"Real Estate and Renting","P O  A 15 ZARKAWTAIZAWL DIST AIZAWL       MIZORAM   MZ IN 000000",RoC-Shillong,jpsassociates@hotmail.com,NA,NA
U70101MZ2015PTC008281,"RALTE REAL ESTATE & INFRASTRUCTURE PRIVATE LIMITED",Active,Private,"Company limited by Shares","Non-govt company",2015-01-07T06:37:27Z,Mizoram,1000000,100000,`70101,"Real Estate and Renting","SHOP NO. 9, DURA CHAWNGTHU MARKET ZION STREET     AIZAWL Aizawl MZ IN 796001",RoC-Shillong,lallawmsanga17@gmail.com,31-03-2017,31-03-2017
U29219MZ1995PTC004626,"KOLODYNE KOMBINE PVT LTD","Strike Off",Private,"Company limited by Shares","Non-govt company",1995-12-05T06:37:27Z,Mizoram,1000000,30000,`29219,"Manufacturing (Machinery & Equipments)","JUIKHUAHTLANGAIZAWAL       MIZORAM   MZ IN 000000",RoC-Shillong,NA,NA,NA
U40100MZ2015PTC008283,"VACHA ENERGY VENTURES PRIVATE LIMITED",Active,Private,"Company limited by Shares","Non-govt company",2015-04-08T06:37:27Z,Mizoram,3000000,3000000,`40100,"Electricity, Gas & Water companies","T-30, Tuikhuahtlang, Near P.H.E. Office,     Aizawl Aizawl MZ IN 796001",RoC-Shillong,imkrenthlei@gmail.com,31-03-2017,31-03-2017
U40101MZ2005SGC007916,"MIZORAM INFRASTRUCTURE DEVELOPMENT AGENCY LIMITED",Active,Private,"Company limited by Shares","State Govt company",2005-10-07T06:37:27Z,Mizoram,2000000,100000,`40101,"Electricity, Gas & Water companies","BLOCK  C  CIVIL SECRETARIAT TREASURY SQUARE DIST AIZAWL     MIZORAM   MZ IN 796001",RoC-Shillong,NA,NA,NA
U40101MZ2011PLC008269,"MIZORAM POWER DEVELOPMENT CORPORATION LIMITED","Strike Off",Public,"Company limited by Shares","Non-govt company",2011-08-26T06:37:27Z,Mizoram,250000000,1500000,`40101,"Electricity, Gas & Water companies","C/O Zoram Industrial Development Corporation Ltd New Secretariat Complex, Khatla     Aizawl Aizawl MZ IN 796001",RoC-Shillong,lalit.khetan@spml.co.in,31-03-2015,31-03-2015
U40103MZ2011PTC008264,"ETERNITY ENERGY PRIVATE LIMITED",Active,Private,"Company limited by Shares","Non-govt company",2011-07-06T06:37:27Z,Mizoram,10000000,1000000,`40103,"Electricity, Gas & Water companies","Aijal Club, City Centre, Near Tennis court,     Khatla   MZ IN 796001",RoC-Shillong,zonunparimar@gmail.com,31-03-2016,31-03-2016
U45200MZ2017PTC013306,"ARJYOMITRO CONSTRUCTION PRIVATE LIMITED",Active,Private,"Company limited by Shares","Non-govt company",2017-09-12T06:37:27Z,Mizoram,100000,100000,`45200,Construction,"19, Helipad Road, Near SSB Colony Kamla Nagar II, Bajeisora, Chawngte C II     Lawngtlai Lawngtlai MZ IN 796772",RoC-Shillong,admin@onlinefilings.co.in,NA,NA
U45201MZ1990PTC003417,"MIZORAM ELITE CONSTRUCTION COMPANY PVT LTD",Active,Private,"Company limited by Shares","Non-govt company",1990-03-01T06:37:27Z,Mizoram,3000000,2990000,`45201,Construction,"KANAN VENG       AIZAWL   MZ IN 796009",RoC-Shillong,hsa.roc@gmail.com,31-03-2017,31-03-2017
U45201MZ2005PTC007837,"LIANDO CONSTRUCTION PRIVATE LIMITED","Strike Off",Private,"Company limited by Shares","Non-govt company",2005-08-03T06:37:27Z,Mizoram,500000,103500,`45201,Construction,"VENGHLUIDIST  AIZAWL       MIZORAM   MZ IN 796001",RoC-Shillong,NA,NA,NA
U45201MZ2011PTC008267,"ROYTE DEVELOPERS PRIVATE LIMITED",Active,Private,"Company limited by Shares","Non-govt company",2011-08-10T06:37:27Z,Mizoram,2500000,100000,`45201,Construction,"THLANG TIANG BUILDING HOUSE NO 188/W-22, DAWRPUI WEST     AIZAWL   MZ IN 796001",RoC-Shillong,robertroyte@yahoo.com,31-03-2016,31-03-2016
U45201MZ2014PLC008277,"MIZORAM INFRASTRUCTURE DEVELOPMENT COMPANY LIMITED",Active,Public,"Company limited by Shares","Non-govt company",2014-03-25T06:37:28Z,Mizoram,500000,500000,`45201,Construction,"C/O ZORAM INDUSTRIAL DEVELOPMENT CORPORATION LTD. NEW SECRETARIAT COMPLEX, KHATLA     AIZAWL Aizawl MZ IN 796001",RoC-Shillong,lalit.khetan@spml.co.in,31-03-2017,31-03-2017
U45201MZ2015PTC008284,"ZOCONS CIVIL ENGINEERING PRIVATE LIMITED",Active,Private,"Company limited by Shares","Non-govt company",2015-06-15T06:37:28Z,Mizoram,100000,100000,`45201,Construction,"A-33,2nd Floor Zachhunga Building Opposite Abigail LowerZarkawt,     Aizawl Aizawl MZ IN 796001",RoC-Shillong,ela075@gmail.com,NA,NA
U70109MZ2000PTC006021,"T.B.C. ENGINEERS PRIVATE LIMITED","Strike Off",Private,"Company limited by Shares","Non-govt company",2000-02-09T06:37:28Z,Mizoram,2500000,2000,`70109,"Real Estate and Renting","DAWRPUI VENG  NEAR AIZWALWATCH HOUSE DIST AIZWAL       MIZORAM   MZ IN 000000",RoC-Shillong,NA,NA,NA
U70109MZ2009PTC008253,"KHAWLHRING DAWN INFRASTRUCTURE PRIVATE L IMITED","Strike Off",Private,"Company limited by Shares","Non-govt company",2009-07-15T06:37:28Z,Mizoram,500000,150000,`70109,"Real Estate and Renting","DAWRPUI SOUTH, SANGHNUNA BUILDNG, DAWRPUI     AIZAWL Aizawl MZ IN 796001",RoC-Shillong,remsangpuii.sailo@cmcltd.com,NA,NA
U72100MZ1976PTC001668,"HOTEL MOREENE PVT LTD","Strike Off",Private,"Company limited by Shares","Non-govt company",1976-06-08T06:37:28Z,Mizoram,1000000,400,`72100,"Business Services","AIZWAL AIZWAL     MIZORAM   MZ IN 000000",RoC-Shillong,NA,NA,NA
U72100MZ1988PLC003015,"MIZO TUBES LTD","Strike Off",Public,"Company limited by Shares","Non-govt company",1988-06-28T06:37:28Z,Mizoram,4000000,200,`72100,"Business Services","CHANDMARYAIZWAL       MIZORAM   MZ IN 000000",RoC-Shillong,NA,NA,NA
U72100MZ1990PTC003487,"MIZORAM ELECTRICALS PVT LTD","Strike Off",Private,"Company limited by Shares","Non-govt company",1990-12-03T06:37:28Z,Mizoram,2000000,108000,`72100,"Business Services","KANAN       AIZAWL   MZ IN 000000",RoC-Shillong,NA,NA,NA
U72100MZ2006PTC008055,"MALSON BAMBOO PVT LTD","Strike Off",Private,"Company limited by Shares","Non-govt company",2006-02-08T06:37:28Z,Mizoram,500000,100000,`72100,"Business Services","CHAWNPUIVENG       AIZAWL   MZ IN 796009",RoC-Shillong,NA,NA,NA
U72100MZ2015PTC008287,"FRALICE KNOWLEDGE HUB PRIVATE LIMITED",Active,Private,"Company limited by Shares","Non-govt company",2015-07-29T06:37:28Z,Mizoram,100000,100000,`72100,"Business Services","Y-15 BAWNGKAWN SOUTH     Aizawl Aizawl MZ IN 796014",RoC-Shillong,francisjoute@gmail.com,NA,NA
U45202MZ2005PTC007690,"L & V ENGINEERING PRIVATE LIMITED","Strike Off",Private,"Company limited by Shares","Non-govt company",2005-03-28T06:37:28Z,Mizoram,500000,100000,`45202,Construction,"TUIKUAL HOUSE NO  B30AIZWAL       MIZORAM   MZ IN 796001",RoC-Shillong,NA,NA,NA
U45202MZ2008PTC008238,"LUSHAI ENGINEERS PRIVATE LIMITED","Strike Off",Private,"Company limited by Shares","Non-govt company",2008-03-17T06:37:28Z,Mizoram,1000000,100000,`45202,Construction,"C/O V. NEIHKUNGA BUILDING CANTEEN SQ, DAWRPUI     AIZAWL Aizawl MZ IN 796001",RoC-Shillong,mcpuia@gmail.com,31-03-2009,NA
U45202MZ2008PTC008250,"JR BUILDERS AND CONSTRUCTIONS PRIVATE LI MITED","Strike Off",Private,"Company limited by Shares","Non-govt company",2008-10-01T06:37:28Z,Mizoram,2000000,0,`45202,Construction,"ZALAWMA BUILDING ZARKAWT     AIZAWL Aizawl MZ IN 796001",RoC-Shillong,shy_loveuall@yahoo.com,NA,NA
U45202MZ2011PTC008263,"ZORPI INFRASTRUCTURE PRIVATE LIMITED",Active,Private,"Company limited by Shares","Non-govt company",2011-05-09T06:37:28Z,Mizoram,2000000,100000,`45202,Construction,"HOUSE NO. B-6, UPPER REPUBLIC PO:AIZAWL     AIZAWL   MZ IN 796001",RoC-Shillong,zipproject@zorpi.in,31-03-2014,31-03-2014
U45203MZ2013PTC008273,"PACHUAU CONSTRUCTION PRIVATE LIMITED",Active,Private,"Company limited by Shares","Non-govt company",2013-02-06T06:37:28Z,Mizoram,1000000,100000,`45203,Construction,"C/O LALTHANZARA 94, VAIVAKAWN I     AIZAWL Aizawl MZ IN 796009",RoC-Shillong,pcramtea@gmail.com,NA,NA
U45309MZ1987PTC002676,"KEES CONSTRUCTION INDIA PVT LTD","Strike Off",Private,"Company limited by Shares","Non-govt company",1987-04-07T06:37:28Z,Mizoram,2000000,2000,`45309,Construction,"ELECTRIC VENG  CHURCH STREETAIZWAL       MIZORAM   MZ IN 000000",RoC-Shillong,NA,NA,NA
U74210MZ2001PTC006609,"MIZORAM TECHNOCRATS COMPANY PRIVATE LIMI TED","Strike Off",Private,"Company limited by Shares","Non-govt company",2001-08-30T06:37:28Z,Mizoram,1000000,105000,`74210,"Business Services","ITI VENG AIZAWLDISTRRICT AIZAWL       MIZORAM   MZ IN 000000",RoC-Shillong,NA,NA,NA
U52100MZ2013SGC008274,"MIZORAM DIRECT MARKETING LIMITED","Strike Off",Public,"Company limited by Shares","State Govt company",2013-03-11T06:37:28Z,Mizoram,1000000,500000,`52100,Trading,"T-5/D, Ist FLOOR TUIKHUAHTLANG     AIZAWL Aizawl MZ IN 796001",RoC-Shillong,miz.directmarketing@gmail.com,NA,NA
U52393MZ2016PTC013299,"L&L GEMS AND JEWELLERY PRIVATE LIMITED",Active,Private,"Company limited by Shares","Non-govt company",2016-09-14T06:37:28Z,Mizoram,100000,100000,`52393,Trading,"H.No. A-168 Luangmual West     Aizawl Aizawl MZ IN 796009",RoC-Shillong,drmawia@yahoo.com,31-03-2017,31-03-2017
U52520MZ2016OPC013291,"PS (OPC) PRIVATE LIMITED",Active,"Private(One Person Company)","Company limited by Shares","Non-govt company",2016-04-19T06:37:28Z,Mizoram,100000,100000,`52520,Trading,"House No. 225, Champhai Vengthar     Champhai Champhai MZ IN 796321",RoC-Shillong,pszatluanga@gmail.com,31-03-2017,31-03-2017
U52590MZ2010PTC008257,"HONEYCOMB AGENCIES AND MARKETING PRIVATE  LIMITED","Strike Off",Private,"Company limited by Shares","Non-govt company",2010-03-29T06:37:28Z,Mizoram,500000,500000,`52590,Trading,"BHAGWATI COMPLEX CANTEEN SQUARE     AIZAWL Aizawl MZ IN 796001",RoC-Shillong,birmiwal.clients@yahoo.in,31-03-2012,31-03-2012
U52599MZ2014PTC008280,"ZOLAND PALI TRADERS PRIVATE LIMITED",Active,Private,"Company limited by Shares","Non-govt company",2014-12-08T06:37:28Z,Mizoram,100000,100000,`52599,Trading,"29 kahrawt veng B C Lalthlamuana Building     champai Champhai MZ IN 796321",RoC-Shillong,rchullova@yahoo.in,NA,NA
U74920MZ2002PLC006810,"MOUNTAIN SECURITY SERVICES LIMITED","Strike Off",Public,"Company limited by Shares","Non-govt company",2002-05-20T06:37:28Z,Mizoram,500000,500000,`74920,"Business Services","LAIHNUNA BUILDING SIKULPUI ROAD DIST AIZAWAL     AIZAWAL   MZ IN 796001",RoC-Shillong,NA,NA,NA
U74940MZ2015PTC008290,"ZOMUAN FILM PRODUCTION PRIVATE LIMITED",Active,Private,"Company limited by Shares","Non-govt company",2015-11-26T06:37:28Z,Mizoram,500000,100000,`74940,"Business Services","LSC No. CHP-45 of 1991, Bethel, Champhai,     Champhai Champhai MZ IN 796321",RoC-Shillong,ts.mang2015@gmail.com,NA,NA
U74995MZ2016PTC013296,"PACHUAU CONSULTING PRIVATE LIMITED",Active,Private,"Company limited by Shares","Non-govt company",2016-06-27T06:37:28Z,Mizoram,100000,100000,`74995,"Business Services","B-42, Second Floor, Dawrpui Vengthar,     Aizawl Aizawl MZ IN 796001",RoC-Shillong,zoipachuau@gmail.com,31-03-2017,31-03-2017
U63040MZ2001PTC006486,"CHIEF TRAVELS & COMMUNICATIONS PRIVATE L IMITED","Strike Off",Private,"Company limited by Shares","Non-govt company",2001-04-10T06:37:28Z,Mizoram,500000,100000,`63040,"Transport, storage and Communications","ZARKAWTAIZAWL       MIZORAM   MZ IN 000000",RoC-Shillong,akansanju@gmail.com,NA,NA
U64200MZ2016PTC013294,"BCA COMMUNICATIONS PRIVATE LIMITED",Active,Private,"Company limited by Shares","Non-govt company",2016-06-02T06:37:28Z,Mizoram,1000000,1000000,`64200,"Transport, storage and Communications","SHOP NO.H-6,LALBUAIA SHOPPING COMPLEX ZARKAWT     AIZAWL Aizawl MZ IN 796001",RoC-Shillong,bcacommaizawl@gmail.com,31-03-2017,31-03-2017
U64202MZ2008PTC008237,"VEES COMMUNICATIONS PRIVATE LIMITED",Active,Private,"Company limited by Shares","Non-govt company",2008-02-13T06:37:28Z,Mizoram,2000000,100000,`64202,"Transport, storage and Communications","H. NO E/58, CHANMARI RAMHLUN ROAD       AIZAWL   MZ IN 796007",RoC-Shillong,veescommunication@rediffmail.com,31-03-2012,31-03-2012
U64203MZ2015PTC008286,"ZORAM BUSINESS ENTERPRISE PRIVATE LIMITED",Active,Private,"Company limited by Shares","Non-govt company",2015-07-16T06:37:28Z,Mizoram,5000000,5000000,`64203,"Transport, storage and Communications","HOUSE NO- B/5 CHANMARI     AIZWAL Aizawl MZ IN 796007",RoC-Shillong,tpx.zadeng@gmail.com,31-03-2017,31-03-2017
U80302MZ1998PTC005313,"MIZORAM RESOURCES DEVELOPMENT PVT LTD.",Active,Private,"Company limited by Shares","Non-govt company",1998-01-21T06:37:28Z,Mizoram,5000000,1435100,`80302,"Community, personal & Social Services","TUIKHUAH TLANG       AIZAWL   MZ IN 796001",RoC-Shillong,NA,NA,NA
U72900MZ2017PTC013304,"ZORAM INTERNET PROVIDER PRIVATE LIMITED",Active,Private,"Company limited by Shares","Non-govt company",2017-08-18T06:37:28Z,Mizoram,500000,500000,`72900,"Business Services","M/D 15 CHALTLANG VENGLAI     AIZAWL Aizawl MZ IN 796012",RoC-Shillong,brishisharma@gmail.com,NA,NA
U72900MZ2017PTC013309,"AAWB INTERNET PRIVATE LIMITED",Active,Private,"Company limited by Shares","Non-govt company",2017-12-05T06:37:28Z,Mizoram,1000000,100000,`72900,"Business Services","H. No B-117 Ramhlun Venglai     Aizawl Aizawl MZ IN 796012",RoC-Shillong,messarock@aol.in,NA,NA
U75132MZ1978SGC001732,"ZORAM INDUSTRIAL DEVELOPMENT CORPORATION  LTD",Active,Public,"Company limited by Shares","State Govt company",1978-02-27T06:37:28Z,Mizoram,200000000,157810000,`75132,"Community, personal & Social Services","UPPER KHATLA       AIZWAL Aizawl MZ IN 796001",RoC-Shillong,zidco2000@yahoo.com,31-03-2009,31-03-2009
