Category,"  State/UT","Health programmes at village level-Beneficiary under JSY (%)","Health programmes at village level-Health & sanitation committee formed(%)","Health programmes at village level-Pradhan/panchayat member aware of untied fund(%)","PERCENT CONDUCTING (DURING LAST 3 MONTHS)-Delivery","PERCENT CONDUCTING (DURING LAST 3 MONTHS)-MTP","PERCENT CONDUCTING (DURING LAST 3 MONTHS)-Neo Natal Care","PERCENT CONDUCTING (DURING LAST 3 MONTHS)-IUD insertion","PERCENT CONDUCTING (DURING LAST 3 MONTHS)-Sterilisation","Accessibility of the health facility-Villages with Sub-centre within 3 KMs (%)","Accessibility of the health facility-Villages with PHC within 10 KMs(%)","Infrastructure, staff and services at Sub Centre (SC)-SC Located in Govt. Building","Infrastructure, staff and services at Sub Centre (SC)-SC with ANM","Infrastructure, staff and services at Sub Centre (SC)-SC with male health worker","Infrastructure, staff and services at Sub Centre (SC)-SC with additional ANM (%)","Infrastructure, staff and services at Sub Centre (SC)-ANM living in Sub Centre quarter where facility is available","Infrastructure, staff and services at PHC (%)-Lady Medical Officer","Infrastructure, staff and services at PHC (%)-Ayush Medical Officer","Infrastructure, staff and services at PHC (%)-At least 4 beds","Infrastructure, staff and services at PHC (%)-Residential quarter for Medical Officer","Infrastructure, staff and services at PHC (%)-Functioning on 24 hours basis","Infrastructure, staff and services at PHC (%)-New born care services","Infrastructure, staff and services at PHC (%)-Referral services for complicated pregnancy/delivery","Infrastructure, staff and services at PHC (%)-Conducted at least 10 deliveries during last month","Infrastructure, staff and services at CHC (%)-Obstetrician/Gynaecologist","Infrastructure, staff and services at CHC (%)-24 hours normal delivery services","Infrastructure, staff and services at CHC (%)-Functional Operation Theatre","Infrastructure, staff and services at CHC (%)-Designated as FRUs","Infrastructure, staff and services at CHC (%)-Designated FRUs offering caesarean section","Infrastructure, staff and services at CHC (%)-New born care services on 24 hour basis","Infrastructure, staff and services at CHC (%)-Blood storage facility"
INDIA,INDIA,73.7,28.7,29.4,58.1,6.1,22,65.2,46.5,71.4,71.2,55.7,90.7,39.3,20,57.9,24.4,19.3,67.1,54.5,52.7,86.8,55.2,49.9,25.2,90,65.2,52,18.7,76.1,9.1
"MAJOR STATES","Andhra Pradesh",92.6,67.4,86.6,NA,NA,NA,NA,NA,62.1,67.9,21.9,84.4,40.6,28,63.3,40.6,8.4,82.9,25.7,51.1,95.8,72.4,54.2,42.6,93.8,80.9,88.9,35.3,61.8,28.5
"MAJOR STATES",Assam,85.8,11,8.8,NA,NA,NA,NA,NA,83.2,68.3,52.8,96.1,6,60.1,50.6,23.1,58,64.6,90.8,65.6,92.2,84.4,81.3,31.3,91.6,24.1,32.5,37,88.9,25.9
"MAJOR STATES",Bihar,73.6,1.7,2.2,NA,NA,NA,NA,NA,74.2,70.6,35.3,91.2,13.3,27.6,26.6,28.2,8.2,75.8,62.2,64.5,85.8,71,84.9,40.9,90.9,86.4,87.9,18.8,72.4,0
"MAJOR STATES",Chattisgarh,79.6,21.8,18.6,NA,NA,NA,NA,NA,62.4,60.4,45.3,76.5,51.6,5.9,80.1,6.8,18.3,40.2,39,58.6,82.3,43.5,24.5,19.7,99.3,73,56.9,22.1,80.8,7.7
"MAJOR STATES",Gujarat,79.2,37.2,26.8,NA,NA,NA,NA,NA,63.3,70.8,65.7,94.7,55.5,8,37.8,11.6,29.9,77.1,56.6,46.9,95.7,64.2,62.6,11.3,97.6,65.6,74.1,25.5,86,8.9
"MAJOR STATES",Haryana,68.2,20.1,37.6,NA,NA,NA,NA,NA,77,82.3,54.9,92.3,51.8,74.2,31.4,30.8,1.5,64.3,43,39.2,94.2,46.6,38.8,13.1,88.1,60.7,44.1,21.6,62.2,18.9
"MAJOR STATES",Jharkhand,52.2,7.8,6.4,NA,NA,NA,NA,NA,60.8,52.9,57.5,91.3,18.7,42.5,44.1,50.5,7.6,89.1,84.2,79.4,86.3,47.3,48,62.5,100,87.5,87.5,0,85.7,0
"MAJOR STATES",Karnataka,85.3,51,51.8,NA,NA,NA,NA,NA,66.1,77.9,57.6,92.7,40.5,1.8,67.4,23.2,27,85.7,58.7,47,93.4,72.2,47.8,28.8,94.1,72,75.4,22.5,60.7,5.6
"MAJOR STATES",Kerala,96.8,96.5,54.6,NA,NA,NA,NA,NA,99.8,94.9,76.9,97.6,80.3,0.4,53.3,6.1,0,27.4,24.9,10.3,86.5,21.6,0,14.3,18.4,26.3,18,15.4,28.2,2.6
"MAJOR STATES","Madhya Pradesh",91.3,36.1,26.8,NA,NA,NA,NA,NA,57,55.6,55.6,90.2,58.5,8.2,63.9,13.5,8.4,66.6,63.5,73.1,88.2,67.7,82.1,15.8,99.6,70.7,61.4,17.7,86.2,6.3
"MAJOR STATES",Maharashtra,80.4,69.6,50,NA,NA,NA,NA,NA,61.5,64.9,70,93,76.6,30.7,71.5,30.8,17.4,89.7,81.3,78.1,90.9,53.1,46.8,40.3,95.9,84.6,58.7,14.9,83.7,11.6
"MAJOR STATES",Odisha,51,3.3,11.1,NA,NA,NA,NA,NA,80.7,83.6,59.9,78.1,59.9,51.5,81.3,53.2,54.9,31.3,53.4,49.2,55.4,39,26.4,87.3,79,59.4,53.7,15.5,53.7,15.5
"MAJOR STATES",Punjab,95.7,25.8,38.2,NA,NA,NA,NA,NA,79.5,78.3,56.1,79.7,56.5,5.6,17.8,20.2,0,74.6,26.1,17.2,100,43.5,39.1,31.6,85.2,69.5,39.4,52.5,82,8.2
"MAJOR STATES",Rajasthan,95.7,10,29.3,NA,NA,NA,NA,NA,72.4,66.2,75.9,86.5,9.7,22.4,50.4,6.2,19.9,89.9,63.3,56.9,94.2,31.5,44.2,29.9,98.9,60.3,52.7,38,88.2,15
"MAJOR STATES","Tamil Nadu",74.5,73.4,76.4,NA,NA,NA,NA,NA,83.7,78.5,72.2,99.8,71.6,2.8,59.9,62.4,10.9,28.4,22.2,50.6,93.5,70.1,59.4,7.2,100,56.8,46.7,0,86.1,1.8
"MAJOR STATES","Uttar Pradesh",63.6,25.3,20.3,NA,NA,NA,NA,NA,75.9,77.8,42.2,99.5,6.2,3.3,57.3,2.3,20.8,56.7,52.8,45.5,81.2,39.7,44.5,19.5,92.1,88.5,55.8,6.2,71.8,1.3
"MAJOR STATES","West Bengal",94.3,17.7,41.1,NA,NA,NA,NA,NA,85.5,86.3,45.8,89.7,40.7,1.2,14.7,9.7,18.6,27,82.8,25.9,73.3,45.3,33.3,11.6,96.1,46.3,17.9,22.5,86.7,10
"SMALLER STATES/Uts","Andaman and Nicobar Islands",52.8,31.9,51.4,NA,NA,NA,NA,NA,0,66.7,96,96,12,56,68.2,26.7,6.7,100,100,93.3,71.4,42.9,14.3,100,100,100,50,0,100,100
"SMALLER STATES/Uts","Arunachal Pradesh",55,2.2,1.9,NA,NA,NA,NA,NA,47.1,41.6,96.4,93.8,63.4,9.8,94.4,25,6.9,79.2,52.8,36.1,73.1,34.6,7.7,34.2,89.5,60.5,65.8,12,68,0
"SMALLER STATES/Uts",Delhi,28,28,0,NA,NA,NA,NA,NA,52,84,44.7,100,0,84.2,100,64.3,7.1,50,42.9,42.9,100,100,83.3,NA,NA,NA,NA,NA,NA,NA
"SMALLER STATES/Uts",Goa,49,6.1,26.5,NA,NA,NA,NA,NA,67.3,73.5,20.5,97.4,74.4,2.6,33.3,62.5,31.3,62.5,50,62.5,90,50,10,20,100,60,80,0,100,0
"SMALLER STATES/Uts","Himachal Pradesh",58.8,15.3,13.7,NA,NA,NA,NA,NA,75,94.5,79.7,83.1,51.1,1.2,60.5,16,2.1,70.8,21.5,52.8,75,48.7,9.2,4.4,87,47.8,35.9,6.1,84.9,3
"SMALLER STATES/Uts","Jammu and Kashmir",28.5,7.3,9.5,NA,NA,NA,NA,NA,73.1,75.4,38,68.8,19.8,16.6,64.1,39.2,34.2,47.5,26.1,32.4,66.7,51.4,19.4,45.2,84.9,58.9,71.2,20.4,67.3,15.4
"SMALLER STATES/Uts",Manipur,31,25.8,30.9,NA,NA,NA,NA,NA,51,65.6,70.3,93.2,50,53.4,0,41.5,67.9,49.1,26.4,13.2,57.1,57.1,14.3,15.8,84.2,5.3,31.6,0,50,0
"SMALLER STATES/Uts",Meghalaya,31.4,26.4,38.5,NA,NA,NA,NA,NA,52.5,56.9,94.8,100,29.6,9.6,46.4,41.2,25,94.1,94.1,62.7,57.1,28.6,21.4,11.5,96.2,15.4,46.2,8.3,50,16.7
"SMALLER STATES/Uts",Mizoram,72.2,88.2,75.5,NA,NA,NA,NA,NA,69.4,28.6,97.1,95.4,93,38.4,79.1,22.6,1.9,92.5,88.7,69.8,91.9,29.7,29.7,0,90,80,70,0,100,85.7
"SMALLER STATES/Uts",Sikkim,87.7,35.2,67.6,NA,NA,NA,NA,NA,77.1,55.3,89.3,86.9,84.5,23.8,33.3,73.9,0,100,87,95.7,100,63.6,18.2,NA,NA,NA,NA,NA,NA,NA
"SMALLER STATES/Uts",Tripura,76,46.3,58.3,NA,NA,NA,NA,NA,80.6,78.9,54,78.5,66.3,4.3,7.7,29.1,52.7,87.3,72.7,70.9,74.4,64.1,43.6,0,100,16.7,25,0,100,0
"SMALLER STATES/Uts",Uttarakhand,62.4,12,10,NA,NA,NA,NA,NA,66.9,82.7,58,99.5,5.1,3.4,63.5,10.7,10.7,82.1,58.3,72.6,68.9,42.6,14.8,16.8,92.6,67.4,53.7,5.9,88.2,2
"SMALLER STATES/Uts",Chandigarh,100,60,20,NA,NA,NA,NA,NA,100,60,60,80,40,60,0,NA,NA,NA,NA,NA,NA,NA,NA,100,50,50,50,50,100,0
"SMALLER STATES/Uts","Dadra and Nagar Haveli",76.9,20.5,10.3,NA,NA,NA,NA,NA,79.5,76.9,93.1,82.8,6.9,51.7,47.8,0,16.7,100,66.7,100,100,50,50,0,100,100,100,0,100,0
"SMALLER STATES/Uts","Daman and Diu",72.2,44.4,72.2,NA,NA,NA,NA,NA,100,80.6,77.3,95.5,68.2,22.7,0,0,100,100,0,50,100,0,100,100,100,100,100,100,100,0
"SMALLER STATES/Uts",Lakshadweep,100,32.1,50,NA,NA,NA,NA,NA,89.3,78.6,60,100,80,0,0,50,0,100,50,100,75,50,0,0,100,33.3,80,0,100,0
"SMALLER STATES/Uts",Puducherry,95.5,38.6,31.8,NA,NA,NA,NA,NA,90.9,100,65.4,100,80.8,84.6,26.7,46.7,46.7,93.3,46.7,73.3,90.9,54.6,9.1,0,75,25,75,0,66.7,0
