Month,"FEE from tourism (In Rupees Crore) - 2016","FEE from tourism (In Rupees Crore) - 2017","FEE from tourism (In Rupees Crore) - 2018","Percentage change - 2017/2016","Percentage change - 2018/2017"
January,13671,15799,17805,15.6,12.7
February,13661,15353,17817,12.4,16
March,12985,14667,17294,13,17.9
April,11495,14260,15713,24.1,10.2
May,10260,12255,12742,19.4,4
June,10677,12971,14342,21.5,10.6
July,14285,14796,16970,3.6,14.7
August,12553,13811,16467,10,19.2
September,11642,13840,15135,18.9,9.4
October,12100,14213,14561,17.5,2.4
November,14259,16528,16577,15.9,0.3
December,16558,19381,NA,17,NA
Total,154146,177874,175423,15.4,10.7
