District,"Geo-graphical Area","2013 Assessment - Very Dense Forest","2013 Assessment - Mod. Dense Forest","2013 Assessment - Open Forest","2013 Assessment - Total","Percent of GA",Change,Scrub,
Ariyalur,1947,0,62,268,330,16.95,12,3,NA
Chennai,144,0,6,5,11,7.64,2,0,NA
"Coimbatore""",7469,381,932,547,1860,24.9,30,24,NA
Cuddalore,3706,0,209,225,434,11.71,-6,11,NA
Dharampurf,9622,255,1053,1720,3028,31.47,-6,199,NA
"Dindigul (Anna)",5580,354,559,613,1526,27.35,37,56,NA
"Erode (Periyar)",8209,467,1341,402,2210,26.92,5,44,NA
Kancheepuram,4474,0,124,248,372,8.31,-4,18,NA
"Kanniyakumari""",1684,41,435,271,747,44.36,95,33,NA
Karur,2901,0,28,66,94,3.24,6,3,NA
"Madurai""",4277,23,291,288,602,14.08,15,105,NA
Nagapattinam,2140,0,31,68,99,4.63,-43,0,NA
Namakkal1,3413,55,190,319,564,16.53,20,53,NA
Perambalur1,1748,19,35,91,145,8.3,5,6,NA
Pudukkottai,4651,0,77,204,281,6.04,26,5,NA
Ramanathapuram,4232,0,82,221,303,7.16,18,6,NA
Salem1,5235,139,423,673,1235,23.59,5,96,NA
Sivaganga,4086,0,70,212,282,6.9,-35,12,NA
Thanjavur,3415,0,131,61,192,5.62,-3,0,NA
"The NiligirisH",2549,220,968,899,2087,81.88,1,0,NA
Theni,2764,193,477,278,948,34.3,-13,78,NA
Thiruvallur,3413,0,59,169,228,6.68,14,75,NA
Thiruvarur,2716,0,42,9,51,1.88,21,0,NA
Tiruchchirapallf,4511,75,146,205,426,9.44,19,45,NA
"Tirunelveli""",6810,279,761,192,1232,18.09,15,45,NA
Tiruvannamalaf,6191,172,512,685,1369,22.11,-18,59,NA
Toothukudi,4621,0,25,135,160,3.46,1,22,NA
Vellore,6077,176,615,953,1744,28.7,5,176,NA
Villupuram,7190,70,331,582,983,13.67,-26,23,NA
Virudhnagar,4283,29,184,88,301,7.03,21,15,NA
"Grand Total",130058,2948,10199,10697,23844,18.33,219,1212,NA
