"SL NO.","NAME OF COMMODITY","RATE OF TAX",SCHEDULE
1,"ABRASIVE SHEETS",13.5,IV
2,"ACETALS & HEMIACETALS",5,II
3,"ACID DYES",5,II
4,"ACOUSTIC ENCLOSURE",13.5,IV
5,"ACOUSTIC INSTRUMENTS",13.5,IV
6,"ACRYLIC POLYMERS IN PRIMARY FORM",5,II
7,ADHESIVES,13.5,IV
8,"ADVERTISEMENT HOARDING",13.5,IV
9,"AERATED WATER",5,II
10,"AEROPLANES/AIRCRAFT & PARTS & ACCESSORIES",13.5,IV
11,AEROSOL,5,II
12,"AGAR DUST",13.5,IV
13,"AGAR OIL",13.5,IV
14,"AGAR WOOD CHIPS",13.5,IV
15,"AGRICULTURAL IMPLEMENTS ANIMAL DRIVEN",0,I
16,"AGRICULTURAL IMPLEMENTS NOT DRIVEN BY ANIMAL",5,II
17,"AGRICULTURAL IMPLEMENTS NOT OPERATED MANUALLY",5,II
18,"AGRICULTURAL TOOLS & IMPLEMENTS",0,I
19,"AGRICULTURAL/HORTICULTURAL GOODS",5,II
20,"AIDS AND IMPLEMENTS USED BY HANDICAPPED PERSONS",0,I
21,"AIR  POLLUTION CONTROL EQUIPMENTS",13.5,IV
22,"AIR CONDITIONING PLANTS/AIR CONDITIONERS/COOLERS/APPLIANCES/PARTS/ACCESSORIES",13.5,IV
23,"AIR DUCTS (FLEXIBLE/INSULATED)",13.5,IV
24,"AIR PILLOW RUBBER",13.5,IV
25,"AIR PURIFIERS",13.5,IV
26,"ALCOHOL (ABSOLUTE/METHYL",13.5,IV
27,"ALDEHYDES/CYCLIC POLYMERS OF ALDEHYDES/PARAFORMALDEHYDE",5,II
28,"ALFA OLEFIN SULPHONATE",5,II
29,"ALIZARINE DYES",5,II
30,"ALKALI OR ALKALINE EARTH METALS",5,II
31,"ALKYL RESINS POLYALLYTESTERS/POLYESTERS IN PRIMARY FORMS",5,II
32,"ALKYLBENZENES (MIXED)",5,II
33,"ALKYLNAPTHALENES (MIXED)",5,II
34,"ALL ITEMS SOLD IN CSD OR UNIT RUN CANTEENS",5,II
35,"ALL OTHER GOODS NOT COVERED BY SCHEDULE I, II, IIA, IIB, III, IV, IVA, V",13.5,IV
36,"ALLOYS (FERROUS/NON-FERROUS)",5,II
37,"ALLOYS OTHER THAN THOSE FALLING UNDER 'DECLARED GOODS'",5,II
38,"ALLUMINIUM UTENSILS",5,II
39,ALTA,0,I
40,"ALUMINIUM ARTICLES & GOODS",13.5,IV
41,"ALUMINIUM CONDUCTOR STEEL",5,II
42,"ALUMINIUM DE-OXIDIZING AGENT",13.5,IV
43,"ALUMINIUM FOIL",13.5,IV
44,"ALUMINIUM HYDROXIDES",5,II
45,"ALUMINIUM ORES & CONCENTRATES",5,II
46,ALUMINIUM/EXTRUSION,5,II
47,"AMINE FUNCTION COMPOUNDS",5,II
48,"AMINO RESINS IN PRIMARY FORMS",5,II
49,AMMONIA,5,II
50,"AMMONIUM CARBONATES",5,II
51,"AMMONIUM CHLORIDE",5,II
52,"AMMONIUM NITRATE",5,II
53,ANGLES,5,II
54,"ANIMAL (INCLUDING FISH) FATS & OILS,CRUDE, REFINED OR PURIFIED",5,II
55,"ANIMAL FEED PRODUCTS",0,I
56,"ANIMAL HAIR",5,II
57,"ANIMAL OR VEGETABLE FATS CHEMICALLY MODIFIED",5,II
58,"ANTI BED SORE MADE OF PVC RUBBER/OTHER MATERIALS",13.5,IV
59,"ANTI RADIATION MATERIAL",13.5,IV
60,"AQUA BED",13.5,IV
61,"AQUATIC FEED",0,I
62,"AQUATIC PRODUCTS NOT CURED OR FROZEN",0,I
63,ARAK,0,I
64,"ARCADE GAMES",13.5,IV
65,"ARECANUT POWDER",5,II
66,"ARMS, AMMUNITIONS & EXPLOSIVES",13.5,IV
67,"AROMATIC COMPOUND",5,II
68,"ART WORKS",13.5,IV
69,"ARTIFICIAL SILK YARN",5,II
70,"ASAFETIDA/COMPOUNDED ASAFETIDA",5,II
71,"ASBESTOS SHEETS & PRODUCTS",13.5,IV
72,"ASHPHALTIC ROOFING",5,II
73,"ASTRONOMICAL INSTRUMENTS",13.5,IV
74,ATTA,0,I
75,"AUDIO/VIDEO ACCESSORIES, AUDIO/VIDEO CASSETTES, AUDIO HEADPHONES",13.5,IV
76,"BABY FOOD",13.5,IV
77,BADIA,5,II
78,BAGASSE,5,II
79,BAGS,5,II
80,"BAKERY PRODUCTS",13.5,IV
81,"BAMBOO ARTICLES",13.5,IV
82,"BAMBOO/BAMBOO MATTING",5,II
83,"BANGLES EXCEPT THOSE MADE OF PRECIOUS METALS",0,I
84,"BARBED WIRE",13.5,IV
85,"BARBED WIRE BUCKLES",13.5,IV
86,"BARIUM OXIDES/HYDROXIDES/PEROXIDES",5,II
87,BASES,5,II
88,"BASIC CHROMIUM SULPHATE",5,II
89,"BASIC DYESES",5,II
90,"BATTERIES & PARTS",13.5,IV
91,BEARINGS,5,II
92,"BED SHEET,PILLOW COVERS AND OTHER MADE UPS",5,II
93,"BED SHEETS",5,II
94,"BEDS/PILLOWS/QUILT (COTTON MADE/SILK MADE)",13.5,IV
95,"BEE KEEPING",13.5,IV
96,"BEEDI LEAVES",5,II
97,BEEHIVE,0,I
98,BEER/LAGER,20,V
99,BELTINGS,5,II
100,BENZOLE,5,II
101,BESAN,0,I
102,"BETEL LEAVES",0,I
103,BETELNUT,5,II
104,BHUJIA,13.5,IV
105,"BICYCLES AND PARTS /TYRES",5,II
106,BILLETS,5,II
107,"BINDER OIL",13.5,IV
108,BINDI,0,I
109,BINOCULARS/MONOCULARS,13.5,IV
110,"BIOMASS BRIQUETTES",5,II
111,"BISCUITS (BRANDED/UNBRANDED)",5,II
112,BITUMEN,5,II
113,"BITUMINIOUS PRODUCTS/ BITUMIN EMULSION",5,II
114,"BLACK STONE",13.5,IV
115,"BLANKET WASH/ROLLER WASH",5,II
116,BLANKETS,5,II
117,"BLEACH LIQUID",5,II
118,"BLEACHING POWDER",13.5,IV
119,"BLOOD PLASMA",0,I
120,BOARDS,13.5,IV
121,BOAT(WODDEN/SYTHETIC),13.5,IV
122,"BOILERS OF ALL TYPES",13.5,IV
123,BONES,5,II
124,"BOOKS,PERIODICALS & JOURNALS",0,I
125,"BORATES & PEROXOBORATES (PERBORATES)",5,II
126,"BORIC ACIDS",5,II
127,"BORON OXIDES",5,II
128,"BRANDED BREAD",0,I
129,"BRASS ARTICLES & GOODS",13.5,IV
130,"BREAD (UNBRANDED)",0,I
131,BRICKS,5,II
132,BRIQUETTE,5,II
133,"BROMATES & PERBROMATES",5,II
134,"BROMIDES/BROMIDE OXIDES",5,II
135,BROMINE,5,II
136,"BRONZE ARTICLES & GOODS",13.5,IV
137,"BROOM/BROOM STICKS",5,II
138,BRUSH,13.5,IV
139,"BUCKETS MADE OF IRON,STEEL,ALUMINIUM,PLASTIC OR OTHER MATERIALS (EXCEPT PRECIOUS MATERIALS)",5,II
140,"BULK DRUGS",5,II
141,BULLDOZERS/EARTHMOVERS/EXCAVATORS,5,II
142,BULLIONS,1,III
143,BUTADINE,5,II
144,"BUTTER MILK",0,I
145,"C.I MOULDS/C.I CASTING",5,II
146,"CABLES (INDUSTRIAL/HIGH VOLTAGE/XLPE/",5,II
147,"CABLES OF ALL TYPES",13.5,IV
148,"CADMIUM ARTICLES & GOODS",13.5,IV
149,"CALCIUM CARBIDE",5,II
150,"CALCULATORS/CALCULATING MACHINES & PARTS/ACCESSORIES",13.5,IV
151,CANDLES,5,II
152,"CANE ARTICLES",13.5,IV
153,"CAPITAL GOODS",5,II
154,"CAPSULES FOR BOTTLES/THREADED BUNGS/BUNG COVERS/SEALS",5,II
155,"CARBON & CARBON BLACKS",5,II
156,"CARBON (ACTIVATED)",5,II
157,"CARBON BLACK FEED STOCK",5,II
158,"CARBON DI OXIDE (CO2)",13.5,IV
159,CARBONATES,5,II
160,"CARBONIC ACID FUNCTION COMPOUNDS",5,II
161,"CARBOXYAMIDE FUNCTION COMPOUNDS",5,II
162,"CARBOXYLIC ACIDS",5,II
163,"CARBOYS/BOTTLES/JARS/PHIALS OF GLASS",5,II
164,CARDAMOM,13.5,IV
165,CARPENTRY,13.5,IV
166,"CARPENTRY IMPLEMENTS",13.5,IV
167,"CARTONS/BOXES/CASES/BAGS OF PAPER/PAPERBOARD",5,II
168,"CASEIN/CASCINATES/CASEIN DERIVATIVES",5,II
169,"CASHEW NUT (BOTH PROCESSED AND UNPROCESSED).",5,II
170,"CASHEWNUT SHELL CAKE",13.5,IV
171,"CASHEWNUT SHELL LIQUID",13.5,IV
172,"CASIA BARK",5,II
173,"CATALYTIC PREPARATIONS",5,II
174,"CATTLE FEED",0,I
175,CCTV,13.5,IV
176,"CELL PHONES/PARTS/ACCESSORIES",5,II
177,"CELLULOSE & ITS CHEMICAL DERIVATIVES",5,II
178,"CEMENT PLANT & MACHINERY",13.5,IV
179,"CEMENT PLANT EQUIPMENTS",13.5,IV
180,"CEMENT PRODUCTS",13.5,IV
181,"CEMENT/WHITE CEMENT",13.5,IV
182,"CENTRIFUGAL AND PARTS",5,II
183,"CEREALS BRAND",0,I
184,"CHAINPULLY BLOCKS",13.5,IV
185,CHANNELS,5,II
186,CHARCOAL,0,I
187,"CHEMICAL ELEMENTS/COMPOUNDS DOPED FOR USE IN ELECTRONICS",5,II
188,"CHEMICAL WOOD PULP",5,II
189,CHEMICALS,5,II
190,CHICORY,5,II
191,"CHINAWARE/PORCELAIN-WARE/STONE-WARE ARTICLES",13.5,IV
192,"CHIRA (FLATTENED/BEATENED RCIE)",0,I
193,"CHLORATES & PERCHLORATES",5,II
194,"CHLORIDES/CHLORIDE OXIDES/CHLORIDE HYDROXIDES",5,II
195,CHLORINE,5,II
196,"CHLOROSULPHURIC ACID",5,II
197,"CHROMIUM ORES & CONCENTRATES",5,II
198,"CHROMIUM OXIDES/HYDROXIDES",5,II
199,CHUMKI,5,II
200,"CIGAR/CIGARETTE CASES/FILTERS",13.5,IV
201,"CIGARETTES/BEEDIS/TOBACCO PRODUCTS",13.5,V
202,"CINEMATOGRAPHIC EQUIPMENTS",13.5,IV
203,"CINEMATOGRAPHIC FILMS",13.5,IV
204,"CITRONELLA OIL",13.5,IV
205,CLAY,5,II
206,"CLAY INCLUDING FINE CHINA/BALL CLAY",5,II
207,CLINKER,5,II
208,"CLIP BOARDS/CLUTCH PENCILS BLACK LEAD/CLIPS",13.5,IV
209,COAL,5,II
210,"COAL ASH/BOILER ASH/CINDER ASH/COAL POWDER",5,II
211,"COAL TAR",5,II
212,"COARSE GRAINS",0,I
213,"COBALT ORES & CONCENTRATES",5,II
214,"COBALT OXIDES/HYDROXIDES",5,II
215,"COCOA POD",5,II
216,COCONUT,0,I
217,"COCONUT PRODUCTS OTHER THAN SWEET/CONFECTIONERY/ANY OTHER ITEM IN THIS SCHEDULE",13.5,IV
218,"COCONUT SHELL ARTICLES",13.5,IV
219,"COCONUT SHELLS",13.5,IV
220,COCOON,0,I
221,"COFFEE BEANS AND SEEDS",5,II
222,"COFFEE POWDER",13.5,IV
223,"COFFEE/TEA (INSTANT)",13.5,IV
224,COINS,1,III
225,"COIR /COIR PRODUCTS",5,II
226,"COKE IN ALL ITS FORMS",5,II
227,"COLD STORAGE PLANTS/EQUIPMENTS/PARTS/ACCESSORIES",13.5,IV
228,"COLLAPSIBLE GATES/ROLLING SHUTTERS/GRILLS & PARTS",13.5,IV
229,"COLLOIDAL SULPHUR",5,II
230,"COLOUR COATED CORRUGATED SHEET",5,II
231,"COLOUR LAKES",5,II
232,"COLOURING MATTER OF VEGETABLE OR ANIMAL ORIGIN",5,II
233,COLOURS/PIGMENTS,13.5,IV
234,COMBS,5,II
235,"COMMUNICATION EQUIPMENTS",5,II
236,"COMPOUNDED PLASTICISERS",5,II
237,"COMPOUNDED RUBBER,UNVULCANISED",5,II
238,"COMPOUNDS OF RARE EARTH METALS/YYTRIUM/SCANDIUM",5,II
239,"COMPUTER CLEANING KIT",13.5,IV
240,"COMPUTER STATIONERY",5,II
241,"CONCENTRATES & ADDITIVES",0,I
242,CONDIMENTS,13.5,IV
243,"CONDOMS & CONTRACEPTIVES",0,I
244,"CONDUIT PIPES & FITTINGS",13.5,IV
245,CONFECTIONERY,13.5,IV
246,"CONFECTIONERY ARTICLES",13.5,IV
247,"COOKED FOOD/BEVERAGES",13.5,IV
248,"COOKING GAS",13.5,IV
249,"COOLING APPLIANCES/APPARATUS/INSTRUMENTS/PARTS/ACCESSORIES",13.5,IV
250,"COPPER ARTICLES & GOODS",13.5,IV
251,"COPPER BAR",5,II
252,"COPPER BILLETS",5,II
253,"COPPER CLAD BOARD",13.5,IV
254,"COPPER ORES & CONCENTRATES",5,II
255,"COPPER ROD",5,II
256,"COPPER SCRAP",5,II
257,"COPPER STRIP",5,II
258,"COPPER SULPHATE",5,II
259,"COPPER WIRE",5,II
260,COPPER/EXTRUSION,5,II
261,"COSMETICS & TOILET ARTICLES",13.5,IV
262,"COTTAGE CHEESE",5,II
263,COTTON,0,I
264,"COTTON THREAD",5,II
265,"COTTON/COTTON WASTE",5,II
266,"COUMARONE-INDENE RESINS IN PRIMARY FORMS",5,II
267,"CP ACCESSORIES",13.5,IV
268,CRANES,5,II
269,"CREOSOTE OIL",5,II
270,CRMB,5,II
271,"CROWN CORKS/SCREW CAPS/POURING STOPPERS",5,II
272,CRUCIBLES,5,II
273,"CRUSHED MINERALS",13.5,IV
274,"CRUSHED STONES",5,II
275,"CRUSHERS & ACCESSORIES",13.5,IV
276,"CUPS, PLATES & GLASSES OF PAPER & PLASTICS",5,II
277,CURD,0,I
278,"CURTAINS,DRAPES",5,II
279,CUSHION,13.5,IV
280,"CUSTOM BOND GOODS FOR RE-EXPORT AFTER MANUFACTURING OR OTHERWISE",0,I
281,"CYANIDES/CYANIDE OXIDES/COMPLEX CYANIDES",5,II
282,"CYCLIC ALCOHOLS",5,II
283,"CYCLIC HYDROCARBONS",5,II
284,"CYNATES & THIOCYNATES",5,II
285,DABKA,5,II
286,"DAIRY EQUIPMENTS",13.5,IV
287,"DAL MOTH",13.5,IV
288,"DATE STAMPS/DUSTERS/INDEX FILE",13.5,IV
289,"DE-OILED CAKE",0,I
290,"DECCAN HEMP PRODUCTS",13.5,IV
291,DECORATIONS,13.5,IV
292,DEODORANTS,13.5,IV
293,"DEODORIZERS & CUPBOARD FRESHNERS",13.5,IV
294,"DERIVATIVES OF ALDEHYDES",5,II
295,"DETERGENTS & SOAPS",13.5,IV
296,DETONATORS,13.5,IV
297,"DEXTROSE MONOHYDRATES/ARTICLES HAVING DEXTROSE AS MAJOR INGREDIENTS",13.5,IV
298,DHUPLAKRI,13.5,IV
299,DIAMONDS,1,III
300,"DIAPERS (BABY/ADULT",13.5,IV
301,"DIAPERS/NAPPIES (BABY)",13.5,IV
302,"DIAZO,AZO-OR-AZOXY COMPOUNDS",5,II
303,"DIESEL LOCOMOTIVES & PARTS/ACCESSORIES",13.5,IV
304,"DIFFRACTION APPARATUS",13.5,IV
305,"DIPHOSPHORUS PENTAOXIDE",5,II
306,"DIRECT DYES",5,II
307,DITHIONITES,5,II
308,"DIVING EQUIPMENTS",13.5,IV
309,"DIVING SUIT/MASK/UMBILICAL",13.5,IV
310,DOLOMITE,5,II
311,"DOMESTIC CLEANING ARTICLE & EQUIPMENT",13.5,IV
312,DOORS/WINDOWS/VENTILATORS/PARTITIONS/STANDS/LADDERS/ETC,13.5,IV
313,"DRIED DISTILLERS GRAIN SOLUBLE (DDGS)",13.5,IV
314,"DRIED FRUITS",13.5,IV
315,"DRY CELLS",13.5,IV
316,"DRY PLANTS/ROOTS/FLOWERS",5,II
317,DUMPERS/DIPPERS/SCRAPPERS/PIPE-LAYERS,13.5,IV
318,"DUPLICATING MACHINES & PARTS",13.5,IV
319,DVD/CD,5,II
320,"DYE CARRIERS",5,II
321,DYES,5,II
322,"EARTHEN POT",0,I
323,"EARTHEN TILES",5,II
324,"ECG INSTRUMENTS",13.5,IV
325,"EDIBLE OIL",5,II
326,"EGG  PRESERVED & SOLD IN AIR TIGHT CONTAINERS",13.5,IV
327,"EGG TRAYS",13.5,IV
328,EGGS,0,I
329,"ELASTIC RAIL CLIPS",13.5,IV
330,"ELECTRIC MOTORS/PARTS & ACCESSORIES",13.5,IV
331,"ELECTRICAL (DOMESTIC & COMMERCIAL APPLIANCES)",13.5,IV
332,"ELECTRICAL ENERGY",0,I
333,"ELECTRICAL GOODS USED IN CONSUMPTION OF ELECTRICITY,ETC",13.5,IV
334,"ELECTRICAL INSTRUMENTS",13.5,IV
335,"ELECTRICAL PANEL",13.5,IV
336,"ELECTRICALLY/MANUALLY OPERATED CLEANING EQUIPMENTS",13.5,IV
337,ELECTRODES,5,II
338,"ELECTRONIC ENERGY METER",13.5,IV
339,"ELECTRONIC GOODS",13.5,IV
340,"ELECTRONIC PRIVATE AUTOMATIC BRANCH EXCHANGE (EPABX)",5,II
341,"ELECTRONIC TOYS",13.5,IV
342,"EMBROIDERY / ZARI ARTICLES",5,II
343,"EMBROIDERY MACHINE",5,II
344,"EMBROIDERY NEEDLES",5,II
345,EMERALDS,1,III
346,"EMERY PAPER/CLOTH/POWDER/PASTE",13.5,IV
347,"ENAMELLED UTENSILS",5,II
348,"ENGEL (NANO SILVER)",5,II
349,"ENGINE (MARINE/DIESEL/OIL) & PARTS",13.5,IV
350,"ENZYMES/PREPARED ENZYMES",5,II
351,"EPHYLENE OXIDES",5,II
352,EPOXIDES,5,II
353,"EPOXY GROUT CHEMICALS",13.5,IV
354,"EPOXY PAINTS",13.5,IV
355,EPOXYALCOHOLS,5,II
356,EPOXYPHENOLS,5,II
357,EPOXYTHERS,5,II
358,"ESPRESSO/COFFEE MAKING APPARATUS",13.5,IV
359,"ESTERS OF OTHER INORGANIC ACIDS & THEIR SALTS",5,II
360,"ETHER-ALCOHOLS & THEIR DERIVATIVES",5,II
361,"ETHERS & ETHER DERIVATIVES",5,II
362,"ETHYL ALCOHOL (DENATURED)",5,II
363,"ETHYLENE DIAMINE TETRA ACETIC ACID & DERIVATIVES",5,II
364,"ETHYLENE GLYCOL",5,II
365,"EXERCISE BOOKS/GRAPH/LABORATORY NOTE BOOK",5,II
366,"EXTRA NEUTRAL ALCOHOL",20,V
367,"FABRICATED ITEMS",13.5,IV
368,"FABRICATED STRUCTURE",5,II
369,FABRICATIONS,13.5,IV
370,"FAX MACHINES & PARTS/ACCESSORIES",13.5,IV
371,"FEEDING BOTTLES",5,II
372,"FEEDING BOTTLES,NIPPLES",5,II
373,"FEEDING NIPPLES",5,II
374,"FERRIC/ NON-FERRIC ALUM",5,II
375,"FERRO MANGANESE",5,II
376,"FERRO SILICON/FERRO SILICON SLAG",5,II
377,FERROCHROME,5,II
378,FERTILIZERS,5,II
379,"FIBERGLASS SHEETS & ARTICLES",13.5,IV
380,"FIBRE/FIBRE WASTE",5,II
381,"FILM/PRINTED POUCH (LAMINATED)",5,II
382,"FINISHING AGENTS",5,II
383,"FIRE FIGHTING EQUIPMENTS & DEVICES",13.5,IV
384,FIRECLAY,5,II
385,"FIREWOOD EXCEPT CASURINA & EUCALYPTUS TIMBER",0,I
386,"FIREWORKS/COLOURED MATCHES",13.5,IV
387,"FISH NOT CURED OR FROZEN",0,I
388,"FISH/SEA FOOD  PRESERVED & SOLD IN AIR TIGHT CONTAINERS",13.5,IV
389,"FISHNET,FISHNET FABRICS & FISH SEEDS",0,I
390,FLATS,5,II
391,"FLAVOURING ESSENCE",5,II
392,"FLEXIBLE PLAIN FILMS",5,II
393,"FLEXIBLE POLY UREATHANE FOAM",13.5,IV
394,"FLOOR COVERINGS",13.5,IV
395,FLOUR,0,I
396,"FLOWER POTS",13.5,IV
397,FLUORIDES,5,II
398,FLUORINE,5,II
399,FLUOROALUMINATES,5,II
400,FLUOROSILICATES,5,II
401,FLUX,5,II
402,"FLY ASH",5,II
403,"FLY ASH BRICKS",5,II
404,"FOAM PRODUCTS (RUBBER/PLASTIC)",13.5,IV
405,"FOOD GRAINS",0,I
406,"FOOD ITEMS (PACKED/TINNED/SEALED CONTAINERS/ETC)",13.5,IV
407,"FOOD SUPPLEMENTS/APPETIZERS/TONICS/DIETICAL FOODS",13.5,IV
408,"FOOTWEAR OF ALL KINDS EXCLUDING PLASTIC/HAWAI CHAPPALS",13.5,IV
409,"FOREST PRODUCTS",5,II
410,"FRESH FLOWERS",0,I
411,"FRESH MILK",0,I
412,"FRESH PLANTS",0,I
413,"FRIED CHANAS",13.5,IV
414,"FRIED GRAMS",5,II
415,"FRUIT JUICE/ETC",13.5,IV
416,"FRUIT OILS",13.5,IV
417,"FRUITS SOLD IN PRESERVED FORM",13.5,IV
418,"FRUITS/VEGETABLES  PRESERVED & SOLD IN AIR TIGHT CONTAINERS",13.5,IV
419,"FUEL TANKS",13.5,IV
420,FULMINATES,5,II
421,"FUR ARTICLES",13.5,IV
422,"FURNACE OIL",13.5,IV
423,"FURNACES OF ALL TYPES",13.5,IV
424,FURNITURES,13.5,IV
425,"FUSEL OIL (FO)",13.5,IV
426,"G. C. SHEETS",5,II
427,"G.I CORRUGATED SHEET",5,II
428,"G.I. FENCING",13.5,IV
429,"G.P SHEETS",5,II
430,"GALVANISE IRON SOCKET",4,II
431,"GANDHI TOPI",0,I
432,GARLIC,0,I
433,"GARNET SAND",13.5,IV
434,"GAS CYLINDERS (EMPTY)",13.5,IV
435,"GAS CYLINDERS/STOVES/BURNERS & ACCESSORIES",13.5,IV
436,"GASES (LIQUEFIED OR NOT)",13.5,IV
437,"GENERATORS & PARTS",13.5,IV
438,"GEO TEXTILE FABRICS",13.5,IV
439,"GFN 66 LINER",13.5,IV
440,"GIFT ITEMS",13.5,IV
441,GINGER,0,I
442,GIZAL,5,II
443,"GLASS BEAD",5,II
444,"GLASS FRIT/GLASS POWDER/GRASS GRANULES/GLASS FLAKES",5,II
445,"GLASS PANES",13.5,IV
446,GLASSWARES,13.5,IV
447,"GLIDERS & PARTS & ACCESSORIES",13.5,IV
448,"GLOW SIGNS",13.5,IV
449,GLYCERIN,13.5,IV
450,"GLYCEROL,CRUDE,GLYCEROL WATERS & GLYCEROL LYES",5,II
451,"GLYCOSIDES & DERIVATIVES",5,II
452,"GOBAR (DUNG)",0,I
453,"GOLD ARTICLES",1,III
454,"GOLD COINS",1,III
455,"GOLD FINGER",5,II
456,"GOLD ORNAMENTS",1,III
457,"GOODS DECLARED UNDER SECTION 14 OF CST ACT(1956)",5,II
458,GOTA,5,II
459,"GRAIN EXTRA NEUTRAL ALCOHOL (GRAIN ENA)",13.5,IV
460,GRAMS,5,II
461,GRANITES,13.5,IV
462,"GRANULATED SLAG (SLAG SAND) FROM THE MANUFACTURE OF IRON & STEEL",5,II
463,"GRAPHIC ART FILMS",13.5,IV
464,"GRAPHITE (ARTIFICIAL)",5,II
465,"GRASS,HAY & STRAW",0,I
466,"GREEN TEA LEAVES (UNPROCESSED)",0,I
467,"GREETING CARDS OF ALL KINDS",13.5,IV
468,"GRILLS (RTS)",13.5,IV
469,"GRINDING STONES",13.5,IV
470,"GROOVED RUBBER SOLE PLATES",13.5,IV
471,"GROUNDNUT SEEDS",0,I
472,"GUN POWDER",13.5,IV
473,GUR/JAGGERY,5,II
474,GUTTERS,5,II
475,GYPSUM,13.5,IV
476,"HAIR (HUMAN HAIR/WIGS)",13.5,IV
477,"HAIR CLIPS",13.5,IV
478,"HAIR OIL",13.5,IV
479,"HALIDE OXIDES OF NON-METALS",5,II
480,HALIDES,5,II
481,"HALOGENATED DERIVATIVES OF HYDROCARBONS",5,II
482,"HAND PUMPS/SPARE PARTS",5,II
483,HANDICRAFTS,13.5,IV
484,"HANDLOOM FABRICS",0,I
485,"HANDLOOMS & PARTS/ACCESSORIES",13.5,IV
486,"HANDLOOMS (CHARAKHA & AMBER CHARAKHA)",0,I
487,"HANDMADE BOARD(LIGHTER BLOCK)",13.5,IV
488,HANKERCHIEFS,5,II
489,"HARDWARE GOODS",13.5,IV
490,HARVESTERS(ATTACHMENT/PARTS/TYRES),5,II
491,"HAWAII CHAPPALS AND STRAPS",5,II
492,HDPE,5,II
493,"HEALTH DRINKS",13.5,IV
494,"HELICOPTERS & PARTS & ACCESSORIES",13.5,IV
495,HELMETS,13.5,IV
496,HERB/BARK,5,II
497,HERBICIDES/RODENTICIDES,5,II
498,"HESSIAN CLOTH",13.5,IV
499,"HETEROCYCLIC COMPOUNDS",5,II
500,"HETEROCYCLIC COMPOUNDS WITH NITROGEN HETETO ATOMS",5,II
501,"HETEROCYCLIC COMPOUNDS WITH OXYGEN HETETO ATOMS",5,II
502,"HIGH SECURITY REGISTRATION PLATES (BLANK)",13.5,IV
503,"HING (ASAFOETIDA)",5,II
504,"HM/HDPE/LDPE - PACKING MATERIALS",5,II
505,"HOLLOW BLOCK",13.5,IV
506,HONEY,5,II
507,"HORN ARTICLES",13.5,IV
508,"HOSE PIPES AND FITTINGS",5,II
509,"HOSIERY GOODS",5,II
510,"HOSPITAL INSTRUMENTS",5,II
511,"HOSPITAL SHEET RUBBER",13.5,IV
512,"HOT ROLLED SKELP",4,II
513,"HSD BAR",5,II
514,"HUMAN BLOOD",0,I
515,"HUME PIPE",5,II
516,"HUSK/GROUNDNUT HUSK",0,I
517,"HYDRAZINE & THEIR INORGANIC SALTS",5,II
518,"HYDROCHLORIC ACID",5,II
519,"HYDROGEN CHLORIDE",5,II
520,"HYDROGEN, RARE GASES & OTHER NON-METALS",5,II
521,"HYDROXYLAMINE & THEIR INORGANIC SALTS",5,II
522,"I B R PIPES",5,II
523,"I T PRODUCTS",5,II
524,ICE,5,II
525,"ICE CREAMS",13.5,IV
526,"IDOLS (MADE OF CLAY)",0,I
527,IMI,5,II
528,"IMITATION GOLD ARTICLES",5,II
529,"IMITATION JEWELLERY",5,II
530,"IMPURE SPIRIT OR TECHNICAL ALCOHOL (IS OR TA)",13.5,IV
531,"INCENSE STICKS (AGARBATI/DHUPKHATI",5,II
532,"INDIAN MADE FOREIGN LIQUOR",20,V
533,"INDIAN MADE FOREIGN SPIRITS(IMFS)",13.5,IV
534,"INDUSTRIAL GASES/ MEDICAL GASES",5,II
535,"INDUSTRIAL INPUT TOOLS",5,II
536,"INDUSTRIAL INPUTS & PACKING MATERIALS",5,II
537,INGOTS,5,II
538,"INORGANIC BASES (OTHER)",5,II
539,INSECTICIDES,5,II
540,"INSULATION MATERIALS",13.5,IV
541,INSULATORS,5,II
542,"INTANGIBLE GOODS/COPYRIGHT/ PATENT/ REPLENISHMENT LICENSE",5,II
543,"INTERNAL COMBUSTION ENGINE & PARTS",13.5,IV
544,"IODATES & PERIODATES",5,II
545,"IODIDES/IODIDE OXIDE",5,II
546,IODINE,5,II
547,"ION EXCHANGERS BASED ON POLYMERS IN PRIMARY FORMS",5,II
548,"IRON & STEEL",5,II
549,"IRON BLOCKS",5,II
550,"IRON OXIDES/HYDROXIDES",51,II
551,"IRON SCRAP",5,II
552,"ISOTOPES OTHER THAN RADIOACTIVE ISOTOPES",5,II
553,"IVORY ARTICLES",13.5,IV
554,"JUTE ROPES",5,II
555,"JUTE SACKS/BAGS FOR PACKING OF GOODS",5,II
556,"JUTE-CUM-POLYPROPYLENE COVERINGS",13.5,IV
557,KASAB,5,II
558,KEROSENE,5,II
559,"KEROSENE LAMPS/LANTERN,PETROMAX,GLASS CHIMNEY",5,II
560,"KEROSENE SOLD THROUGH PDS",5,II
561,"KEY CHAINS/KEY HOLDERS",13.5,IV
562,"KHADI GARMENTS/GOODS AND MADE UPS",0,I
563,KHANDSARI,5,II
564,KHATTHA,5,II
565,"KHOI (PARCHED RICE)",0,I
566,KHOYA/KHOA,5,II
567,KHUKRI,5,II
568,KIRPAN,0,I
569,KITCHENWARE,5,II
570,"KMB AMSON RADIO",13.5,IV
571,"KNITTING WOOL",5,II
572,KORA,5,II
573,KSEH,13.5,IV
574,KUMKUM,0,I
575,"L P COMPRESSOR",13.5,IV
576,"L.A.B. SULPHONIC ACID",5,II
577,"LAB EQUIPMENTS",13.5,IV
578,"LABORATORY REAGENTS/DISINFECTANTS",13.5,IV
579,"LADIES ITEMS",13.5,IV
580,"LAMINATED BOARD OF SHEETS",13.5,IV
581,LASSI,0,I
582,"LEAD ARTICLES & GOODS",13.5,IV
583,"LEAD ORES & CONCENTRATES",5,II
584,"LEAF PLATES/CUPS (PRESSED/STITCHED",0,I
585,"LEASE TRANSACTIONS",13.5,IV
586,"LEATHER ARTICLES",13.5,IV
587,"LEATHER GOODS",13.5,IV
588,"LEAVES OILS",13.5,IV
589,LECITHINS/PHOSPHOMINOLIPIDS,5,II
590,LIFTS/ELEVATORS/HOIST,13.5,IV
591,"LIGHT DIESEL OIL",13.5,IV
592,"LIGHT ROOFING SHEETS",13.5,IV
593,"LIGHTERS/SPARK LIGHTERS",13.5,IV
594,LIGNITE,5,II
595,"LIME / LIME PRODUCT",5,II
596,"LIMESTONE & OTHER CALCAREOUS STONES",5,II
597,"LINEAR ALKYL BENEZENE",5,II
598,LINOLEUM,13.5,IV
599,LINSEEDS,5,II
600,"LIQUEFIED PETROLEUM GAS (LPG)",13.5,IV
601,"LIQUID GLUCOSE (NON MEDICINAL)",5,II
602,LIQUOR,20,V
603,LIVESTOCKS,0,I
604,LLDPE/LDPE,5,II
605,"LOCKERS & SAFES/WALL COFFERS",13.5,IV
606,"LOCKS/PAD LOCKS/KEYS",13.5,IV
607,"LOTTERY TICKETS",20,V
608,"LOW SULPHUR HEAVY STOCK (LSHS)",13.5,IV
609,LUBRICANTS,13.5,IV
610,LUGGAGES,13.5,IV
611,"M S COIL",5,II
612,"M.S INGOTS",5,II
613,M.S.SHEETS,5,II
614,"MACHINERY OF ALL KINDS",13.5,IV
615,"MACHINERY OF ALL KINDS AND PARTS",13.5,IV
616,"MAGNESIUM HYDROXIDES",5,II
617,"MAGNESIUM PEROXIDE",5,II
618,MAIDA,0,I
619,"MAIZE PRODUCTS",13.5,IV
620,"MANGANESE ORES & CONCENTRATES",5,II
621,"MANGANESE OXIDES",5,II
622,"MAPS,CHARTS & GLOBES",0,I
623,MARBLES,13.5,IV
624,"MATCHES (HANDMADE SAFETY)",0,I
625,"MATTING MATERIALS",13.5,IV
626,MATTRESS,13.5,IV
627,"MEASURING DEVICES",13.5,IV
628,"MEAT NOT CURED OR FROZEN",0,I
629,"MEAT PRESERVED & SOLD IN AIR TIGHT CONTAINERS",13.5,IV
630,"MECHANICAL EXPLOSIVES",13.5,IV
631,"MECHANICAL INSTRUMENTS",13.5,IV
632,"MECHANICAL WOOD PULP",5,II
633,"MEDICAL EQUIPMENTS/DEVICES AND IMPLANTS",5,II
634,"MEDICINE & DRUGS",5,V
635,MENTHOL,13.5,IV
636,MERCURY,5,II
637,"METAL BEAM CRASH BARRIERS",13.5,IV
638,"METAL CASTINGS",5,II
639,"METAL DETECTORS",13.5,IV
640,"METAL OXIDE/HYDROXIDE/PEROXIDE (OTHER)",5,II
641,"METALLIC PRODUCTS",13.5,IV
642,METALS(FERROUS/NON-FERROUS),5,II
643,"METALS(POWDER/ PASTE/ SCRAPS) OTHER THAN THOSE FALLING UNDER 'DECLARED GOODS'",5,II
644,METHANOL,5,II
645,"MICA/SUN MICA/FORMICA/COAM",13.5,IV
646,"MICRO CELLULAR RUBBER",13.5,IV
647,"MICRO NUTRIENTS",5,II
648,"MICROSCOPE/MAGNIFYING GLASSES",13.5,IV
649,"MILK FOOD & MILK PRODUCTS",13.5,IV
650,"MILK PRODUCTS",13.5,IV
651,"MILL SCALE",5,II
652,"MINE SAFETY EQUIPMENTS",13.5,IV
653,"MINERAL WATER",13.5,IV
654,MISROL,5,II
655,MOLASSES,20,V
656,"MOLYBDENUM ORES & CONCENTRATES",5,II
657,"MONCARBOXYLIC ACIDS AND THEIR ANHYDRIDES/HALIDES/PEROXIDES/PEROXYACIDS",5,II
658,"MONOBLOC AND PARTS",5,II
659,"MOSQUITO NET",13.5,IV
660,"MOSQUITO REPELLENTS",13.5,IV
661,"MOTOR COOLANT",13.5,IV
662,"MOTOR PARTS & ACCESSORIES",13.5,IV
663,"MOTOR VEHICLE/CHASSIS/CYCLES/SCOOTERS/MOPEDS/THREE WHEELERS/ETC",13.5,IV
664,MOTOR/PUMP,13.5,IV
665,MOULDING,13.5,IV
666,"MURI (PUFFED RICE)",0,I
667,"MURKI (PARCHED RICE COATED WITH SUGAR)",0,I
668,MUSHROOMS,13.5,IV
669,"MUSICAL INSTRUMENTS",13.5,IV
670,"MUSICAL INSTRUMENTS (INDIGENEOUS HANDMADE)",0,I
671,"NAPA SLABS (ROUGH FLOORING STONE)",5,II
672,NAPHATHALENE,5,II
673,NAPHTHA,13.5,IV
674,NAPKINS,5,II
675,NAPTHOLS,5,II
676,NAQSI,5,II
677,"NATIONAL FLAG",0,I
678,"NATURAL & SYNTHETIC NATURAL OIL",13.5,IV
679,"NATURAL POLYMERS/MODIFIED NATURAL POLYMERS IN PRIMARY FORMS",5,II
680,"NATURAL RUBBER/BALATA/GUTTA PERCHA/GUAYULE/CHICLE/SIMILAR NATURAL GUMS",5,II
681,NEERA,0,I
682,NEWARS,5,II
683,NICKEL,5,II
684,"NICKEL (ELECTROPLATED)",13.5,IV
685,"NICKEL ORES & CONCENTRATES",5,II
686,"NIOBIUM ORES & CONCENTRATES",5,II
687,"NITRIC ACID",5,II
688,"NITRILE FUNCTION COMPOUNDS",5,II
689,"NITRILLO TRIACETIC ACID & DERIVATIVES",5,II
690,"NON MECHANIZED BOATS USED BY FISHERMAN FOR FISHING",5,II
691,"NON-ALCOHOLIC BEVERAGES",13.5,IV
692,"NON-JUDICIAL STAMP SOLD BY GOVT. TREASURIES",0,I
693,NON-METALS,5,II
694,NOODLES,13.5,IV
695,"NORMAL PARAFFIN",5,II
696,"NUCLEIC ACIDS & THEIR SALTS",5,II
697,"NUTRITIONAL FOOD SUPPLEMENTS",13.5,IV
698,"NUTS,BOLTS,SCREWS & FASTENERS",5,II
699,"NYLON DYES",5,II
700,"OFFICE FILES",13.5,IV
701,"OFFICE MACHINES/EQUIPMENTS/APPARATUS",13.5,IV
702,"OIL SEEDS",5,II
703,"OILED CAKE",5,II
704,OLCUM,5,II
705,ONIONS,5,II
706,"OPTICAL GOODS & PARTS/ACCESSORIES",13.5,IV
707,"OPTICAL WHITENING AGENTS",5,II
708,"ORES & MINERALS",5,II
709,"ORGANIC DERIVATIVES OF HYDRAZINE OR OF HYDROXYLAMINE",5,II
710,"ORGANIC MANURE",0,I
711,"ORGANO SULPHUR COMPOUND",5,II
712,"ORTHOPEDIC ITEMS",13.5,IV
713,"OTHER GOODS NOT INCLUDED IN SCHEDULE I (12.5%)",13.5,II
714,"OTHER GOODS NOT INCLUDED IN SCHEDULE I (4%)",5,II
715,"OTHER ORES & CONCENTRATES",5,II
716,"OXIMINO SILANES",5,II
717,"OXYGEN FUNCTION AMINO COMPOUNDS",5,II
718,"PACKING CASES/MATERIALS",13.5,IV
719,"PACKING TAPE",5,II
720,PADDY,0,I
721,PAINTS/ENAMELS/POLISHES/DISTEMPERS,13.5,IV
722,"PALM FATTY ACID",5,II
723,"PAN FLAVOUR",13.5,IV
724,"PAN MASALA/CHUTNEY/SCENTED SUPARI",13.5,IV
725,"PAPER /NEWSPRINT",5,II
726,"PAPER BOARDS",5,II
727,"PAPER ENVELOPES/PRODUCTS",13.5,IV
728,"PAPER PRINTED LABEL/PAPER BOARD PRINTED LABEL",5,II
729,"PAPER SELF ADHESIVE TAPE/PRINTED WRAPPERS USED FOR PACKING",5,II
730,PAPPAD,0,I
731,"PARACHUTES & PARTS & ACCESSORIES",13.5,IV
732,"PARAFFIN WAX/FOOD GRADE STANDARDS",13.5,IV
733,"PARTIALLY ORIENTED YARN & WASTE THEREOF",5,II
734,"PARTY DECORATORS (LEASING)",13.5,IV
735,"PASTEURIZED MILK",0,I
736,"PDS ITEM EXCEPT KEROSENE",0,I
737,PEARLS,1,III
738,PENS/REFILLS,13.5,IV
739,"PERAMBULATORS/PUSH CHAIRS & PARTS/ACCESSORIES",13.5,IV
740,"PERFUMERY PRODUCTS",13.5,IV
741,"PEROXOCARBONATES (PERCARBONATES)",5,II
742,PESTICIDES,5,II
743,"PETRO-CHEMICALS ( OTHER THAN INDUSTRIAL INPUTS)",13.5,IV
744,"PETROL/DIESEL ADDITIVES",13.5,IV
745,"PETROL/DIESEL/AVIATION TURBINE FUEL",0,I
746,"PETROLEUM PRODUCTS",13.5,IV
747,"PETROLEUM RESINS IN PRIMARY FORMS",5,II
748,"PHARMA PRODUCTS",5,II
749,"PHENOLIC RESINS IN PRIMARY FORMS",5,II
750,PHENOLS,5,II
751,"PHENOLS & PHENOL ALCOHOLS",5,II
752,"PHOSPHATES & POLYPHOSPHATES",5,II
753,"PHOSPHIDES EXCLUDING FERROPHOSPHORUS",5,II
754,"PHOSPHINATES (HYPOPHOSPHITES)",5,II
755,"PHOSPHONATES (PHOSPHITES)",5,II
756,"PHOSPHORIC ACID",5,II
757,"PHOSPHORIC ESTERS & THEIR SALTS",5,II
758,"PHOSPHORUS TRISULPHIDE",5,II
759,"PHOTO ALBUMS",13.5,IV
760,"PHOTO ARTICLES",13.5,IV
761,"PHOTO COPYING MACHINES & PARTS",13.5,IV
762,"PHOTOGRAPHIC CAMERA",13.5,IV
763,"PHOTOGRAPHIC CAMERAS AND PHOTO ARTICLES",13.5,IV
764,"PHYSIOTHERAPEUTIC AIDS",13.5,IV
765,"PIG FEED",0,I
766,"PIG IRON",5,II
767,PILLOWS,13.5,IV
768,PIPAL,5,II
769,"PIPE HOLDERS/TOBACCO PIPES/HOOKAH",13.5,IV
770,"PIPES(G.I/ C.I / DUCTILE/ PVC,M.S.BLACK PIPES) INCLUDING FITTINGS",5,II
771,PIPUL,13.5,IV
772,"PLAIN ROD",5,II
773,"PLANT GROWTH PROMOTERS/REGULATORS",5,II
774,"PLASTER OF PARIS",5,II
775,"PLASTIC ARTICLES FOR PACKING OF GOODS",5,II
776,"PLASTIC DYES",5,II
777,"PLASTIC FILM",5,II
778,"PLASTIC FOOTWEAR",5,II
779,"PLASTIC GRANULES",5,II
780,"PLASTIC POWDER & MASTER BATCHES",5,II
781,"PLASTIC ROPES",5,II
782,"PLASTIC SHEETS & ARTICLES",13.5,IV
783,"PLASTIC SULTI",5,II
784,PLATINUM,1,III
785,"PLAYING CARDS",13.5,IV
786,"PLYWOOD/VENEER PLYWOOD/BOARDS OF WOODS OF ALL KINDS",13.5,IV
787,POLES,5,II
788,"POLLUTION CONTROL EQUIPMENTS",13.5,IV
789,"POLY-PHOSPHORIC ACIDS",5,II
790,"POLYACETALS/POLYETHERS/EPOXIDE RESINS IN PRIMARY FORMS",5,II
791,"POLYAMIDES IN PRIMARY FORMS",5,II
792,"POLYCARBONATES IN PRIMARY FORMS",5,II
793,"POLYCARBOXYLIC ACIDS & THEIR ANHYDRIDES/HALIDES/PEROXIDES/PEROXYACIDS",5,II
794,"POLYESTER FIBRE (HOLLOW)",13.5,IV
795,"POLYESTER STAPLE FIBRE WASTE",5,II
796,"POLYESTER STAPLE FIBRE/POLYESTER STAPLE FIBRE FILL",5,II
797,"POLYESTER TEXTURISED YARN & WASTE THEREOF",5,II
798,"POLYETHYLENE TEREPHTHALATE CHIPS",5,II
799,"POLYMER MODIFIED BITUMEN",5,II
800,"POLYMERS OF OLEFINS",5,II
801,"POLYMERS OF PROPYLENE",5,II
802,"POLYPHENYLENE OXIDE IN PRIMARY FORMS",5,II
803,"POLYSTER FIBRE YARN",5,II
804,"POLYSULPHONES IN PRIMARY FORMS",5,II
805,"POLYSUOPHIDES IN PRIMARY FORMS",5,II
806,"POLYTERPENES IN PRIMARY FORMS",5,II
807,"POLYURETHANES IN PRIMARY FORMS",5,II
808,PORRIDGE,5,II
809,"POSTAL ITEMS SOLD BY GOVT.",0,I
810,"POTASSIUM DICHROMATE",5,II
811,"POTASSIUM HYDROXIDES (CAUSTIC POTASH)",5,II
812,"POTASSIUM PEROXIDES",5,II
813,"POTATO CHIPS",13.5,IV
814,"POULTRY  PRESERVED & SOLD IN AIR TIGHT CONTAINERS",13.5,IV
815,"POULTRY FEED",0,I
816,"POWDERED LIME",5,II
817,"POWER DRIVEN PUMPS EXCLUDING CENTRIFUGAL/MONOBLOCK/SUBMERSIBLE PUMPS",13.5,IV
818,"POWER FACTORS",13.5,IV
819,"POWER TILLERS",5,II
820,"PP/HDPE - PACKING MATERIALS",5,II
821,"PRAWN NOT CURED OR FROZEN",0,I
822,"PRE USED CARS",5,II
823,"PRECIOUS METALS ORES & CONCENTRATES",5,II
824,"PRECIOUS STONES",1,III
825,"PREPARED DRIERS",5,II
826,"PRINTED MATERIAL (DIARY/ CALENDAR)",5,II
827,PRINTING,5,II
828,"PRINTING INK",5,II
829,"PRINTING MATERIALS",13.5,IV
830,"PRIVATE BRANCH EXCHANGE(PBX)",5,II
831,"PROCESSED FRUITS (FRUIT JAMS/JELLY/SQUASH/PASTE/DRINKS/JUICE) IN SEALED CONTAINERS OR OTHERWISE",5,II
832,"PROCESSED MEAT,POULTRY,FISH",5,II
833,"PROCESSED VEGETABLES (PICKLES) IN SEALED CONTAINER OR OTHERWISE",5,II
834,"PROLYPROLINE RING",13.5,III
835,PROPYLENE,5,II
836,"PULP OF BAMBOO/WOOD/PAPER",5,II
837,"PULP OF FIBROUS CELLULOSIC MATERIALS",5,II
838,PULSES,0,I
839,"PURE RUBBER SHEETING",13.5,IV
840,PVC,5,II
841,"PVC INSULATED WIRES AND CABLES",13.5,IV
842,"PVC PIPES/DUCTS/FLATS",13.5,IV
843,"PVC SPORT SURFACES",13.5,IV
844,"PYROGENIC METAL POWDERS",13.5,IV
845,QUARTZ,13.5,IV
846,"QUATERNERY AMMONIUM SALTS & HYDROXIDES",5,II
847,"R.C.C. PIPES",13.5,IV
848,"RABBIT FEED",0,I
849,"RADIOACTIVE CHEMICAL ELEMENTS/",5,II
850,"RADIOACTIVE CHEMICAL ISOTOPES",5,II
851,"RAIL COACHES/ENGINES/WAGONS AND PARTS",5,II
852,"RAIL COACHES/WAGONS & PARTS/ACCESSORIES",13.5,IV
853,"RAIN COATS",13.5,IV
854,RAKHI,0,I
855,"RARE EARTH METALS",5,II
856,"RAW HIDE & SKIN",5,II
857,"RAW JUTE",5,II
858,"RAW WOOL",0,I
859,"REACTION ACCELERATORS",5,II
860,"REACTION INITIATORS",5,II
861,"REACTIVE DYES",5,II
862,"READYMADE GARMENTS",5,II
863,"RECLAIMED RUBBER IN PRIMARY FORMS",5,II
864,"RECTIFIED SPIRIT",20,V
865,REDGING,5,II
866,REDUCERS,5,II
867,"REFINED OR EATABLE LIME",5,II
868,"REFRACTORY BRICKS",5,II
869,"REFRACTORY MONOLITHIC",5,II
870,"REFRIGERATION PLANTS/APPLIANCES/EQUIPMENTS/PARTS/ACCESSORIES",13.5,IV
871,"RELIGIOUS ATRICLES/STATUES",13.5,IV
872,"RENEWABLE ENERGY DEVICES & SPARE PARTS",5,II
873,"REPROGRAPHIC COPIERS & PARTS",13.5,IV
874,"RESIDUAL LYES FROM THE MANUFACTURE OF WOOD PULP",5,II
875,"RESIN/RESIN ACIDS & DERIVATIVES",5,II
876,"RETARDERS USED IN THE PRINTING INDUSTRY",5,II
877,"RIBBONS AND LACE",0,I
878,RICE,0,I
879,"RICE BRAN",5,II
880,"RICKSHAWS (CYCLES) AND PARTS/TYRES",5,II
881,RIDGES,5,II
882,RISERS,5,II
883,"RIVER SAND & GRIT",5,II
884,"ROLLED GOLD ARTICLES",5,II
885,"ROLLING SHUTTERS/COLLAPSIBLE GATES",13.5,IV
886,ROPES,5,II
887,"ROSEWOOD ARTICLES",13.5,IV
888,"RUBBER ACCELERATORS",5,II
889,"RUBBER GRANNUELS",13.5,IV
890,"RUBBER PRODUCTS",13.5,IV
891,"RUBBER SEAL",13.5,IV
892,"RUBBER/LATEX/RECLAIMED RUBBER/SYNTHETIC RUBBER",13.5,IV
893,RUBIES,1,III
894,RUM,20,V
895,RUNNERS,5,II
896,"RUPEE NOTE,CHEQUES SOLD TO RBI",0,I
897,SACCHARINE,13.5,IV
898,"SACRED THREAD",0,I
899,"SAFETY FUSES",13.5,IV
900,"SAFETY MATCHES",5,II
901,SAFFRON,13.5,IV
902,SAIMA,5,II
903,"SALT (BRANDED)",0,I
904,"SALT (UNPROCESSED/UNBRANDED)",0,I
905,"SAND PAPER",13.5,IV
906,"SANDALWOOD ARTICLES",13.5,IV
907,"SANITARY FITTINGS & EQUIPMENTS",13.5,IV
908,"SANITARY TOWELS/NAPKINS/BELTLESS NAPKINS",13.5,IV
909,SAPLINGS,0,I
910,SAPPHIRES,1,III
911,"SAWDUST POWDER",13.5,IV
912,"SAWN TIMBER",13.5,IV
913,SCANDIUM,5,II
914,"SCHOOL BAGS",5,II
915,"SCHOOL FURNITURE",13.5,IV
916,"SCIENTIFIC EQUIPMENTS",13.5,IV
917,SCRAP,5,II
918,SEALANTS,5,II
919,"SEAT COVERS & OTHER ARTICLES",13.5,IV
920,"SECOND HAND GARMENTS",5,II
921,SECTIONS,13.5,IV
922,"SEEDS OTHER THAN OIL SEEDS",0,I
923,"SELF ADHESIVE PLATES/SHEETS/FILM FOIL/TAPE/STRIP OF PLASTIC",5,II
924,"SEMEN/FROZEN SEMEN",0,I
925,"SEMI CHEMICAL WOOD PULP",5,II
926,"SEPARATED MILK",0,I
927,"SEPTIC TANK",13.5,IV
928,"SEWING MACHINES PARTS & ACCESSORIES",5,II
929,"SEWING THREAD",5,II
930,"SGCI INSERTS",13.5,IV
931,"SHAHABAD STONES",5,II
932,"SHAVING SET/PRODUCTS",13.5,IV
933,SHAWLS,13.5,IV
934,"SHIP & OTHER WATER VESSELS",5,II
935,"SHOE MATERIALS",13.5,IV
936,"SHOE POLISH/WAX,CREAM,WHITENER",13.5,IV
937,"SHUNT CAPACITORS",13.5,IV
938,"SHUTTERING SHEETS",5,II
939,SICKLE,5,II
940,SILICA,13.5,IV
941,"SILICON MANGANESE",5,II
942,"SILICONES IN PRIMARY FORMS",5,II
943,SILIMINITE,5,II
944,"SILK (RAW)",0,I
945,"SILK FABRIC EXCLUDING HANDLOOM SILK UNLESS COVERED BY AED",5,II
946,"SILK WORM LAYING",0,I
947,"SILK YARN",0,I
948,"SILVER ARTICLES",1,III
949,"SILVER GOODS (CHROMIUM/GERMAN)",13.5,IV
950,"SILVER ORNAMENTS",1,III
951,SILVERWARE,13.5,IV
952,SINDUR,0,I
953,SITARA,5,II
954,"SKIMMED MILK POWDER",13.5,IV
955,"SKIMMED MILK POWDER & UHT MILK",5,II
956,"SKIN ARTICLES",13.5,IV
957,"SLATE/SLATE PENCILS",0,I
958,SOCKS,5,II
959,"SODIUM BI-CHROMATE",5,II
960,"SODIUM DICHROMATE",5,II
961,"SODIUM HYDROXIDE (CAUSTIC SODA)",5,II
962,"SODIUM PEROXIDES",5,II
963,"SOFT DRINKS",13.5,IV
964,"SOLAR ENERGY EQUIPMENTS",13.5,IV
965,"SOLVENT OIL",13.5,IV
966,"SOLVENT OILS",5,II
967,"SOUND TRANSMITTING EQUIPMENTS",13.5,IV
968,"SOUVENIR OF ALL TYPES",13.5,IV
969,"SOYA BEAN",13.5,IV
970,"SOYA MILK",13.5,IV
971,"SOYA NUGGETS",5,II
972,"SPECTACLES,PARTS AND COMPONENTS THEREOF,CONTACT LENS AND LENS CLEANER",5,II
973,"SPICES OF ALL VARIETIES(CUMIN SEEDS/ANISEED/TUMERIC/DRY CHILLIES)",5,II
974,"SPIRIT (NEUTRAL/DENATURED)",13.5,IV
975,"SPLITTING OF HR COIL",13.5,IV
976,"SPONGE IRON",5,II
977,"SPORT GOODS",5,II
978,"SPORTS GOODS",5,II
979,SPRAY,5,II
980,"SPRIULINA PRODUCTS & OTHER SUPPLEMENTAL DIET PRODUCTS",13.5,IV
981,"STABILIZER (MIXED PVC)",13.5,IV
982,"STAINLESS STEEL PRODUCTS NOT FALLING UNDER DECLARED GOODS",13.5,IV
983,"STAINLESS STEEL SHEETS",5,II
984,"STAMPS & PHILATELY MATERIALS",13.5,IV
985,"STAPLE FIBRE YARN",5,II
986,STARCH,5,II
987,"STATIONERY GOODS",0,I
988,"STEEL BARS (ROUNDS/RODS/SQUARES/FLATS/OCTAGON/PLAIN/RIBBED/ETC)",5,II
989,"STEEL TUBE FITTINGS",5,II
990,"STEEL TUBES (WELDED/SEAMLESS)",5,II
991,"STEEL WOOL",5,II
992,"STONE BOULDERS",13.5,IV
993,"STONE CHIPS",5,II
994,"STONE FLOWER",5,II
995,STOPPERS/CAPS/LIDS,5,II
996,STOVES,13.5,IV
997,"STRAW ARTICLES",13.5,IV
998,STRIPS,5,II
999,"STRONTIUM OXIDES/HYDROXIDES/PEROXIDES",5,II
1000,"STUDIO BACKGROUNDS/REFLECTORS/MODIFIERS",13.5,IV
1001,"SUBMERSIBLE PUMPS AND PARTS",5,II
1002,SUGAR,0,I
1003,"SUITCASES/BRIEF CASES/TRUNKS/PURSES/ETC",13.5,IV
1004,SUJI,0,I
1005,"SULPHIDES & POLYSULPHIDES",5,II
1006,"SULPHIDES OF NON-METALS",5,II
1007,SULPHONAMIDES,5,II
1008,"SULPHONATED/NITRED/NITOSATED DERIVATIVES OF HYDROCARBON",5,II
1009,"SULPHONITRIC ACID",5,II
1010,SULPHOXYLATES,5,II
1011,"SULPHUR DYES",5,II
1012,"SULPHUR SUBLIMED OR PRECIPITATED",5,II
1013,"SULPHURIC ACID & ANHYDRIDES",5,II
1014,"SUPARI/BETEL NUTS FOR CONVERSION TO SUPARI",13.5,IV
1015,"SUPERIOR KEROSENE OIL",13.5,IV
1016,"SUPPLEMENT & HUSK OF PULSES",0,I
1017,"SURGICAL ITEMS",5,II
1018,"SURVEY INSTRUMENTS",13.5,IV
1019,"SYNTHETIC ARTIFICIAL GRASS",13.5,IV
1020,"SYNTHETIC ESSENTIAL OIL",5,II
1021,"SYNTHETIC FOOD COLOUR",5,II
1022,"SYNTHETIC GEM BOULES (ROUGH)",13.5,IV
1023,"SYNTHETIC GEMS",13.5,IV
1024,"SYNTHETIC ORGANIC COLOURING MATTER",5,II
1025,"SYNTHETIC RUBBER AND FACTICE DERIVED FROM OILS IN PRIMARY FORMS",5,II
1026,"TABLE CLOTHS",5,II
1027,"TABULAR POLES",5,II
1028,"TAILORING MATERIALS",13.5,IV
1029,"TAMARIND SEED AND POWDER",5,II
1030,TAMPONS,13.5,IV
1031,"TANNING BARKS",13.5,IV
1032,"TANNING EXTRACTS",5,II
1033,"TANNING SUBSTANCES",5,II
1034,"TANTALUM ORES & CONCENTRATES",5,II
1035,TARPAULIN,13.5,IV
1036,"TEA LEAF (GREEN)",5,II
1037,"TEA LEAVES",13.5,IV
1038,"TELECOMMUNICATION APPARATUS",13.5,IV
1039,"TELEVISION SET & PARTS/ACCESSORIES",13.5,IV
1040,"TEXTILE FABRICS",0,I
1041,TEZPATTA,5,II
1042,THERMOCOLE,13.5,IV
1043,THIOSULPHATES,5,II
1044,"THORIUM ORES & CONCENTRATES",5,II
1045,"TILES (FLOOR/WALL) OF ALL VARIETIES",13.5,IV
1046,TIMBER,13.5,IV
1047,"TIMBER (CONVERTED/UNCONVERTED)",13.5,IV
1048,"TIN ORES & CONCENTRATES",5,II
1049,"TITANIUM ORES & CONCENTRATES",5,II
1050,"TITANIUM OXIDE",5,II
1051,TOBACCO,13.5,V
1052,TODDY,0,I
1053,TOLUENE,5,II
1054,TOOLS,5,II
1055,"TOOLS & SPARE PARTS/SPANNERS/SCREW-DRIVERS/ETC",5,II
1056,"TOOTH PASTES/TOOTH POWDERS/TOOTH BRUSHES/MOUTH WASHES/DENTIFRICES",13.5,IV
1057,"TOR ROD",5,II
1058,"TOR STEEL",5,II
1059,"TORCH LIGHTS/BULBS",13.5,IV
1060,TOWELS,5,II
1061,"TOYS (PROMOTIONAL ITEMS)",0,I
1062,"TOYS EXCLUDING ELECTRONIC TOYS",5,II
1063,"TRACTORS (ATTACHMENT/PARTS/TYRES)",5,II
1064,"TRANSFORMER OIL",13.5,IV
1065,TRANSISTORS/RADIOS,13.5,IV
1066,"TRANSMISSION TOWERS",5,II
1067,"TRANSPORT EQUIPMENTS",13.5,IV
1068,"TREAD RUBBER",5,II
1069,TRICHLOROSILANE,5,II
1070,"TRICYCLES AND PARTS/TYRES",5,II
1071,TROPHIES/MEDALS/ETC,13.5,IV
1072,TRUNKS,13.5,IV
1073,"TUNGSTEN ORES & CONCENTRATES",5,II
1074,"TYPE-WRITER/TYPE-WRITER RIBBON & SPARE PARTS",13.5,IV
1075,"TYRE RETHREADING & REPAIRING",13.5,IV
1076,"TYRES/TUBES OTHER THAN THOSE FOR CYCLES/CYCLE RICKSHAWS/WHEEL CHAIRS",13.5,IV
1077,TYRES/TUBES/FLAPS,13.5,IV
1078,UMBRELLA,5,II
1079,"UMBRELLAS (GARDEN/BEACH) & PARTS",13.5,IV
1080,"URANIUM ORES & CONCENTRATES",5,II
1081,"UTENSILS INCLUDING PRESSURE COOKERS/PANS EXCEPT UTENSILS MADE OF PRECIOUS METALS",5,II
1082,"VACUUM FLASKS OF ALL KINDS AND DESCRIPTIONS",13.5,IV
1083,VALLEYS,5,II
1084,"VANADIUM ORES & CONCENTRATES",5,II
1085,"VANASPATI (HYDRO GENERATED VEGETABLE OIL)",5,II
1086,"VARIETY OF RUB GUR (EDIBLE)",5,II
1087,"VAT DYES",5,II
1088,"VAULT DOORS/VENTILATORS/CASH CHEST",13.5,IV
1089,"VEGETABLE ALCALOIDS & DERIVATIVES",5,II
1090,"VEGETABLE OIL/ GINGLLI OIL/ BRAN OIL",5,II
1091,"VEGETABLE PITCH/BREWERS PITCH",5,II
1092,"VEGETABLE WAXES,BEESWAX,INSECT WAXES & SPERMACETI",5,II
1093,"VEGETABLES ( DEHYDRATED)",13.5,IV
1094,"VEGETABLES/FRUITS EXCEPT ONION",0,I
1095,VENEERS,5,II
1096,"VIDEO LIBRARY",13.5,IV
1097,VINEGAR,13.5,IV
1098,"WATCHES/CLOCKS/TIME-PIECES & PARTS/ACCESSORIES",13.5,IV
1099,"WATER BOTTLE",13.5,IV
1100,"WATER COOLER CUM HEATER UNITS/PARTS/ACCESSORIES",13.5,IV
1101,"WATER FILTERS OF ALL VARIETIES AND DESCRIPTIONS",13.5,IV
1102,"WATER OTHER THAN AERATED/MINERAL/DISTILLED/MEDICINAL/IONIC/BATTERY/SOLD IN SEALED CONTAINER",0,I
1103,"WATER PAPER",13.5,IV
1104,"WATER POLLUTION CONTROL EQUIPMENTS",13.5,IV
1105,"WATER PROOF /REXINE/PVC CLOTH & PRODUCTS",13.5,IV
1106,"WATER PROOFING/DAMP PROOFING",13.5,IV
1107,"WATER SUPPLY",13.5,IV
1108,"WATER SUPPLY & SANITARY EQUIPMENTS",13.5,IV
1109,"WATER TANKS",13.5,IV
1110,"WATER TANKS(PLASTIC)",13.5,IV
1111,"WATER-DISTILLED/MEDICINAL/IONIC/BATTERY/DE-MINERALISED WATER",13.5,IV
1112,WAX(PARAFFIN/STANDARD/MATCH/SLACK),5,II
1113,"WEATHER PROOFING COMPOUNDS",13.5,IV
1114,WEEDICIDES,5,II
1115,"WEIGHING MACHINES",13.5,IV
1116,"WELDING GASES",13.5,IV
1117,"WELDING RODS",13.5,IV
1118,"WET DATES",5,II
1119,WHEAT,0,I
1120,"WHEAT BRAN",0,I
1121,WHEELS,13.5,IV
1122,"WHEELS/TYRES/AXLES/WHEEL SETS",5,II
1123,"WIRE RODS & WIRES (ROLLED/DRAWN/GALVANISED/ALUMINISED/TINNED/COATED)",5,II
1124,"WIRELESS RECEPTION INSTRUMENTS/APPARATUS",13.5,IV
1125,"WOOD TAR/WOOD TAR OILS/WOOD CREOSOTE/WOOD NAPHTHA",5,II
1126,"WOODEN CRATES",5,II
1127,"WORK CONTRACT",13.5,IV
1128,"WORKS CONTRACT & SUPPLIER",13.5,IV
1129,"WRITING INK",5,II
1130,"WRITING INSTRUMENTS/GEOMETRY BOXES/COLOUR BOXES/CRAYONS/PENCIL SHARPENERS",5,II
1131,"X-RAY FILMS",13.5,IV
1132,"XEROX MACHINE",13.5,IV
1133,XYLOLE,5,II
1134,YAGYOPAVIT,0,I
1135,YARN,5,II
1136,"YEAST & YEAST PRODUCTS",13.5,IV
1137,YYTRIUM,5,II
1138,Z-IRON,5,II
1139,ZARDHA,13.5,IV
1140,ZARI,5,II
1141,"ZINC ARTICLES & GOODS",13.5,IV
1142,"ZINC ASH/ ZINC DROSS",5,II
1143,"ZINC ORES & CONCENTRATES",5,II
1144,ZINC/EXTRUSION,5,II
1145,ZIPPER,5,II
1146,"ZIRCONIUM ORES & CONCENTRATES",5,II
