"Name of the Sector","Name of the Scheme","Name of the Sub-Scheme","Budget Support/ Outlay"
"INFORMATION SECTOR","A. On-going Schemes","1. Setting up of National Press Centre at New Delhi (PIB)",17
"INFORMATION SECTOR","A. On-going Schemes","2. Up-gradation of IIMC to International Standards (IIMC)",43
"INFORMATION SECTOR","A. On-going Schemes","3. Construction of Soochna Bhawan (MS)",15
"INFORMATION SECTOR","A. On-going Schemes","On-going Schemes - Total",75
"INFORMATION SECTOR","B. New Schemes","4. Media Infrastructure Development Programme - 4.1. Revamping & Restructuring of DAVP (DAVP)",15
"INFORMATION SECTOR","B. New Schemes","4. Media Infrastructure Development Programme - 4.2. Modernisation of PIB (PIB)",25
"INFORMATION SECTOR","B. New Schemes","4. Media Infrastructure Development Programme - 4.3. Opening up of New Regional Centers of IIMC (IIMC)",90
"INFORMATION SECTOR","B. New Schemes","4. Media Infrastructure Development Programme - 4.4. Revitalization, up-gradation and modernization of Publications Division and Employment News (Publications Division)",10
"INFORMATION SECTOR","B. New Schemes","4. Media Infrastructure Development Programme - 4.5. National Centre of Photography and Special Drive for North Eastern States (Photo Division)",3
"INFORMATION SECTOR","B. New Schemes","4. Media Infrastructure Development Programme - 4.6. Strengthening of RNI Headquarters (RNI)",1
"INFORMATION SECTOR","B. New Schemes","4. Media Infrastructure Development Programme - 4.7. Kendriya Soochna Sadan in states (DFP)",18
"INFORMATION SECTOR","B. New Schemes","4. Media Infrastructure Development Programme - Total",162
"INFORMATION SECTOR","B. New Schemes","5. Development Communication & Dissemination - 5.1. People's Empowerment through Development Communication (Conception and Dissemination) (DAVP)",466
"INFORMATION SECTOR","B. New Schemes","5. Development Communication & Dissemination - 5.2. Media Outreach Programme and Publicity for Special Events (PIB)",70
"INFORMATION SECTOR","B. New Schemes","5. Development Communication & Dissemination - 5.3. Direct Contact Programme by Directorate of Field Publicity (DFP)",21.5
"INFORMATION SECTOR","B. New Schemes","5. Development Communication & Dissemination - 5.4. Live Arts and Culture (S&DD)",50
"INFORMATION SECTOR","B. New Schemes","5. Development Communication & Dissemination - 5.5. Social Media Platform (Main Sectt.)",22.5
"INFORMATION SECTOR","B. New Schemes","5. Development Communication & Dissemination - Total",630
"INFORMATION SECTOR","B. New Schemes","6. Human Resource Development - 6.1. Training for Human Resource Development (excluding Prasar Bharati)(Main Sectt.)",11
"INFORMATION SECTOR","B. New Schemes","6. Human Resource Development - 6.2. International Media Programme (Main Sectt.)",1.5
"INFORMATION SECTOR","B. New Schemes","6. Human Resource Development - 6.3. Policy Related Studies, Seminar, Evaluation, etc. for all three sectors (excluding Prasar Bharati) (Main Sectt.)",4.5
"INFORMATION SECTOR","B. New Schemes","6. Human Resource Development - 6.4. HRD of Film Media Units",6
"INFORMATION SECTOR","B. New Schemes","6. Human Resource Development - 6.5. Payment for Professional Services",2
"INFORMATION SECTOR","B. New Schemes","6. Human Resource Development - Total",25
"INFORMATION SECTOR","Grand Total (Information Sector)","Grand Total (Information Sector)",892
"INFORMATION SECTOR","A. On-going Schemes","Total  On-going schemes",75
"INFORMATION SECTOR","B. New Schemes","Total New schemes",817
"FILM SECTOR","A. On-going Schemes","7. National Museum of Indian Cinema (FD)",30
"FILM SECTOR","A. On-going Schemes","8. Grant-in-Aid to SRFTI (SRFTI)",16
"FILM SECTOR","A. On-going Schemes","Ongoing Schemes - Total",46
"FILM SECTOR","B. New Schemes","9. Infrastructure Development Programme relating to Film Sector - 9.1. Upgradation, modernisation and expansion of CBFC and certification process (CBFC)",10
"FILM SECTOR","B. New Schemes","9. Infrastructure Development Programme relating to Film Sector - 9.2. Upgradation of Siri Fort Complex (DFF)",10
"FILM SECTOR","B. New Schemes","9. Infrastructure Development Programme relating to Film Sector - 9.3. Upgradation of building infrastructure of Films Division (FD)",8
"FILM SECTOR","B. New Schemes","9. Infrastructure Development Programme relating to Film Sector - 9.4. Upgradation of infrastructure of NFAI including Jayakar Bungalow and setting up of digital library (NFAI)",19
"FILM SECTOR","B. New Schemes","9. Infrastructure Development Programme relating to Film Sector - 9.5. Grant-in-Aid to FTII  Upgradation and Modernisation of FTII (FTII)",80
"FILM SECTOR","B. New Schemes","9. Infrastructure Development Programme relating to Film Sector - 9.6. Infrastructure development in SRFTI (SRFTI)",40
"FILM SECTOR","B. New Schemes","9. Infrastructure Development Programme relating to Film Sector - Total",167
"FILM SECTOR","B. New Schemes","10. Development Communication & Dissemination of Filmic Content - 10.1. Promotion of Indian cinema though film festivals and film markets in India and abroad (Main Sectt.)",100
"FILM SECTOR","B. New Schemes","10. Development Communication & Dissemination of Filmic Content - 10.2. Production of films and documentaries in various Indian languages (Main Sectt.)",170
"FILM SECTOR","B. New Schemes","10. Development Communication & Dissemination of Filmic Content - 10.3. Centenary Celebrations of Indian Cinema (Main Sectt.)",10
"FILM SECTOR","B. New Schemes","10. Development Communication & Dissemination of Filmic Content - 10.4. Webcasting of Film Archives (FD)",5
"FILM SECTOR","B. New Schemes","10. Development Communication & Dissemination of Filmic Content - 10.5. Acquisition of archival films and film material (NFAI)",10
"FILM SECTOR","B. New Schemes","10. Development Communication & Dissemination of Filmic Content - Total",295
"FILM SECTOR","B. New Schemes","Missions /Special Projects - 11. National Film Heritage Mission (Main Sectt.)",291
"FILM SECTOR","B. New Schemes","Missions /Special Projects - 12. Anti-Piracy initiatives (Main Sectt.)",2
"FILM SECTOR","B. New Schemes","Missions /Special Projects - 13. Setting up a Centre of Excellence for Animation, Gaming and VFX (Main Sectt.)",57
"FILM SECTOR","B. New Schemes","Missions /Special Projects - Total",350
"FILM SECTOR","Grand Total (Film Sector)","Grand Total (Film Sector)",858
"FILM SECTOR","A. On-going Schemes","Total  On-going schemes",46
"FILM SECTOR","B. New Schemes","Total New schemes",812
"BROADCASTING SECTOR","A. Main Sect","14. Strengthening of Electronic Media Monitoring Centre (EMMC)",90
"BROADCASTING SECTOR","A. Main Sect","15. Supporting Community Radio Movement in India",100
"BROADCASTING SECTOR","A. Main Sect","16. IEC activities for promoting Digitalization",37
"BROADCASTING SECTOR","A. Main Sect","17. Infrastructure Support Cell in the Ministry renamed as Digitisation Mission",15
"BROADCASTING SECTOR","A. Main Sect","18. Capacity building of Cable TV industry personnel in Digital Wire line Broadcasting",6
"BROADCASTING SECTOR","A. Main Sect","19. Automation of Broadcasting Wing",2
"BROADCASTING SECTOR","A. Main Sect","Total (Main Sectt.)",250
"BROADCASTING SECTOR","B. Prasar Bharati","B1. On-going Schemes - 20. Broadcasting Infrastructure Network Development - On-going Component / Schemes (AIR)",1232
"BROADCASTING SECTOR","B. Prasar Bharati","B1. On-going Schemes - 20. Broadcasting Infrastructure Network Development NA - On-going Component / Schemes (DD)",1215
"BROADCASTING SECTOR","B. Prasar Bharati","B1. On-going Schemes - 20. Broadcasting Infrastructure Network Development - Total",2447
"BROADCASTING SECTOR","B. Prasar Bharati","B1. On-going Schemes - 21. Content Development and Dissemination - On-going Component / Schemes(AIR)",80
"BROADCASTING SECTOR","B. Prasar Bharati","B1. On-going Schemes - 21. Content Development and Dissemination - On-going Component / Schemes(DD)",106
"BROADCASTING SECTOR","B. Prasar Bharati","B1. On-going Schemes - 21. Content Development and Dissemination - Total",186
"BROADCASTING SECTOR","B. Prasar Bharati","Total On-going Schemes",2633
"BROADCASTING SECTOR","B. Prasar Bharati","B2. New Schemes - 22. Broadcasting Infrastructure Network Development** - New Component / Schemes(AIR)",1000
"BROADCASTING SECTOR","B. Prasar Bharati","B2. New Schemes - 22. Broadcasting Infrastructure Network Development** - New Component / Schemes(DD)",1810
"BROADCASTING SECTOR","B. Prasar Bharati","B2. New Schemes - 22. Broadcasting Infrastructure Network Development** - Total",2810
"BROADCASTING SECTOR","B. Prasar Bharati","B2. New Schemes - 23. Content Development* - New Component / Schemes(AIR)",0
"BROADCASTING SECTOR","B. Prasar Bharati","B2. New Schemes - 23. Content Development* - New Component / Schemes(DD)",0
"BROADCASTING SECTOR","B. Prasar Bharati","B2. New Schemes - 23. Content Development* - Total",0
"BROADCASTING SECTOR","B. Prasar Bharati","Total  New Schemes",2810
"BROADCASTING SECTOR","B. Prasar Bharati","B3. Special Projects - 24. Auditorium (AIR)",20
"BROADCASTING SECTOR","B. Prasar Bharati","B3. Special Projects - 25. Global Coverage for DD Internationa",100
"BROADCASTING SECTOR","B. Prasar Bharati","B3. Special Projects - 26. Broadcasting Museum (DD)",20
"BROADCASTING SECTOR","B. Prasar Bharati","Total Special Projects",140
"Total-Prasar Bharati - On-going Component / Schemes - Total","Total-Prasar Bharati - On-going Component / Schemes - Total","Total-Prasar Bharati - On-going Component / Schemes - Total",2633
"Total-Prasar Bharati - New Component / Schemes + Special projects - Total","Total-Prasar Bharati - New Component / Schemes + Special projects - Total","Total-Prasar Bharati - New Component / Schemes + Special projects - Total",2950
"Total-Prasar Bharati","Total-Prasar Bharati","Total-Prasar Bharati",5583
"Total - Broadcasting Sector","Total - Broadcasting Sector","Total - Broadcasting Sector",5833
"Grand Total (Information+Film+Broadcasting)","Grand Total (Information+Film+Broadcasting)","Grand Total (Information+Film+Broadcasting)",7583
