"Category of States",States,"Scheduled - Castes","Scheduled - Tribes","Other Backward - Classes","Others Castes","All Social - Groups"
"Non Special Category States","Andhra Pradesh","1,744.00","1,193.00","2,134.00",4582,2551
"Non Special Category States",Assam,"1,855.00","1,351.00","2,294.00",1883,1921
"Non Special Category States",Bihar,817,"1,113.00","1,239.00",2644,1449
"Non Special Category States",Chhattisgarh,"1,052.00",619,974,4367,1082
"Non Special Category States",Delhi,"2,103.00","11,623.00","4,042.00",8924,6149
"Non Special Category States",Goa,"2,005.00","1,060.00","1,483.00",3257,2895
"Non Special Category States",Gujarat,"1,825.00",874,"1,473.00",4901,2391
"Non Special Category States",Haryana,"2,044.00","2,795.00","4,061.00",6806,4880
"Non Special Category States",Jharkhand,"1,223.00","1,082.00","1,461.00",3210,1825
"Non Special Category States",Karnataka,912,"1,013.00","2,227.00",3495,2339
"Non Special Category States",Kerala,"2,021.00","2,637.00","3,241.00",5365,3675
"Non Special Category States","Madhya Pradesh",896,580,"1,586.00",3473,1645
"Non Special Category States",Maharashtra,"1,699.00","1,297.00","2,243.00",4511,3245
"Non Special Category States",Orissa,"1,052.00",782,"1,663.00",3137,1670
"Non Special Category States",Punjab,"2,699.00",,"3,997.00",7586,5389
"Non Special Category States",Rajasthan,"1,875.00","1,308.00","2,343.00",4441,2593
"Non Special Category States","Tamil Nadu","1,512.00",750,"2,889.00",9845,2907
"Non Special Category States","Uttar Pradesh","1,199.00","2,541.00","1,558.00",3392,1862
"Non Special Category States","West Bengal","2,193.00","1,838.00","3,247.00",3462,2980
"Special Category States","Arunachal Pradesh","3,021.00","1,888.00","1,970.00",2531,2064
"Special Category States",Manipur,"4,844.00","3,542.00","4,848.00",3831,4250
"Special Category States",Meghalaya,"4,255.00","2,176.00","6,052.00",3435,2354
"Special Category States",Mizoram,"2,969.00","2,899.00",,4641,2903
"Special Category States",Nagaland,"5,427.00","6,060.00","4,245.00",6922,6040
"Special Category States",Tripura,"2,363.00","2,226.00","3,235.00",3650,2893
"Special Category States",Uttarakhand,"1,323.00","1,910.00","2,195.00",3874,2951
"Union Territories","Andaman & Nicobar Islands",,691,"4,873.00",4052,3939
"Union Territories","Dadra & Nagar Haveli","6,591.00","1,536.00","1,459.00",2743,1757
"Union Territories","Daman & Diu","1,954.00","8,542.00","1,502.00",4310,3487
"Union Territories",Lakshadweep,,676,,3414,757
"Union Territories",Puducherry,"3,045.00",,"3,640.00",4511,3505
"All India","All India","1,534.00","1,203.00","1,951.00",4232,2461
