"City Name","Zone Name","Ward Name","Ward No.","Area ( In sq km)","Residential area (in sq Km)","Non-residential area ( in sq Km) ","Area covered under parks, playgrounds and open spaces (in sq km)"
Rourkela,NA,NA,1,3580000,156849,3065151,358000
Rourkela,NA,NA,2,3350000,209192,2824480,316328
Rourkela,NA,NA,3,8800000,279640,7712908,807452
Rourkela,NA,NA,4,1950000,274421,1617790,57789
Rourkela,NA,NA,5,1160000,49920,860627,249453
Rourkela,NA,NA,6,1600000,140940,1399475,59585
Rourkela,NA,NA,7,1000000,299318,359905,340777
Rourkela,NA,NA,8,3400000,299928,327028,2773044
Rourkela,NA,NA,9,970000,630500,328558,10942
Rourkela,NA,NA,10,1200000,780000,395311,24689
Rourkela,NA,NA,11,780000,468000,153278,158722
Rourkela,NA,NA,12,1250000,255411,859882,134707
Rourkela,NA,NA,13,730000,474500,233404,22096
Rourkela,NA,NA,14,1850000,1202500,641714,5786
Rourkela,NA,NA,15,570000,370500,190649,8851
Rourkela,NA,NA,16,830000,373500,444107,12393
Rourkela,NA,NA,17,370000,240500,124475,5025
Rourkela,NA,NA,18,310000,201500,100297,8203
Rourkela,NA,NA,19,280000,182000,68039,29961
Rourkela,NA,NA,20,340000,221615,91102,27283
Rourkela,NA,NA,21,560000,380925,105827,73248
Rourkela,NA,NA,22,560000,55955,483315,20730
Rourkela,NA,NA,23,280000,126000,80752,73248
Rourkela,NA,NA,24,460000,299000,131967,29033
Rourkela,NA,NA,25,330000,115592,123439,90969
Rourkela,NA,NA,26,370000,122100,232113,15787
Rourkela,NA,NA,27,330000,148500,155503,25997
Rourkela,NA,NA,28,720000,324000,315549,80451
Rourkela,NA,NA,29,360000,198000,107239,54761
Rourkela,NA,NA,30,200000,13000,175077,11923
Rourkela,NA,NA,31,90000,58500,20677,10823
Rourkela,NA,NA,32,120000,78000,27180,14820
Rourkela,NA,NA,33,140000,627000,-548962,61962
Rourkela,NA,NA,34,2010000,1306500,682074,21426
Rourkela,NA,NA,35,520000,338000,169487,12513
Rourkela,NA,NA,36,880000,572000,296450,11550
Rourkela,NA,NA,37,4160000,1040000,3042670,77330
Rourkela,NA,NA,38,2400000,210403,2172451,17146
Rourkela,NA,NA,39,960000,276573,574053,109374
Rourkela,NA,NA,40,2520000,1121998,1372623,25379
