Sl.No.,Subject,"No. of Questions asked","No. of Questions orally answered","No. of Supplementaries asked"
1,"All India Council for Technology Education",3,0,0
2,Astrology,1,0,0
3,"Balika Samridhi Yojana",1,0,0
4,"Brain Drain",1,0,0
5,CBSE,4,0,0
6,Children/malnutrition,4,0,0
7,Computer,6,1,6
8,"Dowry death",1,0,0
9,"District Primary Education Programme",1,0,0
10,Education,13,0,0
11,"Fake certificates/Degree",2,0,0
12,Gurudakshina,1,0,0
13,Hindi/Sanskrit,1,0,0
14,IIT/NIT,2,0,0
15,"Indira Mahila Yojana",1,0,0
16,"Indian Council of Historical Research",2,0,0
17,"Indian Institute of Mechanical Engineers",1,0,0
18,"Jan Shikshan Sansthan",2,0,0
19,"Kendriya Hindi Sansthan",1,0,0
20,"Kendriya Vidyalaya/Principal/Teachers",22,0,0
21,Madarsa,1,0,0
22,"Manipur University",1,0,0
23,"Mid-day meal",1,0,0
24,"Navodaya Vidyalaya",3,0,0
25,NCERT,3,1,1
26,"National Commission for Children",2,0,0
27,"National Commission for Women",1,0,0
28,"National Education Policy",1,0,0
29,"Nursery Schools/Teachers",1,0,0
30,"Primary education/school",8,0,0
31,"Regional Engineering Colleges",2,0,0
32,Religion,1,0,0
33,"Saraswati Shishu Mandir",1,0,0
34,"Sarva Shikha Abhiyan",3,0,0
35,School,7,0,0
36,Students,3,0,0
37,Syllabus,1,0,0
38,University,10,0,0
39,UGC,2,0,0
40,"Urdu school",1,0,0
41,"Water Harvesting/Management Courses",0,0,0
",1,0,0",NA,0,0,0
42,Women/children/trafficking,6,0,0
TOTAL,TOTAL,130,2,7
