State/UT,"Percentage of  SC Population Census 2011","Percentage of SC Enrolment 2012-13","Percentage of Girls Enrolment 2010-11","Percentage of Girls Enrolment 2011-12","Percentage of Girls Enrolment 2012-13"
"A & N Islands",000,000,3007,3924,0
"Andhra Pradesh",1640,1891,4918,4908,4896
"Arunachal Pradesh",000,094,4792,4914,4599
Assam,720,872,4899,4923,4949
Bihar,1590,2029,4772,4849,4898
Chandigarh,1890,796,4519,4513,4368
Chhattisgarh,1280,1588,4917,4907,4919
"Dadra & Nagar Haveli",180,208,4537,4472,4647
"Daman & Diu",250,267,4588,4773,5199
Delhi,1680,1098,4700,4724,4777
Goa,170,173,4887,4885,5071
Gujarat,670,738,4659,4671,4727
Haryana,2020,2686,4748,4728,4778
"Himachal Pradesh",2520,2987,4879,4874,4919
"Jammu & Kashmir",740,791,4686,4676,4764
Jharkhand,1210,1518,4891,4868,4912
Karnataka,1710,2054,4749,4819,4837
Kerala,910,935,4843,4864,4856
Lakshadweep,000,002,5714,NA,0
"Madhya Pradesh",1560,1725,4924,4892,4838
Maharashtra,1180,1379,4816,4814,4830
Manipur,380,459,5019,5027,5046
Meghalaya,060,113,4858,4842,4958
Mizoram,010,026,4890,4820,4565
Nagaland,000,231,5526,4459,4668
Odisha,1710,1951,4904,4889,4882
Puducherry,1570,1842,4950,4882,5022
Punjab,3190,4313,4645,4649,4699
Rajasthan,1780,2083,4675,4696,4745
Sikkim,460,761,4898,4821,4841
"Tamil Nadu",2000,2473,4897,4896,4919
Tripura,1780,1690,4895,4895,4875
"Uttar Pradesh",2070,2819,4902,4862,4858
Uttarakhand,1880,2505,4877,4856,4860
"West Bengal",2350,2704,4921,4903,4867
"All States",1660,2057,4850,4842,4852
