Code,"State Name","Number of Leases","Lease area (Hectare)"
APR,"Andhra Pradesh",1568,46721.54
ASM,Assam,7,889.5
BHR,"Bihar ",9,1382.66
CHG,Chhattisgarh,300,22070.85
GOA,"Goa ",267,19892.01
GUJ,Gujarat,1100,29632.55
HPR,"Himachal Pradesh              ",44,2542.39
HRN,Haryana,110,10974.99
J&K,"Jammu & Kashmir               ",57,2450.93
JHK,Jharkhand,282,30344.92
KAR,"Karnataka ",545,47653.07
KRL,Kerala,91,3077.84
MAN,Manipur,1,132.78
MEG,Meghalaya,18,606.19
MPR,"Madhya Pradesh               ",1001,32882.58
MSH,Maharashtra,260,15454.61
ORI,Odisha,461,73594.13
RAJ,Rajasthan,3306,84140.69
SKM,Sikkim,3,96.32
TMN,"Tamil Nadu                   ",931,9765.52
TL,Telangana,470,14748.46
UPR,"Uttar Pradesh                 ",23,3964.7
UTL,Uttarakhand,83,1272.85
WBL,"West Bengal                   ",45,414.07
Total,Total,10982,454706.15
NA,NA,0,0
NA,NA,0,0
NA,NA,0,0
