Category,States,"Area Km2","Area Km2","Tiger No. - 2006","Tiger Lower Limit - 2006","Tiger Upper Limit - 2006","Tiger No. - 2010","Tiger Lower Limit - 2010","Tiger Upper Limit - 2010","Tiger No. - 2014","Tiger Lower Limit - 2014","Tiger Upper Limit - 2014"
Shivalik-Gangetic,"Shivalik-Gangetic Plain Landscape Complex - Uttarakhand",3476,3476,178,161,195,227,199,256,340,NA,NA
Shivalik-Gangetic,"Shivalik-Gangetic Plain Landscape Complex - Uttar Pradesh",2511,2511,109,91,127,109,91,127,117,NA,NA
Shivalik-Gangetic,"Shivalik-Gangetic Plain Landscape Complex - Bihar",750,750,10,7,13,8,NA,NA,28,NA,NA
Shivalik-Gangetic,Shivalik-Gangetic,6712,6712,297,259,335,353,320,388,485,427,543
"Central Indian","Shivalik-Gangetic Plain Landscape Complex - Andhra Pradesh (Including Telangana)",4495,4495,95,84,107,72,65,79,68,NA,NA
"Central Indian","Shivalik-Gangetic Plain Landscape Complex - Chattisgarh",3514,3514,26,23,28,26,24,27,46,NA,NA
"Central Indian","Shivalik-Gangetic Plain Landscape Complex - Madhya Pradesh",13833,13833,300,236,364,257,213,301,308,NA,NA
"Central Indian","Shivalik-Gangetic Plain Landscape Complex - Maharashtra",11960,11960,103,76,131,169,155,183,190,NA,NA
"Central Indian","Shivalik-Gangetic Plain Landscape Complex - Odisha",3398,3398,45,37,53,32,20,44,28,NA,NA
"Central Indian","Shivalik-Gangetic Plain Landscape Complex - Rajasthan",637,637,32,30,35,36,35,37,45,NA,NA
"Central Indian","Shivalik-Gangetic Plain Landscape Complex - Jharkhand",1180,1180,NA,NA,NA,10,6,14,3,NA,NA
"Central Indian","Central Indian",39017,39017,601,486,718,601,518,685,688,596,780
"Western Ghats","Western Ghats Landscape Complex - Karnataka",14414,14414,290,241,339,300,280,320,406,NA,NA
"Western Ghats","Western Ghats Landscape Complex - Kerala",6804,6804,46,39,53,71,67,75,136,NA,NA
"Western Ghats","Western Ghats Landscape Complex - Tamil Nadu",8389,8389,76,56,95,163,153,173,229,NA,NA
"Western Ghats","Western Ghats Landscape Complex - Goa",NA,NA,NA,NA,NA,NA,NA,NA,5,NA,NA
"Western Ghats","Western Ghats",29607,29607,402,336,487,534,500,568,776,685,861
"North East Hills and Brahmaputra","North East Hills and Brahmaputra Flood Plains - Assam",2381,2381,70,60,80,143,113,173,167,NA,NA
"North East Hills and Brahmaputra","North East Hills and Brahmaputra Flood Plains - Arunachal Pradesh",1304,1304,14,12,18,NA,NA,NA,28,NA,NA
"North East Hills and Brahmaputra","North East Hills and Brahmaputra Flood Plains - Mizoram",416,416,6,4,8,5,NA,NA,3,NA,NA
"North East Hills and Brahmaputra","North East Hills and Brahmaputra Flood Plains - Northern West Bengal",799,799,10,8,12,NA,NA,NA,3,NA,NA
"North East Hills and Brahmaputra","North East Hills and Brahmaputra",4900,4900,100,84,118,148,118,178,201,174,212
Sunderbans,Sunderbans,1645,1645,NA,NA,NA,70,64,90,76,92,96
"Total Tiger Population","Total Tiger Population",81881,81881,1411,1165,1657,1706,1520,1909,2226,1945,2491
