"CITY NAME","ZONE NAME","NAME OF HERITAGE","NATURE OF HERITAGE(OPEN SPACE, MONUMENTS, STREET ETC.)","HERITAGE USE","AGE OF HERITAGE (IN YEARS)"
AHMEDABAD,"CENTRAL ZONE","Achyut  kuki  s   Bibi  s Masjid and tomb","Protected Monument under A.S.I.",Religious,"15th to 18th Century A.D."
AHMEDABAD,"CENTRAL ZONE","Dariyakhan  s Tomb","Protected Monument under A.S.I.",Religious,"15th to 18th Century A.D."
AHMEDABAD,"CENTRAL ZONE","Sidi Bashir  s Minars  Tomb              shaking minars","Protected Monument under A.S.I.",Religious,"15th to 18th Century A.D."
AHMEDABAD,"CENTRAL ZONE","Brick Minar","Protected Monument under A.S.I.","Reduntent ; tourisim","15th to 18th Century A.D."
AHMEDABAD,"CENTRAL ZONE","Three Gates","Protected Monument under A.S.I.",Religious,"15th to 18th Century A.D."
AHMEDABAD,"CENTRAL ZONE","Bhadra Tower","Protected Monument under A.S.I.",Civic,"15th to 18th Century A.D."
AHMEDABAD,"CENTRAL ZONE","Teen darwaja or Tripollia gate","Protected Monument under A.S.I.",Civic,"15th to 18th Century A.D."
AHMEDABAD,"CENTRAL ZONE","Shah kupai Masjid  AKUB SAHEB MOSQUE","Protected Monument under A.S.I.",Religious,"15th to 18th Century A.D."
AHMEDABAD,"CENTRAL ZONE","Sidi Saiyed Mosque","Protected Monument under A.S.I.",Religious,"15th to 18th Century A.D."
AHMEDABAD,"CENTRAL ZONE","Qutubudin Shah  s Mosque","Protected Monument under A.S.I.",Religious,"15th to 18th Century A.D."
AHMEDABAD,"CENTRAL ZONE","Delhi Gate","Protected Monument under A.S.I.",Civic,"15th to 18th Century A.D."
AHMEDABAD,"CENTRAL ZONE","Rani Rupavati  s Mosque","Protected Monument under A.S.I.",Religious,"15th to 18th Century A.D."
AHMEDABAD,"CENTRAL ZONE","Kazi Mohmed Chisti  s Masjid  Shaikh Hasan","Protected Monument under A.S.I.",Religious,"15th to 18th Century A.D."
AHMEDABAD,"CENTRAL ZONE","Astodia Gate","Protected Monument under A.S.I.",Civic,"15th to 18th Century A.D."
AHMEDABAD,"CENTRAL ZONE","Rani Sipri  s Mosque and tomb","Protected Monument under A.S.I.",Religious,"15th to 18th Century A.D."
AHMEDABAD,"CENTRAL ZONE","Dasturkhan  s Masjid","Protected Monument under A.S.I.",Religious,"15th to 18th Century A.D."
AHMEDABAD,"CENTRAL ZONE","Nawab Sardarkhan  s Masjid  and outer gateway","Protected Monument under A.S.I.",Religious,"15th to 18th Century A.D."
AHMEDABAD,"CENTRAL ZONE","Haibatkhan  s Masjid","Protected Monument under A.S.I.",Religious,"15th to 18th Century A.D."
AHMEDABAD,"CENTRAL ZONE","Dariyapur Gate","Protected Monument under A.S.I.",Civic,"15th to 18th Century A.D."
AHMEDABAD,"CENTRAL ZONE","Premabhai Gate","Protected Monument under A.S.I.",Civic,"15th to 18th Century A.D."
AHMEDABAD,"CENTRAL ZONE","Panchkuwa Gate","Protected Monument under A.S.I.",Civic,"15th to 18th Century A.D."
AHMEDABAD,"CENTRAL ZONE","Kalupur Gate","Protected Monument under A.S.I.",Civic,"15th to 18th Century A.D."
AHMEDABAD,"CENTRAL ZONE","Sarangpur Gate","Protected Monument under A.S.I.",Civic,"15th to 18th Century A.D."
AHMEDABAD,"CENTRAL ZONE","Queen  s   Malika Sarang   Mosque","Protected Monument under A.S.I.",Religious,"15th to 18th Century A.D."
AHMEDABAD,"CENTRAL ZONE",Tomb,"Protected Monument under A.S.I.",Religious,"15th to 18th Century A.D."
AHMEDABAD,"CENTRAL ZONE","Muhafizkhan  s Mosque","Protected Monument under A.S.I.",Religious,"15th to 18th Century A.D."
AHMEDABAD,"CENTRAL ZONE","Raipur Gate","Protected Monument under A.S.I.",Civic,"15th to 18th Century A.D."
AHMEDABAD,"CENTRAL ZONE","Ahmed Shah  s Mosque","Protected Monument under A.S.I.",Religious,"15th to 18th Century A.D."
AHMEDABAD,"CENTRAL ZONE","Jami Masjid","Protected Monument under A.S.I.",Religious,"15th to 18th Century A.D."
AHMEDABAD,"CENTRAL ZONE","Ahmed Shah  s Tomb","Protected Monument under A.S.I.",Religious,"15th to 18th Century A.D."
AHMEDABAD,"CENTRAL ZONE","Tomb of Queens of Ahmed Shah","Protected Monument under A.S.I.",Religious,"15th to 18th Century A.D."
AHMEDABAD,"NORTH ZONE","Mata Bhavani  s well","Protected Monument under A.S.I.",Religious,"11th Century A.D."
AHMEDABAD,"NORTH ZONE","Dada Harir  s Mosque and tomb","Protected Monument under A.S.I.",Religious,"15th to 18th Century A.D."
AHMEDABAD,"NORTH ZONE","Dada  Bai   Harir  s stepwell","Protected Monument under A.S.I.",Reduntent/Civic,"15th to 18th Century A.D."
AHMEDABAD,"EAST ZONE","Bibiji  s Mosque","Protected Monument under A.S.I.",Religious,"15th to 18th Century A.D."
AHMEDABAD,"WEST ZONE","Saiyed Usman  s Mosque and tomb","Protected Monument under A.S.I.",Religious,"15th to 18th Century A.D."
AHMEDABAD,"WEST ZONE","Small stone Mosque  Rani Masjid","Protected Monument under A.S.I.",Religious,"15th to 18th Century A.D."
AHMEDABAD,"WEST ZONE","Rauza of Azamkhan and Mouzamkhan","Protected Monument under A.S.I.",Religious,"15th to 18th Century A.D."
AHMEDABAD,"NEW WEST ZONE","Great Mosque","Protected Monument under A.S.I.",Religious,"15th to 18th Century A.D."
AHMEDABAD,"NEW WEST ZONE","Great Tank, Palace and Harem","Protected Monument under A.S.I.",Recreation,"15th to 18th Century A.D."
AHMEDABAD,"NEW WEST ZONE","Pavilion   before the Tomb of shaikh Ahemed KhatunGanj Baksh","Protected Monument under A.S.I.",Religious,"15th to 18th Century A.D."
AHMEDABAD,"NEW WEST ZONE","Rauzas of Bava Alisar and Bava Ganj Baksh","Protected Monument under A.S.I.",Religious,"15th to 18th Century A.D."
AHMEDABAD,"NEW WEST ZONE","Tomb of Bibi Rani Rajbai","Protected Monument under A.S.I.",Religious,"15th to 18th Century A.D."
AHMEDABAD,"NEW WEST ZONE","Tomb of Muhammad Begarah","Protected Monument under A.S.I.",Religious,"15th to 18th Century A.D."
AHMEDABAD,"NEW WEST ZONE","Tomb of Shaikh Ahmed Khatun GanjBaksh","Protected Monument under A.S.I.",Religious,"15th to 18th Century A.D."
AHMEDABAD,"SOUTH ZONE","Baba Lauli  s Mosque","Protected Monument under A.S.I.",Religious,"15th to 18th Century A.D."
AHMEDABAD,"SOUTH ZONE","Tomb of Mir Abu Turab","Protected Monument under A.S.I.",Religious,"15th to 18th Century A.D."
AHMEDABAD,"SOUTH ZONE","Malik Alam  s Mosque","Protected Monument under A.S.I.",Religious,"15th to 18th Century A.D."
AHMEDABAD,"SOUTH ZONE","Shah Alam  s Tomb with all surrounding ancient buildings in the group.","Protected Monument under A.S.I.",Religious,"15th to 18th Century A.D."
AHMEDABAD,"SOUTH ZONE","Inlet to Kankaria lake","Protected Monument under A.S.I.",Civic,"15th to 18th Century A.D."
AHMEDABAD,"SOUTH ZONE","Jethabhai  s Stepwell","Protected Monument under A.S.I.",Civic,"15th to 18th Century A.D."
AHMEDABAD,"SOUTH ZONE","Small stone Mosque  Gumte masjid","Protected Monument under A.S.I.",Religious,"15th to 18th Century A.D."
AHMEDABAD,"SOUTH ZONE","Tomb  Kutub-E-Alam","Protected Monument under A.S.I.",Religious,"15th to 18th Century A.D."
AHMEDABAD,"CENTRAL ZONE","Amrut Varsini Vav  state Govt. list","Protected Monument under A.S.I.",Reduntent/Civic,"15th to 18th Century A.D."
AHMEDABAD,"SOUTH ZONE","Dutch tomb","Protected Monument under A.S.I.",Reduntent/Civic,"15th to 18th Century A.D."
AHMEDABAD,"SOUTH ZONE","Old Mosque  Isan Malik  s Masjid","Protected Monument under A.S.I.",Religious,"17th Century A.D."
