"City Name","Zone Name","Ward Name","Ward No.","Total No. of households / establishments","Total no. of households and establishments covered through doorstep collection","HH covered with Source Seggeratation "
Raipur,1,"Yati Yatan Lal Ward",4,6129,6129,6129
Raipur,1,"Banjari Mata Ward",5,5161,5161,5161
Raipur,1,"Veerangana Avanti bai Ward",6,3080,3080,3080
Raipur,1,"Veer Shivaji Ward",7,7151,7151,7151
Raipur,1,"Kanhaiyalal Ward",8,7115,7115,7115
Raipur,1,"Thakkar Bapa Ward",9,4272,4272,4272
Raipur,1,"Bal Gnagadhar Tilak Ward",10,3860,3860,3860
Raipur,1,"Danveer Bhamashah Ward",11,3223,3223,3223
Raipur,2,"Indira Gandhi Ward",20,3486,3486,3486
Raipur,2,"Raman mandir Ward",21,2760,2760,2760
Raipur,2,"Rajeev Gandhi Ward",22,2503,2503,2503
Raipur,2,"Rani Laxmi bai Ward",23,3133,3133,3133
Raipur,2,"Pt. Ravishankar Shukla Ward",24,2520,2520,2520
Raipur,2,"Mahatma Gandi Ward",25,3318,3318,3318
Raipur,2,"Kushabhau thakre Ward",26,12993,12993,12993
Raipur,2,"Bheemrao Amedkar Ward",27,10401,10401,10401
Raipur,2,"Subhash Chandra Bose Ward",29,3683,3683,3683
Raipur,2,"Hemu Kalani Ward",35,2933,2933,2933
Raipur,3,"Mahrshi Valmiki Ward",28,9996,9996,9996
Raipur,3,"Kalimata Ward",30,4566,4566,4566
Raipur,3,"Shankar nagar Ward",31,4136,4136,4136
Raipur,3,"Shd Veernarayan Ward",32,3610,3610,3610
Raipur,3,"Lal Bhadur Shastri Ward",33,2941,2941,2941
Raipur,3,"Gurugovid Singh Ward",34,3373,3373,3373
Raipur,3,"Civil Line Ward",42,5369,5369,5369
Raipur,3,"Guru Ghashidas Ward",44,2901,2901,2901
Raipur,4,"hawaldar Abdulhameed Ward",36,2953,2953,2953
Raipur,4,"babu jagjeewan Ram Ward",40,3895,3895,3895
Raipur,4,"Mother teresa Ward",43,4519,4519,4519
Raipur,4,"Rani Durgawati Ward",45,5430,5430,5430
Raipur,4,"Rajendra Prasad Shukla Ward",46,15081,15081,15081
Raipur,4,"Lt Arvind Dixit Ward",47,2684,2684,2684
Raipur,4,"Bhagwaticharan Shukla Ward",48,2760,2760,2760
Raipur,4,"Pt Motilal nehru Ward",49,2919,2919,2919
Raipur,4,"Shd Brigediur Usman Ward",55,3086,3086,3086
Raipur,5,"Shd Chunamani Ward",16,3097,3097,3097
Raipur,5,"Thakur Pyarelal Ward",60,2620,2620,2620
Raipur,5,"Mahant laxminarayan Ward",61,3152,3152,3152
Raipur,5,"kamred Sudhir Mukharjee",65,3084,3084,3084
Raipur,5,"Sundarlal Sharma Ward",66,4077,4077,4077
Raipur,5,"Khoobchand Bhaghel Ward",67,9710,9710,9710
Raipur,5,"Madhavrao Sapre Ward",68,9425,9425,9425
Raipur,5,"Pt Deendayal Updhayay ward",69,11860,11860,11860
Raipur,6,"Shd Pankaj Vikram Ward",50,3062,3062,3062
Raipur,6,"Ravindranath Tagore",51,12982,12982,12982
Raipur,6,"Chandrashekshar Ajaad Ward",52,11288,11288,11288
Raipur,6,"Moreshwar rao gadre",53,6110,6110,6110
Raipur,6,"Shd Rajeev Pandey",54,3163,3163,3163
Raipur,6,"Dr Vipin Bihari Sur Ward",56,3307,3307,3307
Raipur,6,"Mahamaya Mandir Ward",62,4891,4891,4891
Raipur,6,"Shyama Prasad Mukharjee Ward",63,9664,9664,9664
Raipur,6,"Vaman Rao Lakhe Ward",64,4779,4779,4779
Raipur,7,"Swami Atmanand Ward",15,2504,2504,2504
Raipur,7,"Ramsaagar Para Ward",17,2403,2403,2403
Raipur,7,"Jawaharlal Nehru Ward",37,3549,3549,3549
Raipur,7,"Tatyapara Ward",38,3097,3097,3097
Raipur,7,"Sadar Bazar Ward",39,5245,5245,5245
Raipur,7,"Maulana Abdul Rauff Ward",41,3395,3395,3395
Raipur,7,"Vivekanand Ward",57,2550,2550,2550
Raipur,7,"Bramhan Para Ward",58,2758,2758,2758
Raipur,7,"Kankali para Ward",59,2237,2237,2237
Raipur,8,"Veer Sawarkar Ward",1,7430,7430,7430
Raipur,8,"Ramkrishna Paramhans",2,15730,15730,15730
Raipur,8,"Sant Kabir Das",3,4045,4045,4045
Raipur,8,"Shahid manmohan Singh Bakshi Ward",12,3633,3633,3633
Raipur,8,"Saheed Bhagat Singh Ward",13,7643,7643,7643
Raipur,8,"Ishwaricharan Shukla Ward",14,4626,4626,4626
Raipur,8,"Sardar Vallabh Bhai patel",18,6048,6048,6048
Raipur,8,"Sant Ramdas Ward",19,1711,1711,1711
Raipur,8,"St Ravidas Ward",70,3675,3675,3675
