State,"No. of Leases ","Lease area (Hect.)"
"Andhra Pradesh",419,25238.4
Assam,7,889.5
Bihar,12,387.47
Chhattisgarh,188,22997.03
Goa,90,7402.98
Gujarat,456,22174.43
Haryana,4,46.85
"Himachal Pradesh",41,2532.63
"Jammu & Kashmir",35,2012.48
Jharkhand,166,23671.72
Karnataka,398,44753.79
Kerala,15,2246.49
"Madhya Pradesh",613,32112.9
Maharashtra,172,12534.42
Manipur,1,132.78
Meghalaya,17,601.29
Odisha,397,68930.28
Rajasthan,167,47268.35
Sikkim,3,96.32
"Tamil Nadu",543,9373.58
Telangana,110,10966.12
"Uttar Pradesh",5,3397.8
Uttarakhand,5,183.04
"West Bengal",4,20.88
Total,3868,339971.53
