Sl.No.,Subject,"No. of Questions asked","No. of Questions orally answered","No. of Supplementaries asked"
1,Academics,2,0,0
2,Archaeology,7,0,0
3,Books,1,0,0
4,Colleges,8,0,0
5,CBSE,3,0,0
6,Culture,15,0,0
7,"Education Policy",4,0,0
8,"Expenditure on education",2,0,0
9,Fellowship/scholarship,2,0,0
10,"Kendriya Vidyalaya Sangathan",7,0,0
11,"Kendriya Vidyalaya",20,0,0
12,Literacy,3,0,0
13,"Mid-day Meals",2,0,0
14,Minorities,1,0,0
13,"National Open School",1,0,0
14,"Navodaya Vidyalaya",6,0,0
15,NCERT,2,0,0
16,"Professional/Technical Institution",3,0,0
17,Reservation,2,0,0
18,Schools,14,0,0
19,Sports,17,0,0
20,Teachers,5,0,0
21,"Tribal Education",2,0,0
22,UGC,3,0,0
23,University,4,0,0
24,"Vocational Education",4,0,0
25,"Women and Children",13,1,2
26,"Women Fund",2,0,0
27,Youth,5,0,0
TOTAL,TOTAL,160,1,2
