Indicator,"Facility Type","Total No. of Facilities #","Facilities reporting nil performance - Numbers*","Details of Maximum and Minimum Performing facilities - Performance","Details of Maximum and Minimum Performing facilities - Value Reported","Details of Maximum and Minimum Performing facilities - Sub-district","Details of Maximum and Minimum Performing facilities - Facility"
"Deliveries conducted at facility",DH,1,0,Maximum,441,Nagar,Ahmednagar
"Deliveries conducted at facility",DH,1,0,Minimum,441,Nagar,Ahmednagar
"Deliveries conducted at facility",SDH,4,2,Maximum,368,Nagar,"AHMC Late Balasaheb Deshpande Hospital & Maternity Home"
"Deliveries conducted at facility",SDH,4,2,Minimum,34,Pathardi,Pathardi
"Deliveries conducted at facility",CHC,23,4,Maximum,58,Sangamner,Sangamner
"Deliveries conducted at facility",CHC,23,4,Minimum,3,Akola,Rajur
"Deliveries conducted at facility",CHC,23,4,Minimum,3,Nagar,Chichondipatil
"Deliveries conducted at facility",CHC,23,4,Minimum,3,Rahta,Loni
"Deliveries conducted at facility",PHC,103,12,Maximum,133,Nagar,"AHMC Mahatma Phule HP"
"Deliveries conducted at facility",PHC,103,12,Minimum,1,Akola,Mhaladevi
"Deliveries conducted at facility",PHC,103,12,Minimum,1,Akola,Devthan
"Deliveries conducted at facility",PHC,103,12,Minimum,1,Karjat,"Baradgaon Sudrik"
"Deliveries conducted at facility",PHC,103,12,Minimum,1,Nagar,"Rui Chhattishi"
"Deliveries conducted at facility",PHC,103,12,Minimum,1,Nagar,Jeur
"Deliveries conducted at facility",PHC,103,12,Minimum,1,Rahta,"Dadh Bk"
"Deliveries conducted at facility",PHC,103,12,Minimum,1,Rahuri,Takalimiya
"Deliveries conducted at facility",PHC,103,12,Minimum,1,Rahuri,Umbare
"Deliveries conducted at facility",PHC,103,12,Minimum,1,Sangamner,"Dhandarphal Kh"
"Deliveries conducted at facility",PHC,103,12,Minimum,1,Shevgaon,Chapadgaon
"Deliveries conducted at facility",SC,555,226,Maximum,17,Nevasa,Deogaon
"Deliveries conducted at facility",SC,555,226,Minimum,1,Akola,Jambhale
"Deliveries conducted at facility",SC,555,226,Minimum,1,Akola,Pachpatta
"Deliveries conducted at facility",SC,555,226,Minimum,1,Akola,Khetewadi
"Deliveries conducted at facility",SC,555,226,Minimum,1,Akola,Kothale
"Deliveries conducted at facility",SC,555,226,Minimum,1,Akola,Bholewadi
"Deliveries conducted at facility",SC,555,226,Minimum,1,Akola,"Pimpalgaon Nakwinda"
"Deliveries conducted at facility",SC,555,226,Minimum,1,Akola,"Randha Bu"
"Deliveries conducted at facility",SC,555,226,Minimum,1,Akola,"Shenit Bk"
"Deliveries conducted at facility",SC,555,226,Minimum,1,Akola,"Shirpunje Bk"
"Deliveries conducted at facility",SC,555,226,Minimum,1,Akola,"Kalas Bk"
"Deliveries conducted at facility",SC,555,226,Minimum,1,Akola,Takali
"Deliveries conducted at facility",SC,555,226,Minimum,1,Akola,Devthan
"Deliveries conducted at facility",SC,555,226,Minimum,1,Akola,Ganore
"Deliveries conducted at facility",SC,555,226,Minimum,1,Akola,Bhandardara
"Deliveries conducted at facility",SC,555,226,Minimum,1,Akola,Katalapur
"Deliveries conducted at facility",SC,555,226,Minimum,1,Akola,Mutkhel
"Deliveries conducted at facility",SC,555,226,Minimum,1,Akola,Indori
"Deliveries conducted at facility",SC,555,226,Minimum,1,Akola,Nimbral
"Deliveries conducted at facility",SC,555,226,Minimum,1,Jamkhed,Ratnapur
"Deliveries conducted at facility",SC,555,226,Minimum,1,Jamkhed,Pandharewadi
"Deliveries conducted at facility",SC,555,226,Minimum,1,Jamkhed,"Pimpalgaon Unda"
"Deliveries conducted at facility",SC,555,226,Minimum,1,Jamkhed,Bhutwada
"Deliveries conducted at facility",SC,555,226,Minimum,1,Jamkhed,Padali
"Deliveries conducted at facility",SC,555,226,Minimum,1,Jamkhed,Shiur
"Deliveries conducted at facility",SC,555,226,Minimum,1,Karjat,Siddhatek
"Deliveries conducted at facility",SC,555,226,Minimum,1,Karjat,Khed
"Deliveries conducted at facility",SC,555,226,Minimum,1,Karjat,Patewadi
"Deliveries conducted at facility",SC,555,226,Minimum,1,Karjat,"Mahi Jalgaon"
"Deliveries conducted at facility",SC,555,226,Minimum,1,Karjat,"Takali Khandeshwari"
"Deliveries conducted at facility",SC,555,226,Minimum,1,Karjat,"Loni Masadpur"
"Deliveries conducted at facility",SC,555,226,Minimum,1,Karjat,Durgaon
"Deliveries conducted at facility",SC,555,226,Minimum,1,Karjat,Koregaon
"Deliveries conducted at facility",SC,555,226,Minimum,1,Karjat,Walwad
"Deliveries conducted at facility",SC,555,226,Minimum,1,Karjat,Dhandewadi
"Deliveries conducted at facility",SC,555,226,Minimum,1,Karjat,Alsunde
"Deliveries conducted at facility",SC,555,226,Minimum,1,Karjat,Paritwadi
"Deliveries conducted at facility",SC,555,226,Minimum,1,Kopargaon,Dhamori
"Deliveries conducted at facility",SC,555,226,Minimum,1,Kopargaon,Padhegaon
"Deliveries conducted at facility",SC,555,226,Minimum,1,Kopargaon,"Madhi Bk"
"Deliveries conducted at facility",SC,555,226,Minimum,1,Kopargaon,Chandekasare
"Deliveries conducted at facility",SC,555,226,Minimum,1,Kopargaon,"Jeur Kumbhari"
"Deliveries conducted at facility",SC,555,226,Minimum,1,Kopargaon,Kokamthan
"Deliveries conducted at facility",SC,555,226,Minimum,1,Kopargaon,Bramhangaon
"Deliveries conducted at facility",SC,555,226,Minimum,1,Kopargaon,Kanhegaon
"Deliveries conducted at facility",SC,555,226,Minimum,1,Nagar,Akolner
"Deliveries conducted at facility",SC,555,226,Minimum,1,Nagar,Sarola
"Deliveries conducted at facility",SC,555,226,Minimum,1,Nagar,"Takli kazi"
"Deliveries conducted at facility",SC,555,226,Minimum,1,Nagar,Kaudgon
"Deliveries conducted at facility",SC,555,226,Minimum,1,Nagar,Dongargan
"Deliveries conducted at facility",SC,555,226,Minimum,1,Nagar,Majlechincholi
"Deliveries conducted at facility",SC,555,226,Minimum,1,Nagar,"Pimpalgaon Ujjaini"
"Deliveries conducted at facility",SC,555,226,Minimum,1,Nagar,"Deulgaon Siddhi"
"Deliveries conducted at facility",SC,555,226,Minimum,1,Nagar,Pokhardi
"Deliveries conducted at facility",SC,555,226,Minimum,1,Nagar,Khadaki
"Deliveries conducted at facility",SC,555,226,Minimum,1,Nagar,Shiradhon
"Deliveries conducted at facility",SC,555,226,Minimum,1,Nagar,Hiwarebajar
"Deliveries conducted at facility",SC,555,226,Minimum,1,Nagar,Jakhangaon
"Deliveries conducted at facility",SC,555,226,Minimum,1,Nagar,Kharekarjune
"Deliveries conducted at facility",SC,555,226,Minimum,1,Nagar,Barababhali
"Deliveries conducted at facility",SC,555,226,Minimum,1,Nagar,Walunj
"Deliveries conducted at facility",SC,555,226,Minimum,1,Nagar,Nagapur
"Deliveries conducted at facility",SC,555,226,Minimum,1,Nevasa,"Shingave Tukai"
"Deliveries conducted at facility",SC,555,226,Minimum,1,Nevasa,"Bhenda Bk"
"Deliveries conducted at facility",SC,555,226,Minimum,1,Nevasa,Dedgaon
"Deliveries conducted at facility",SC,555,226,Minimum,1,Nevasa,Belpimpalgaon
"Deliveries conducted at facility",SC,555,226,Minimum,1,Nevasa,JaygudeAkhada
"Deliveries conducted at facility",SC,555,226,Minimum,1,Nevasa,Galnimb
"Deliveries conducted at facility",SC,555,226,Minimum,1,Nevasa,Gogalgaon
"Deliveries conducted at facility",SC,555,226,Minimum,1,Nevasa,Lohgaon
"Deliveries conducted at facility",SC,555,226,Minimum,1,Nevasa,"Jalke Kh"
"Deliveries conducted at facility",SC,555,226,Minimum,1,Nevasa,Maktapur
"Deliveries conducted at facility",SC,555,226,Minimum,1,Nevasa,Kharwandi
"Deliveries conducted at facility",SC,555,226,Minimum,1,Parner,"Padli Darya"
"Deliveries conducted at facility",SC,555,226,Minimum,1,Parner,"Loni Mavala"
"Deliveries conducted at facility",SC,555,226,Minimum,1,Parner,"Dhotre Bk"
"Deliveries conducted at facility",SC,555,226,Minimum,1,Parner,Goregaon
"Deliveries conducted at facility",SC,555,226,Minimum,1,Parner,"Dahithne Gunjal"
"Deliveries conducted at facility",SC,555,226,Minimum,1,Parner,Jawala
"Deliveries conducted at facility",SC,555,226,Minimum,1,Parner,Wadner
"Deliveries conducted at facility",SC,555,226,Minimum,1,Parner,"Ralegan Therpala"
"Deliveries conducted at facility",SC,555,226,Minimum,1,Parner,"Ralegan Shiddhi"
"Deliveries conducted at facility",SC,555,226,Minimum,1,Parner,"Narayan Gavhan"
"Deliveries conducted at facility",SC,555,226,Minimum,1,Parner,Kadus
"Deliveries conducted at facility",SC,555,226,Minimum,1,Parner,Karandi
"Deliveries conducted at facility",SC,555,226,Minimum,1,Parner,Hanga
"Deliveries conducted at facility",SC,555,226,Minimum,1,Parner,Mandwa
"Deliveries conducted at facility",SC,555,226,Minimum,1,Pathardi,Mungasewadi
"Deliveries conducted at facility",SC,555,226,Minimum,1,Pathardi,Koradgaon
"Deliveries conducted at facility",SC,555,226,Minimum,1,Pathardi,Sakegaon
"Deliveries conducted at facility",SC,555,226,Minimum,1,Pathardi,Tondoli
"Deliveries conducted at facility",SC,555,226,Minimum,1,Pathardi,Devrai
"Deliveries conducted at facility",SC,555,226,Minimum,1,Rahta,Rajuri
"Deliveries conducted at facility",SC,555,226,Minimum,1,Rahta,Durgapur
"Deliveries conducted at facility",SC,555,226,Minimum,1,Rahta,Gogalgaon
"Deliveries conducted at facility",SC,555,226,Minimum,1,Rahta,Dhorale
"Deliveries conducted at facility",SC,555,226,Minimum,1,Rahta,Korhale
"Deliveries conducted at facility",SC,555,226,Minimum,1,Rahta,Hanumantgaon
"Deliveries conducted at facility",SC,555,226,Minimum,1,Rahta,Pathare
"Deliveries conducted at facility",SC,555,226,Minimum,1,Rahta,Changdevnagar
"Deliveries conducted at facility",SC,555,226,Minimum,1,Rahta,Chitali
"Deliveries conducted at facility",SC,555,226,Minimum,1,Rahuri,Malharwadi
"Deliveries conducted at facility",SC,555,226,Minimum,1,Rahuri,Jambhali
"Deliveries conducted at facility",SC,555,226,Minimum,1,Rahuri,Lakh
"Deliveries conducted at facility",SC,555,226,Minimum,1,Rahuri,Kangar
"Deliveries conducted at facility",SC,555,226,Minimum,1,Rahuri,Satral
"Deliveries conducted at facility",SC,555,226,Minimum,1,Rahuri,"Malunja Kh"
"Deliveries conducted at facility",SC,555,226,Minimum,1,Rahuri,Mhaisgaon
"Deliveries conducted at facility",SC,555,226,Minimum,1,Rahuri,Kukkadwedhe
"Deliveries conducted at facility",SC,555,226,Minimum,1,Rahuri,"Dhamori Bk"
"Deliveries conducted at facility",SC,555,226,Minimum,1,Sangamner,Digras
"Deliveries conducted at facility",SC,555,226,Minimum,1,Sangamner,Ambidumala
"Deliveries conducted at facility",SC,555,226,Minimum,1,Sangamner,"Kauthe Dhandarphal"
"Deliveries conducted at facility",SC,555,226,Minimum,1,Sangamner,"Sangamner Kh"
"Deliveries conducted at facility",SC,555,226,Minimum,1,Sangamner,Sawarchol
"Deliveries conducted at facility",SC,555,226,Minimum,1,Sangamner,"Malegaon Pathar"
"Deliveries conducted at facility",SC,555,226,Minimum,1,Sangamner,"Karjule Pathar"
"Deliveries conducted at facility",SC,555,226,Minimum,1,Sangamner,"Warudi Pathar"
"Deliveries conducted at facility",SC,555,226,Minimum,1,Sangamner,"Dhandarphal Bk"
"Deliveries conducted at facility",SC,555,226,Minimum,1,Sangamner,Saykhindi
"Deliveries conducted at facility",SC,555,226,Minimum,1,Sangamner,"Ashwi Bk"
"Deliveries conducted at facility",SC,555,226,Minimum,1,Sangamner,Jorve
"Deliveries conducted at facility",SC,555,226,Minimum,1,Sangamner,Samanapur
"Deliveries conducted at facility",SC,555,226,Minimum,1,Sangamner,"Mandave Bu"
"Deliveries conducted at facility",SC,555,226,Minimum,1,Sangamner,"Pimpalgaon Depa"
"Deliveries conducted at facility",SC,555,226,Minimum,1,Sangamner,Warwandi
"Deliveries conducted at facility",SC,555,226,Minimum,1,Sangamner,"Chor Kauthe"
"Deliveries conducted at facility",SC,555,226,Minimum,1,Sangamner,Kasare
"Deliveries conducted at facility",SC,555,226,Minimum,1,Sangamner,"Nannaj Dumala"
"Deliveries conducted at facility",SC,555,226,Minimum,1,Sangamner,"Wadgaon Pan"
"Deliveries conducted at facility",SC,555,226,Minimum,1,Shevgaon,Devtakali
"Deliveries conducted at facility",SC,555,226,Minimum,1,Shevgaon,Chapadgaon
"Deliveries conducted at facility",SC,555,226,Minimum,1,Shevgaon,Gadewadi
"Deliveries conducted at facility",SC,555,226,Minimum,1,Shevgaon,Khampimpari
"Deliveries conducted at facility",SC,555,226,Minimum,1,Shevgaon,Ghotan
"Deliveries conducted at facility",SC,555,226,Minimum,1,Shevgaon,Hasnapur
"Deliveries conducted at facility",SC,555,226,Minimum,1,Shevgaon,Akhegaon
"Deliveries conducted at facility",SC,555,226,Minimum,1,Shevgaon,Kharadgaon
"Deliveries conducted at facility",SC,555,226,Minimum,1,Shevgaon,"Wadule Bk"
"Deliveries conducted at facility",SC,555,226,Minimum,1,Shevgaon,"Avhane Bk"
"Deliveries conducted at facility",SC,555,226,Minimum,1,Shevgaon,Bodhegaon
"Deliveries conducted at facility",SC,555,226,Minimum,1,Shevgaon,Kambi
"Deliveries conducted at facility",SC,555,226,Minimum,1,Shevgaon,Balamtakali
"Deliveries conducted at facility",SC,555,226,Minimum,1,Shevgaon,Golegaon
"Deliveries conducted at facility",SC,555,226,Minimum,1,Shevgaon,Ranegaon
"Deliveries conducted at facility",SC,555,226,Minimum,1,Shrigonda,Pedgaon
"Deliveries conducted at facility",SC,555,226,Minimum,1,Shrigonda,Shedgaon
"Deliveries conducted at facility",SC,555,226,Minimum,1,Shrigonda,Taklikadewalit
"Deliveries conducted at facility",SC,555,226,Minimum,1,Shrigonda,Bhangaon
"Deliveries conducted at facility",SC,555,226,Minimum,1,Shrigonda,Chimbhala
"Deliveries conducted at facility",SC,555,226,Minimum,1,Shrigonda,Wangdari
"Deliveries conducted at facility",SC,555,226,Minimum,1,Shrigonda,Banpimpri
"Deliveries conducted at facility",SC,555,226,Minimum,1,Shrigonda,Ghogargaon
"Deliveries conducted at facility",SC,555,226,Minimum,1,Shrirampur,Bherdapur
"Deliveries conducted at facility",SC,555,226,Minimum,1,Shrirampur,Takalibhan
"Deliveries conducted at facility",SC,555,226,Minimum,1,Shrirampur,Bhokar
"Deliveries conducted at facility",SC,555,226,Minimum,1,Shrirampur,Kamlapur
"Deliveries conducted at facility",SC,555,226,Minimum,1,Shrirampur,Khirdi
"Deliveries conducted at facility",SC,555,226,Minimum,1,Shrirampur,Malewadi
"Deliveries conducted at facility",SC,555,226,Minimum,1,Shrirampur,"Mhankal Wadgaon"
"Deliveries conducted at facility",SC,555,226,Minimum,1,Shrirampur,Khandala
"Deliveries conducted at facility",SC,555,226,Minimum,1,Shrirampur,"Nipani Wadgaon"
"C -Section deliveries at facility",DH,1,0,Maximum,170,Nagar,Ahmednagar
"C -Section deliveries at facility",DH,1,0,Minimum,170,Nagar,Ahmednagar
"C -Section deliveries at facility",SDH,4,2,Maximum,121,Nagar,"AHMC Late Balasaheb Deshpande Hospital & Maternity Home"
"C -Section deliveries at facility",SDH,4,2,Minimum,3,Pathardi,Pathardi
"C -Section deliveries at facility",CHC,23,21,Maximum,2,Sangamner,Sangamner
"C -Section deliveries at facility",CHC,23,21,Minimum,1,Akola,Akole
"IPD Attendance",DH,1,0,Maximum,3159,Nagar,Ahmednagar
"IPD Attendance",DH,1,0,Minimum,3159,Nagar,Ahmednagar
"IPD Attendance",SDH,4,1,Maximum,423,Nagar,"AHMC Late Balasaheb Deshpande Hospital & Maternity Home"
"IPD Attendance",SDH,4,1,Minimum,240,Pathardi,Pathardi
"IPD Attendance",CHC,23,0,Maximum,333,Sangamner,Sangamner
"IPD Attendance",CHC,23,0,Minimum,2,Nevasa,Ghodegaon
"IPD Attendance",PHC,103,20,Maximum,1167,Parner,"Rui Chhatrapati"
"IPD Attendance",PHC,103,20,Minimum,1,Parner,"Palwe Kh"
"OPD attendance (All)",DH,1,0,Maximum,16734,Nagar,Ahmednagar
"OPD attendance (All)",DH,1,0,Minimum,16734,Nagar,Ahmednagar
"OPD attendance (All)",SDH,4,1,Maximum,8463,Karjat,Karjat
"OPD attendance (All)",SDH,4,1,Minimum,455,Nagar,"AHMC Late Balasaheb Deshpande Hospital & Maternity Home"
"OPD attendance (All)",CHC,23,0,Maximum,5962,Kopargaon,Kopargaon
"OPD attendance (All)",CHC,23,0,Minimum,408,Jamkhed,Jamkhed
"OPD attendance (All)",PHC,103,1,Maximum,4558,Kopargaon,Chasnali
"OPD attendance (All)",PHC,103,1,Minimum,34,Nagar,"AHMC Kedgaon HP"
"OPD attendance (All)",SC,555,60,Maximum,1116,Sangamner,Chikhali
"OPD attendance (All)",SC,555,60,Minimum,7,Jamkhed,"Pimpalgaon Unda"
"Operation major (General and spinal anaesthesia)",DH,1,0,Maximum,420,Nagar,Ahmednagar
"Operation major (General and spinal anaesthesia)",DH,1,0,Minimum,420,Nagar,Ahmednagar
"Operation major (General and spinal anaesthesia)",SDH,4,1,Maximum,146,Nagar,"AHMC Late Balasaheb Deshpande Hospital & Maternity Home"
"Operation major (General and spinal anaesthesia)",SDH,4,1,Minimum,12,Pathardi,Pathardi
"Operation major (General and spinal anaesthesia)",CHC,23,19,Maximum,15,Sangamner,Sangamner
"Operation major (General and spinal anaesthesia)",CHC,23,19,Minimum,1,Akola,Akole
"Operation major (General and spinal anaesthesia)",PHC,103,101,Maximum,20,Shrirampur,"Nimgaon Khairi"
"Operation major (General and spinal anaesthesia)",PHC,103,101,Minimum,6,Karjat,"Baradgaon Sudrik"
"Operation minor (No or local anaesthesia)",DH,1,0,Maximum,66,Nagar,Ahmednagar
"Operation minor (No or local anaesthesia)",DH,1,0,Minimum,66,Nagar,Ahmednagar
"Operation minor (No or local anaesthesia)",SDH,4,1,Maximum,76,Pathardi,Pathardi
"Operation minor (No or local anaesthesia)",SDH,4,1,Minimum,12,Karjat,Karjat
"Operation minor (No or local anaesthesia)",CHC,23,6,Maximum,40,Nevasa,Newasa
"Operation minor (No or local anaesthesia)",CHC,23,6,Minimum,1,Rahuri,Wambori
"Operation minor (No or local anaesthesia)",PHC,103,88,Maximum,26,Rahuri,"Dewalali prawara"
"Operation minor (No or local anaesthesia)",PHC,103,88,Minimum,1,Karjat,"Baradgaon Sudrik"
"Operation minor (No or local anaesthesia)",PHC,103,88,Minimum,1,Shrirampur,"Nimgaon Khairi"
