STATE/UT,YEAR,"Number of Convicts Admitted During the year","Number of Habitual Offenders"
"Andhra Pradesh",2013,12135,1023
"Arunachal Pradesh",2013,21,0
Assam,2013,2090,11
Bihar,2013,9264,95
Chhattisgarh,2013,3950,60
Goa,2013,116,6
Gujarat,2013,7096,3
Haryana,2013,4527,58
"Himachal Pradesh",2013,650,4
"Jammu and Kashmir",2013,431,1
Jharkhand,2013,2863,499
Karnataka,2013,31573,13
Kerala,2013,6861,220
"Madhya Pradesh",2013,14602,117
Maharashtra,2013,21270,0
Manipur,2013,52,0
Meghalaya,2013,87,3
Mizoram,2013,2540,491
Nagaland,2013,119,5
Odisha,2013,2136,64
Punjab,2013,7863,340
Rajasthan,2013,5995,297
Sikkim,2013,125,5
"Tamil Nadu",2013,3905,29
Tripura,2013,1485,28
"Uttar Pradesh",2013,30159,1081
Uttarakhand,2013,2176,5
"West Bengal",2013,9152,982
"Andaman and Nicobar Islands",2013,382,31
Chandigarh,2013,329,23
"Dadra and Nagar Haveli",2013,0,0
"Daman and Diu",2013,9,0
Delhi,2013,7015,1103
Lakshadweep,2013,0,0
Puducherry,2013,166,39
"Total (States)",2013,183243,5440
"Total (UTs)",2013,7901,1196
"Total (All)",2013,191144,6636
