Year,"Nominal Effective Exchange Rate (NEER) 6-Currency Index","Real Effective Exchange Rate (REER) 6-Currency Index","Nominal Effective Exchange Rate (NEER) 36-Currency Index","Real Effective Exchange Rate (REER) 36-Currency Index"
2004-2005,100,100,100,100
2005-2006,103,104.4,102.2,102.4
2006-2007,98.1,103.8,97.6,100.8
2007-2008,104.6,113.4,104.8,109.2
2008-2009,90.4,103.9,93.3,99.6
2009-2010,87.1,110.7,90.9,103.9
2010-2011,91.8,124.5,93.5,112.7
2011-2012,84.4,121.2,87.4,110.3
2012-2013,75.5,117.1,78.3,105.6
2013-2014,67.7,112.7,72.3,103.3
