"Property ID","Asset Name","Asset Category","Ward Number","Street Name","Asset ID"
1000100100037,"PUBLIC TOILET",PUBLIC,10,"CHAIRMANRAJU NAGAR",1000100800003
1000100100047,PARK,PARK,10,"K S RAMASAMY STREET",1000100800005
1000100100101,"PUBLIC TOILET",PUBLIC,10,"PERIYAR NAGAR TENVADAL STREET 3",1000100800001
1000100100101,"SATHUNAVU KOODAM",OTHERS,10,"PERIYAR NAGAR TENVADAL STREET 3",1000100800002
1000100100122,"PUBLIC TOILET",PUBLIC,10,"CHAIRMANRAJU NAGAR",1000100800007
1000100100126,MARKET,"DAILY MARKET",10,"METTUPALAYAM ROAD",1000100800006
1000100100462,"PUBLIC TOILET",PUBLIC,10,"KANNAPPAPURAM SOUTH MAIN ROAD",1000100800004
1000110100055,"CORPORATION HIGHER SECONDARY SCHOOL",EDUCATIONAL,11,"MANIAMVELLAPPAN STREET",1000110800003
1000110100661,"CORPORATION CHILDRENS PARK",PARK,11,"K A BALASUBRAMANIYAM ROAD 3RD CROSS",1000110800005
1000110100689,GODOWN,GODOWN,11,"PALANISAMY CONAR STREET",1000110800006
1000110100812,"CORPORATION ELEMENTARY SCHOOL",EDUCATIONAL,11,"MANIAMVELLAPPAN STREET",1000110800004
1000110100845,LIBRARY,PUBLIC,11,"ALAKANNAN STREET",1000110800007
1000110100923,"SATHUNAVU KOODAM",OTHERS,11,"MANIAMVELLAPPAN STREET",1000110800001
1000110100925,"SATHUNAVU KOODAM",OTHERS,11,"ALAKANNAN STREET",1000110800002
1000120100159,"SAMUDHAYA KOODAM","COMMUNITY HALL",12,"ANNA NAGAR",1000120800004
1000120100177,"CORPORATION TOILET",PUBLIC,12,"ANNA NAGAR",1000120800011
1000120100312,"CORPORATION PARK",PARK,12,"MANIAM KALIAPPAN STREET",1000120800007
1000120100317,"CORPORATION PARK",PARK,12,"GANAPATHY LAYOUT",1000120800003
1000120100619,"CORPORATION PARK",PARK,12,"KALIAPPAN STREET",1000120800012
1000120100703,"CORPORATION PARK",PARK,12,"GANAPATHY LAYOUT",1000120800008
1000120100710,"CORPORATION PROPERTY",VACANT,12,"GANAPATHY LAYOUT",1000120800002
1000120100727,"CORPORATION PARK",PARK,12,"S K V  NAGAR",1000120800005
1000120100746,"WATER BOARD OFFICE",OFFICE,12,"MANIAM KALIAPPAN STREET",1000120800006
1000120100777,"CORPORATION RESERVE SITE",VACANT,12,"N S R ROAD",1000120800001
1000120101001,"CORPORATION PARK",PARK,12,"CHINTHAMANI NAGAR",1000120800010
1000120101507,"CHILDRENS PARK",PARK,12,"K G LAYOUT",1000120800009
1000130100002,"PUBLIC TOILET",PUBLIC,13,"THADAGAM ROAD",1000130800011
1000130100003,"CORPORATION PARK",PARK,13,"BHUVANESHWARI NAGAR",1000130800001
1000130100117,"PUBLIC TOILET",PUBLIC,13,"NETHAJI COLONY",1000130800006
1000130100119,"CORPORATION SCHOOL",EDUCATIONAL,13,"R K NAIDU LAYOUT",1000130800007
1000130100136,"PUBLIC TOILET",PUBLIC,13,"SUBRAMANIAPURAM STREET",1000130800012
1000130100211,"CORPORATION SCHOOL",EDUCATIONAL,13,"AMMAN KOVIL STREET",1000130800004
1000130100218,"CORPORATION SCHOOL",EDUCATIONAL,13,"VINAYAGAR KOVIL STREET",1000130800005
1000130100398,"CORPORATION VACANT LAND",VACANT,13,"ANNA STREET",1000130800008
1000130100830,"BABY SCHOOL",EDUCATIONAL,13,"SUBRAMANIAPURAM STREET",1000130800003
1000130100869,"CORPORATION PARK",PARK,13,"CHINNACHETTI STREET",1000130800009
1000130100944,"BABY SCHOOL",EDUCATIONAL,13,"DR RADHAKRISHNAN STREET",1000130800010
1000130101157,"CORPORATION PARK",PARK,13,"AMMAN KOVIL STREET",1000130800002
1000140100001,"PUBLIC TOILET",PUBLIC,14,"THILAKAR STREET",1000140800007
1000140100060,"CHILDRENS WELFARE CENTER",OTHERS,14,"DR AMBEDKAR ROAD",1000140800002
1000140100087,"PLAY SCHOOL",EDUCATIONAL,14,"DR AMBEDKAR ROAD",1000140800004
1000140100121,"PUBLIC TOILET",PUBLIC,14,"DR AMBEDKAR ROAD",1000140800005
1000140100124,"BABY SCHOOL",EDUCATIONAL,14,"BHARATHIYAR STREET",1000140800006
1000140100670,"BABY SCHOOL",EDUCATIONAL,14,"SASTHIRI STREET",1000140800009
1000140100719,"CORPORATION SCHOOL",EDUCATIONAL,14,"THILAKAR STREET",1000140800008
1000140101202,"PUBLIC TOILET",PUBLIC,14,"DR AMBEDKAR ROAD",1000140800001
1000140101211,"OHT MAINTENANCE ROOM",OTHERS,14,"THADAGAM ROAD",1000140800003
1000150100001,"BOREWELL WATER SUPPLY",PUBLIC,15,"MARUTHAMALAI ROAD",1000150800013
1000150100001,GODOWN,GODOWN,15,"MARUTHAMALAI ROAD",1000150800014
1000150100002,"M G R SATHUNAVU KOODAM",EDUCATIONAL,15,"MARUTHAMALAI ROAD",1000150800011
1000150100004,"PUBLIC TOILET",PUBLIC,15,"MARUTHAMALAI ROAD",1000150800007
1000150100307,"CORPORATION PARK",PARK,15,"JEGADESH NAGAR",1000150800022
1000150100474,"CORPORATION PARK",PARK,15,"SRINAGAR STREET NO 1",1000150800018
1000150100489,"CORPORATION PARK",PARK,15,"AISWARYA NAGAR",1000150800019
1000150100681,"CORPORATION PARK",PARK,15,"POON NAGAR",1000150800021
1000150100699,"CORPORATION PARK",PARK,15,"AISWARYA NAGAR",1000150800020
1000150100895,"PUBLIC TOILET",PUBLIC,15,"KARUPARAYAN KOVIL STREET",1000150800016
1000150100899,"PUBLIC TOILET",PUBLIC,15,"KARUPARAYAN KOVIL STREET",1000150800017
1000150101002,"CORPORATION SCHOOL",EDUCATIONAL,15,"THIYAGI KUMARAN STREET",1000150800004
1000150101213,"CORPORATION PARK",PARK,15,"RADHIKA  AVENUE",1000150800005
1000150101535,"CORPORATION PARK",PARK,15,"K K COLONY",1000150800006
1000150101576,"CORPORATION WARD OFFICE",OFFICE,15,"MARUTHAMALAI ROAD",1000150800008
1000150101576,"CORPORATION SCHOOL",EDUCATIONAL,15,"MARUTHAMALAI ROAD",1000150800009
1000150101584,"PUBLIC TOILET",PUBLIC,15,"MARUTHAMALAI ROAD",1000150800010
1000150101827,"BOREWELL WATER SUPPLY",PUBLIC,15,"MARUTHAMALAI ROAD",1000150800012
1000150101873,"PUBLIC TOILET",PUBLIC,15,"PUDHUKINARU STREET",1000150800015
1000150101988,"CORPORATION SITE",PARK,15,"RAMS NAGAR",1000150800003
1000150102036,"CORPORATION SITE",VACANT,15,"RAMS NAGAR",1000150800001
1000150102037,"CORPORATION SITE",VACANT,15,"RAMS NAGAR",1000150800002
1000200101194,"COMMUNITY HALL","COMMUNITY HALL",20,"DR RADHAKRISHNAN STREET",1000200800006
1000200101223,"CORPORATION PARK",PARK,20,"NETHAJI ROAD",1000200800008
1000200101229,"CORPORATION SCHOOL",EDUCATIONAL,20,"SUGARCANE ROAD",1000200800005
1000200101230,"CORPORATION SCHOOL",EDUCATIONAL,20,"SUGARCANE ROAD",1000200800004
1000200101253,"COIMBATORE CORPORATION DOG HOSPITAL",HOSPITAL,20,"SUGARCANE ROAD",1000200800003
1000200101371,"BURIAL GROUND","BURIAL GROUND",20,"SUGARCANE ROAD",1000200800007
1000200101393,"PUBLIC TOILET",PUBLIC,20,"ANNA STREET",1000200800002
1000200101555,"PUBLIC TOILET",PUBLIC,20,"SUGARCANE ROAD",1000200800001
1000210100012,"CORPORATION BURIAL GROUND","BURIAL GROUND",21,"SUNDAPALAYAM ROAD",1000210800007
1000210100050,"CORPORATION DISPENSARY",HOSPITAL,21,"GOKULAM COLONY",1000210800003
1000210100147,"CORPORATION PARK",PARK,21,"GOKULAM COLONY 4",1000210800001
1000210100259,CREMATORIUM,CREMATORIUM,21,"SUNDAPALAYAM ROAD",1000210800006
1000210100575,"PUBLIC TOILET",PUBLIC,21,"THONDAMUTHUR ROAD",1000210800004
1000210100858,"CORPORATION MARRIAGE HALL","MARRIAGE HALL",21,"NAICKER THOTTAM",1000210800005
1000210101447,"CORPORATION COMMUNITY HALL","COMMUNITY HALL",21,"GOKULAM COLONY 3",1000210800002
1000220100059,"COVAI ELECTRIC BOARD LABOURS ORGANIZATIONS",OFFICE,22,"DR.RAJENDRA PRASAD ROAD",1000220800014
1000220100072,"CORPORATION BUILDING",COMMERCIAL,22,"BHARATHI PARK MAIN ROAD - 2",1000220800009
1000220100142,"CORPORATION KALYANA MANDAPAM","MARRIAGE HALL",22,"RAMALINGAM COLONY",1000220800010
1000220100143,"CORPORATION HOSPITAL",HOSPITAL,22,"BHARATHI PARK MAIN ROAD - 2",1000220800006
1000220100144,"CORPORATION ELEMENTARY SCHOOL",EDUCATIONAL,22,"RAMALINGAM COLONY",1000220800001
1000220100145,"WATER BOARD OFFICE",OFFICE,22,"SIRUVANI NAGAR",1000220800004
1000220100147,"CORPORATION STAFF QUARTERS",RESIDENTIAL,22,"RAMALINGAM COLONY",1000220800012
1000220100191,"CORPORATION BUILDING",COMMERCIAL,22,"RAMALINGAM COLONY",1000220800013
1000220100256,"CORPORATION DRIVER QUARTERS",RESIDENTIAL,22,"BHARATHI PARK MAIN ROAD - 2",1000220800005
1000220100396,"CORPORATION ENTRANCE PARK RESERVED SITE",PARK,22,"NEW NESAVALAR COLONY",1000220800015
1000220100531,"WATER BOARD OFFICE",OFFICE,22,"BHARATHI PARK MAIN ROAD",1000220800003
1000220101107,"CORPORATION PARK RESERVED SITE",PARK,22,"ALAGESAN MAIN ROAD",1000220800011
1000220101451,"ANNA VEGETABLE MARKET","DAILY MARKET",22,"METTUPALAYAM ROAD",1000220800017
1000220101662,"CORPORATION OFFICE",OFFICE,22,"METTUPALAYAM ROAD",1000220800002
1000220101670,"CBE CENTRAL CO OPERATIVE SOCIETY",COMMERCIAL,22,"KRISHNASAMY ROAD",1000220800018
1000220101795,"CORPORATION COMPLEX","SHOPPING COMPLEX",22,"KRISHNASAMY ROAD",1000220800007
1000220101867,"CORPORATION BUILDING",COMMERCIAL,22,"METTUPALAYAM ROAD",1000220800019
1000220101905,"COIMBATORE CORPORATION SOCIETY CENTRE",OFFICE,22,KAMARAJAPURAM,1000220800008
1000230100047,"CORPORATION WEST ZONE OFFICE",OFFICE,23,"AROKIYASAMY ROAD",1000230800008
1000230100047,"CBE CORPORATION P.VENKITASAMY PILLAI MEMORIAL SCHOOL",EDUCATIONAL,23,"AROKIYASAMY ROAD",1000230800004
1000230100214,"CORPORATION BUILDING",OTHERS,23,D.B.ROAD,1000230800005
1000230100343,"COVAI CORPORATION",ABANDONED,23,"BASHIKARRALU ROAD",1000230800002
1000230100344,"COVAI CORPORATION",ABANDONED,23,"BASHIKARRALU ROAD",1000230800003
1000230100482,"CORPORATION MARKET","DAILY MARKET",23,"GOULIBROWN ROAD",1000230800001
1000230100841,"CORPORATION KENWYN MIDDLE SCHOOL",EDUCATIONAL,23,"METTUPALAYAM ROAD",1000230800007
1000230100888,"CCMC ZSO QUARTERS",RESIDENTIAL,23,"SIR.SHANMUGAM ROAD",1000230800009
1000230100950,"CORPORATION SCHOOL",EDUCATIONAL,23,"AZAD RD",1000230800006
1000240100020,"FLOWER MARKET",COMMERCIAL,24,"RANGE GOWDA STREET",1000240800003
1000240100023,"CORPORATION BUILDING",COMMERCIAL,24,"METTUPALAYAM ROAD",1000240800004
1000240100177,"CORPORATION COMMUNITY HALL","COMMUNITY HALL",24,"V.O.C STREET",1000240800019
1000240100293,"THE CBE SOCIAL CLUB",COMMERCIAL,24,"THADAGAM ROAD",1000240800002
1000240100344,"CORPORATION WARD OFFICE",OFFICE,24,"D B ROAD",1000240800012
1000240100345,"SAMUDHAYA KOODAM","COMMUNITY HALL",24,"D B ROAD",1000240800020
1000240100382,"CORPORATION PUBLIC TOILET",PUBLIC,24,"LIGHT HOUSE ROAD",1000240800006
1000240100400,"CORPORATION PUBLIC TOILET",PUBLIC,24,"KAMARAJAR LANE",1000240800007
1000240100549,"CORPORATION PLAY SCHOOL",EDUCATIONAL,24,"ARUNACHALAM ROAD",1000240800021
1000240100731,"GANDHI PARK",PARK,24,"SUBRAMANIAM ROAD",1000240800010
1000240100732,"CORPORATION PUBLIC TOILET",PUBLIC,24,"THADAGAM ROAD",1000240800008
1000240100732,"CORPORATION YOGA NILAYAM","HEALTH CENTRE",24,"THADAGAM ROAD",1000240800018
1000240100758,"CORPORATION HOSPITAL",HOSPITAL,24,"METTUPALAYAM ROAD",1000240800015
1000240100867,"CORPORATION HOSPITAL",HOSPITAL,24,"LANGAR KANA ROAD 1",1000240800016
1000240100868,"MUNICIPAL DISPENSARY",HOSPITAL,24,"LANGAR KANA ROAD 1",1000240800017
1000240100961,"CORPORATION SCHOOL",EDUCATIONAL,24,"RAMALINGAM ROAD",1000240800022
1000240100990,"CORPORATION COMPLEX","SHOPPING COMPLEX",24,"THADAGAM ROAD",1000240800005
1000240100990,"NIGHT SHELTER OFFICE",OFFICE,24,"AROKYASAMY STREET",1000240800013
1000240100990,"CORPORATION SCHOOL",EDUCATIONAL,24,"AROKYASAMY STREET",1000240800023
1000240101029,"CORPORATION BUILDING",COMMERCIAL,24,"AROKYASAMY STREET",1000240800001
1000240101030,"CORPORATION PLAY GROUND","PLAY GROUND",24,"SUBRAMANIAM ROAD",1000240800009
1000240101030,"SASTHIGROUND MAINTAINING ROOM",OTHERS,24,"SUBRAMANIAM ROAD",1000240800011
1000240101031,"CORPORATION DIVISION OFFICE",OFFICE,24,"AZAD ROAD",1000240800014
1000250100587,"SEETHALAKSHMI MATERNITY CENTRE",HOSPITAL,25,"KRISHNASAMY ROAD",1000250800002
1000250100588,"CORPORATION SCHOOL",EDUCATIONAL,25,"DEVANGA HIGHER SECONDARY SCHOOL ROAD",1000250800003
1000250100589,"COIMBATORE CORPORATION DEVANGY CATTER SHED",OTHERS,25,"DEVANGA HIGHER SECONDARY SCHOOL ROAD",1000250800007
1000250100589,"CORPORATION WARD OFFICE",OFFICE,25,"DEVANGA HIGHER SECONDARY SCHOOL ROAD",1000250800006
1000250100616,"ANNA PARK",PARK,25,"THIYAGARAYA PUDU STREET 2",1000250800001
1000250100936,"ESSORPE ROTARY MID TOWN HALL",OTHERS,25,"KRISHNASAMY ROAD",1000250800005
1000250100936,"DEVANGA HIGHER SECONDARY SCHOOL",EDUCATIONAL,25,"KRISHNASAMY ROAD",1000250800004
1000370100304,"CORPORATION OFFICE",OFFICE,37,"SASTHIRI STREET",1000370800002
1000370100636,"CORPORATION SCHOOL",EDUCATIONAL,37,"N G R STREET",1000370800001
1000380100324,"SOLID WASTE DISPOSAL SITE AREA",PUBLIC,38,"VILANKURICHI ROAD",1000380800001
1000380100386,"BURIAL GROUND","BURIAL GROUND",38,"VILANKURICHI ROAD",1000380800002
1000390100037,"CORPORATION WATER TANK",PUBLIC,39,"RANGAMMAL KOIL STREET",1000390800026
1000390100282,"CORPORATION CHILD SCHOOL",EDUCATIONAL,39,"AVARAMPALAYAM ROAD",1000390800008
1000390100282,"PALLVADI (CORPORATION)",EDUCATIONAL,39,"AVARAMPALAYAM ROAD",1000390800007
1000390100364,"COIMBATORE CORPORATION",PUBLIC,39,"LAL BHATHUR COLONY",1000390800006
1000390100428,"CORPORATION SCHOOL",EDUCATIONAL,39,"AVARAMPALAYAM ROAD",1000390800010
1000390100536,"CORPORATION RATION SHOP",PUBLIC,39,"AVARAMPALAYAM ROAD",1000390800009
1000390100683,"CORPORATION OFFICE",OFFICE,39,"AVARAMPALAYAM ROAD",1000390800002
1000390100683,"CORPORATION OFFICE",OFFICE,39,"AVARAMPALAYAM ROAD",1000390800001
1000390100784,"PEELAMEDU POWERLOOM WEAVERS CO-OP SOCIETY",COMMERCIAL,39,"BHARATHI COLONY",1000390800005
1000390100795,"PEELAMEDU POWERLOOM WEAVERS CO-OP SOCIETY",COMMERCIAL,39,"BHARATHI COLONY CROSS ROAD",1000390800004
1000390100795,"PEELAMEDU POWERLOOM WEAVERS CO-OP SOCIETY",COMMERCIAL,39,"BHARATHI COLONY CROSS ROAD",1000390800003
1000390101032,"CORPORATION LIBRARY",PUBLIC,39,"DURAISWAMY LAY OUT",1000390800013
1000390101105,"COIMBATORE CORPORATION",COMMERCIAL,39,"BURHANI SOCIETY",1000390800017
1000390101105,"COIMBATORE CORPORATION",COMMERCIAL,39,"DURAISWAMY LAY OUT",1000390800025
1000390101105,"COIMBATORE CORPORATION",COMMERCIAL,39,"DURAISWAMY LAY OUT",1000390800014
1000390101105,"COIMBATORE CORPORATION",COMMERCIAL,39,"DURAISWAMY LAY OUT",1000390800023
1000390101105,"COIMBATORE CORPORATION",COMMERCIAL,39,"DURAISWAMY LAY OUT",1000390800024
1000390101105,"COIMBATORE CORPORATION",COMMERCIAL,39,"DURAISWAMY LAY OUT",1000390800015
1000390101105,"COIMBATORE CORPORATION",COMMERCIAL,39,"DURAISWAMY LAY OUT",1000390800016
1000390101105,"COIMBATORE CORPORATION",COMMERCIAL,39,"DURAISWAMY LAY OUT",1000390800018
1000390101105,"COIMBATORE CORPORATION",COMMERCIAL,39,"DURAISWAMY LAY OUT",1000390800019
1000390101105,"COIMBATORE CORPORATION",COMMERCIAL,39,"DURAISWAMY LAY OUT",1000390800020
1000390101105,"COIMBATORE CORPORATION",COMMERCIAL,39,"DURAISWAMY LAY OUT",1000390800021
1000390101105,"COIMBATORE CORPORATION",COMMERCIAL,39,"DURAISWAMY LAY OUT",1000390800022
1000390101135,"COIMBATORE CORPORATION PUBLIC TOILET",PUBLIC,39,"MASTHI STREET",1000390800011
1000390101136,"COIMBATORE CORPORATION PUBLIC TOILET",PUBLIC,39,"MASTHI STREET",1000390800012
1000390101803,"CORPARATION PARK",PARK,39,"MURUGAN NAGAR",1000390800027
1000400100298,"COIMBATORE CORPORATION LAND",VACANT,40,"V G RAO NAGAR",1000400800003
1000400100870,"COIMBATORE CORPORATION PARK",PARK,40,"VARADARAJALU NAGAR",1000400800001
1000400101194,"BRINDHAVAN  PARK",PARK,40,"BPC COLONY",1000400800002
1000400101496,"COIMBATORE CORPORATION PARK",PARK,40,"V N S NAGAR",1000400800005
1000400101614,"COIMBATORE CORPORATION MIDDLE SCHOOL",EDUCATIONAL,40,"V G RAO NAGAR",1000400800004
1000400101679,"CORPORATION WARD OFFICE",OFFICE,40,"SHOBA NAGAR",1000400800006
1000400101729,"COIMBATORE CORPORATION PARK",PARK,40,"HINDUSTAN AVENUE",1000400800009
1000400101906,"CORPORATION WARD OFFICE",OFFICE,40,"ARASAMARA STREET",1000400800008
1000400102167,"PUBLIC TOILET",PUBLIC,40,"AVARAMPALAYAM ROAD",1000400800007
1000400102498,"COIMBATORE CORPORATION OFFICE",OFFICE,40,"VINAYAGAR KOIL STREET",1000400800010
1000400102501,"CORPORATION CHILDRENS PARK",PARK,40,"VINAYAGAR KOIL STREET",1000400800011
1000410102294,"COIMBATORE WATER CORPORATION",OFFICE,41,"SANKARALINGAM ROAD",1000410800004
1000410102949,"BIRTH & DEATH CERTIFICATE OFFICE",OFFICE,41,"K R G NAGAR",1000410800002
1000410103261,"CORPORATION TOILET",PUBLIC,41,"VASUKI STREET",1000410800007
1000410103399,"CORPORATION SCHOOL",EDUCATIONAL,41,"AVAIYAR STREET",1000410800001
1000410104503,"CORPORATION WATER TAX OFFICE",OFFICE,41,"SRI VAARI RAMAKRISHNA GARDEN",1000410800011
1000410104945,"CORPORATION LIBRARY",PUBLIC,41,"GANDHI MANAGAR",1000410800010
1000410105069,"COIMBATORE WATER CORPORATION",OFFICE,41,"GANDHI MANAGAR",1000410800005
1000410105169,ANGANVAADI,EDUCATIONAL,41,"GANDHI MANAGAR",1000410800006
1000410105266,"CORPORATION WATER TANK BUILDING",OTHERS,41,"KONGU NAGAR",1000410800008
1000410105280,"CORPORATION WARD OFFICE",OFFICE,41,"GANDHI MANAGAR",1000410800003
1000410107064,"COIMBATORE CORPORATION NORTH ZONE SEWERAGE STATION",PUBLIC,41,"GANDHI MANAGAR",1000410800009
1000440100560,"CORPORATION PARK",PARK,44,"THIRUMALAI SAMY STREET",1000440800004
1000440100632,"CORPORATION TOILET",PUBLIC,44,"RAMASAMY NAGAR",1000440800010
1000440100875,"CORPORATION SCHOOL",EDUCATIONAL,44,"JAYANTHI NAGAR",1000440800003
1000440100969,"CORPORATION WARD OFFICE",OFFICE,44,"VELLAPPAN STREET",1000440800009
1000440101032,"T W A D BOARD OFFICE",OFFICE,44,"JAYANTHI NAGAR",1000440800002
1000440101453,"TAMILNADU CIVIL SUPPLY CORPORATION",COMMERCIAL,44,"METTUPALAYAM ROAD",1000440800008
1000440101558,"CORPORATION LAND",VACANT,44,"RATHINAM NAGAR",1000440800006
1000440101608,"CORPORATION LAND",VACANT,44,"THIRUMALAI SAMY STREET",1000440800005
1000440102348,"CORPORATION PARK",PARK,44,"RANGA LAYOUT",1000440800007
1000440102766,"CORPORATION LAND",VACANT,44,"PUTHUTHOTTAM STREET",1000440800001
1000450100001,"CORPORATION SCHOOL",EDUCATIONAL,45,"SWAMY STREET",1000450800009
1000450100329,"COUNCILOR OFFICE",OFFICE,45,"S P KANNUSAMY STREET",1000450800010
1000450100353,"CORPORATION OFFICE",OFFICE,45,"S P KANNUSAMY STREET",1000450800012
1000450100397,"CORPORATION TOILET",PUBLIC,45,"S P KANNUSAMY STREET",1000450800007
1000450100517,"CORPORATION BUILDING",COMMERCIAL,45,"NARAYANASAMY GOUNDER STREET",1000450800006
1000450100625,"VILLAGE ADMINSTRATIVE OFFICE",OFFICE,45,"S P KANNUSAMY STREET",1000450800011
1000450100709,"CORPORATION QUARTERS",RESIDENTIAL,45,"SANGANOOR MAIN ROAD",1000450800001
1000450101143,"CORPORATION BUILDING",COMMERCIAL,45,"NARAYANASAMY GOUNDER STREET",1000450800008
1000450101224,"M G R SATHUNAVU KOODAM",OTHERS,45,"BALUSAMY NAGAR",1000450800005
1000450101329,"CORPORATION MOTOR ROOM",OTHERS,45,"NARAYANASAMY LAYOUT",1000450800003
1000450101365,"BURIAL GROUND","BURIAL GROUND",45,"NARAYANASAMY LAYOUT",1000450800002
1000450101657,"M G R SATHUNAVU KOODAM",OTHERS,45,"THANGAM NAGAR",1000450800004
1000460100001,"VILLAGE ADMINSTRATIVE OFFICE",OFFICE,46,"MAMARATHOTTAM STREET",1000460800001
1000460100001,"CORPORATION BUILDING",COMMERCIAL,46,"GANESH LAYOUT MAIN ROAD",1000460800002
1000460100103,"BURIAL GROUND","BURIAL GROUND",46,"JAYAPRAKASH NAGAR MAIN ROAD",1000460800007
1000460100360,"CITY CORPORATION SCHOOL",EDUCATIONAL,46,"GANESH LAYOUT MAIN ROAD",1000460800004
1000460100445,"CORPORATION HIGHER SECONDARY SCHOOL",EDUCATIONAL,46,"GOPAL SWAMY KOVIL STREET",1000460800005
1000460100706,"CORPORATION BUILDING",EDUCATIONAL,46,"SIDDHA THOTTAM STREET",1000460800006
1000460100726,"CHILD HOSPITAL",HOSPITAL,46,"SANGANOOR ROAD",1000460800003
1000470100176,"CORPORATION CHILDRENS PARK",PARK,47,"MARUTHAIYA NAGAR",1000470800001
1000470100471,"CORPORATION VACANT LAND",VACANT,47,"KATTABOMMAN STREET",1000470800002
1000470101103,"CORPORATION CHILDRENS PARK",PARK,47,"KUMARAN NAGAR",1000470800003
1000470101820,"CORPORATION PUBLIC TOILET",PUBLIC,47,"GANAPATHY PUDUR STREET 3",1000470800004
1000480100001,"CORPORATION TOILET",PUBLIC,48,"V O C NAGAR",1000480800005
1000480100028,LIBRARY,PUBLIC,48,"BALASUNDARAM STREET",1000480800006
1000480100595,LIBRARY,PUBLIC,48,"VISWANATHA PURAM MAIN ROAD",1000480800002
1000480100796,"CORPORATION WATER PUMPING BUILDING",OTHERS,48,"SUNDARAM STREET",1000480800001
1000480101303,"BURIAL GROUND","BURIAL GROUND",48,"LAKSHMIPURAM MAIN ROAD EXTENSION",1000480800004
1000480101456,"PUBLIC TOILET",PUBLIC,48,"P M SAMY COLONY",1000480800003
1000490100011,"CORPORATION COLLECTION CENTER",OFFICE,49,"SAMPATH STREET",1000490800005
1000490100012,"CORPORATION PARK",PARK,49,"MARUTHAKUTTI STREET",1000490800001
1000490100087,"CORPORATION PARK",PARK,49,"MARUTHAKUTTI STREET",1000490800002
1000490100311,"CORPORATION WARD OFFICE",OFFICE,49,"PALANIAMMAL STREET",1000490800008
1000490100484,"CORPORATION SCHOOL",EDUCATIONAL,49,"SAMPATH STREET",1000490800006
1000490100485,"PLAY SCHOOL",EDUCATIONAL,49,"SAMPATH STREET THEN VADAL CROSS 1",1000490800007
1000490100531,DISPENSARY,HOSPITAL,49,"SAMPATH STREET",1000490800003
1000490100567,"CORPORATION SCHOOL",EDUCATIONAL,49,"SAMPATH STREET",1000490800004
1000490100658,"CORPORATION SCHOOL",EDUCATIONAL,49,"GANAPATHY NANJAPPAN STREET",1000490800009
1000500100330,"PUBLIC TOILET",PUBLIC,50,"ANNA PUTHU STREET",1000500800008
1000500100412,"CBE CORPORATION TOILET",PUBLIC,50,"ANNA NAGAR",1000500800009
1000500100883,"CORPORATION QUARTERS",RESIDENTIAL,50,"TATABAD STREET 4",1000500800004
1000500100954,"CORPORATION BUILDING",COMMERCIAL,50,"TATABAD STREET 3",1000500800006
1000500100958,"CORPORATION PARK",PARK,50,"RAJU NAIDU ROAD",1000500800007
1000500100963,"CORPORATION PROPERTY",VACANT,50,"RAJU NAIDU ROAD",1000500800002
1000500100964,"CORPORATION WARD OFFICE",OFFICE,50,"TATABAD STREET 4",1000500800003
1000500100965,"CORPORATION SCHOOL",EDUCATIONAL,50,"DR.ALAGAPPA ROAD",1000500800001
1000500100982,"CORPORATION BUILDING",COMMERCIAL,50,"RAJU NAIDU ROAD",1000500800005
1000510100317,"COIMBATORE CORPORATION COMMISSIONER OFFICE",OFFICE,51,"PONNAY STREET",1000510800009
1000510100345,"COIMBATORE DIST.GOVT.CORP.H.P SANGAM",COMMERCIAL,51,"GANDHIPURAM 8TH STREET",1000510800001
1000510100602,"CORPORATION TOILET",PUBLIC,51,"LAJAPATHI RAI STREET",1000510800012
1000510100602,"CORPORATION MARKET",COMMERCIAL,51,"KALINGARAYAN STREET",1000510800008
1000510100605,"CORPORATION MARRIAGE HALL","MARRIAGE HALL",51,"KALINGARAYAN STREET",1000510800006
1000510100709,"CORPORATION SHOPPING COMPLEX","SHOPPING COMPLEX",51,"PATEL ROAD",1000510800010
1000510100833,"SEMMOZHI POONGA",PARK,51,"SWARNAMBIKA LAYOUT",1000510800013
1000510100860,"CORPORATION RATION SHOP",PUBLIC,51,"SN DAS LAYOUT 3",1000510800007
1000510101005,"CORPORATION BUILDING",OTHERS,51,"GANDHIPURAM 7TH STREET EXTENSION",1000510800011
1000510101120,"CORPORATION OFFICE",OFFICE,51,"DR ALAGAPPA CHETTIYAR ROAD",1000510800002
1000510101656,"CORPORATION ENGINEERING OFFICE",OFFICE,51,"RADHAKRISHNAN ROAD",1000510800003
1000510101657,"BABY SCHOOL",EDUCATIONAL,51,"GANDHIPURAM EXTENSION SECOND STREET",1000510800005
1000510101685,"CORPORATION ENGINEERING OFFICE",OFFICE,51,"GANDHIPURAM EXTENSION SECOND STREET",1000510800004
1000520100032,"GOVT POLYTECHNIC COLLEGE FOR WOMEN",EDUCATIONAL,52,"BHARATHIYAR ROAD",1000520800009
1000520100033,"SIDHAPUDHUR GIRLS HIGH SCHOOL",EDUCATIONAL,52,"AMBIKA LAYOUT",1000520800005
1000520100123,"BURIAL GROUND","BURIAL GROUND",52,"SASTRI NAGAR",1000520800001
1000520100574,"CORPORATION BABY SCHOOL",EDUCATIONAL,52,"GANDHIPURAM 2ND STREET",1000520800002
1000520100702,"CORPORATION BABY SCHOOL",EDUCATIONAL,52,"ELANGO NAGAR STREET-2",1000520800003
1000520100705,"OHT MAINTENANCE ROOM",OTHERS,52,"AMBIKA LAYOUT",1000520800007
1000520100802,"CBE HOUSING BOARD",RESIDENTIAL,52,"V.K.K. MENON ROAD",1000520800008
1000520100999,"SIDHAPUDUR HR. SEC. SCHOOL",EDUCATIONAL,52,"V.K.K. MENON ROAD",1000520800006
1000520101000,"CORPORATION BABY SCHOOL",EDUCATIONAL,52,"AMBIKA LAYOUT",1000520800004
1000530100126,"CORPORATION CHILDRENS PARK",PARK,53,"HARI PURAM",1000530800004
1000530100195,"53 WARD OFFICE",OFFICE,53,"V.K.K MENON ROAD",1000530800003
1000530100554,"CORPORATION TOILET",PUBLIC,53,"DHANALAKSHMI NAGAR HUTS",1000530800002
1000530100554,"COIMBATORE CORPORATION CREMATORIUM",CREMATORIUM,53,"DHANALAKSHMI NAGAR",1000530800001
1000540100215,"RANGANATHA PURAM HIGHER SECONDARY SCHOOL",EDUCATIONAL,54,"VIVEKANANDA ROAD",1000540800001
1000540100259,"CORPORATION ELEMENTARY SCHOOL",EDUCATIONAL,54,"VIVEKANANDA ROAD",1000540800002
1000540100582,"SCHOOL PLAY GROUND","PLAY GROUND",54,"VIVEKANANDA ROAD",1000540800003
1000540100757,"CORPORATION SCHOOL",EDUCATIONAL,54,"SASTHIRI ROAD",1000540800004
1000550100092,"GOVERNMENT BUILIDING HOUSING UNIT",RESIDENTIAL,55,"G R D ROAD",1000550800002
1000550100311,"COIMBATORE CORPORATION PUBLIC TOILET",PUBLIC,55,"VENUGOPAL LAY OUT",1000550800004
1000550100340,"CORPORATION OFFICE",OFFICE,55,"BHARATHIYAR ROAD",1000550800009
1000550100350,"CORPORATION PUBLIC TOILET",PUBLIC,55,"BEEMA NARAYANA THOTTA SALAIGAL",1000550800013
1000550100350,"CORPORATION OFFICE",OFFICE,55,"BEEMA NARAYANA THOTTA SALAIGAL",1000550800006
1000550100350,"CORPORATION BUILDING",OTHERS,55,"BEEMA NARAYANA THOTTA SALAIGAL",1000550800010
1000550100574,"COIMBATORE CORPORATION HOSPITAL",HOSPITAL,55,JAYASIMMAPURAM,1000550800007
1000550100700,"PUBLIC TOILET",PUBLIC,55,PALAIYUR,1000550800003
1000550101082,"COIMBATORE CORPORATION MIDDLE SCHOOL",EDUCATIONAL,55,"BHARATHIYAR ROAD",1000550800005
1000550101388,"CORPORATION OFFICE",OFFICE,55,"KATTUR ROAD",1000550800011
1000550101448,"CORPORATION DISPENSARY",HOSPITAL,55,"KATTUR ROAD",1000550800001
1000550101570,"CORPORATION OFFICE",OFFICE,55,"RANGAMMAL STREET",1000550800012
1000550101620,"CBE CORPORATION NORTH ZONE OFFICE",OFFICE,55,"BALASUNDARAM ROAD",1000550800008
1000560100008,"CORPORATION SCHOOL",EDUCATIONAL,56,"PUDUR MARIAMMAN KOVIL STREET",1000560800002
1000560100164,"CORPORATION PARK",PARK,56,"HUDCO COLONY",1000560800008
1000560100289,"CORPORATION SCHOOL",EDUCATIONAL,56,"JEGANATHAN COLONY HOUSING UNIT",1000560800003
1000560101527,"CORPORATION SCHOOL",EDUCATIONAL,56,"ANNAMAR KOVIL STREET",1000560800005
1000560101598,"CORPORATION OFFICE",OFFICE,56,"KARUNANITHI NAGAR",1000560800006
1000560101776,"CORPORATION PARK",PARK,56,"THIRUMAGAL NAGAR 11TH CROSS STREET",1000560800004
1000560101809,"CORPORATION TOILET",PUBLIC,56,"PUDUR MARIAMMAN KOVIL STREET",1000560800001
1000560101866,"CORPORATION PARK",PARK,56,"HUDCO COLONY",1000560800007
1000570100007,"CORPORATION TOILET",PUBLIC,57,"UPPILIPALAYAM MAIN ROAD",1000570800004
1000570100676,"CORPORATION SAMUTHAYA KUDAM","COMMUNITY HALL",57,"MASAKALI PALAYAM ROAD",1000570800007
1000570100717,"CORPORATION ANGANVADI CENTRE",PUBLIC,57,"GANDHI NAGAR STREET-8",1000570800006
1000570100735,"CORPORATION TOILET",PUBLIC,57,"GANDHI NAGAR STREET-12",1000570800005
1000570100836,"CORPORATION TOILET",PUBLIC,57,"GANDHI NAGAR STREET-17",1000570800008
1000570101084,"CORPORATION TOILET",PUBLIC,57,"JEEVA STREET",1000570800001
1000570101130,"CORPORATION SCHOOL",EDUCATIONAL,57,"UPPILIPALAYAM MAIN ROAD",1000570800003
1000570101396,"CORPORATION SCHOOL",EDUCATIONAL,57,"SUBBAIYA STREET",1000570800002
1000580100291,"PUBLIC TOILET",PUBLIC,58,"METHA LAYOUT",1000580800004
1000580100340,"EB TOWER",PUBLIC,58,"THACHAN THOTTAM STREET",1000580800002
1000580100352,"COMMUNITY HALL","COMMUNITY HALL",58,"THACHAN THOTTAM STREET",1000580800003
1000580100642,"ELECTRICAL CREMATORIUM",CREMATORIUM,58,"BANGARU LAYOUT",1000580800010
1000580100841,"PUBLIC TOILET",PUBLIC,58,"CHINNA THOTTAM STREET",1000580800001
1000580100901,"PUBLIC TOILET",PUBLIC,58,"THACHAN THOTTAM STREET",1000580800006
1000580100901,"CHILDRENS PARK",PARK,58,"THACHAN THOTTAM STREET",1000580800007
1000580101179,"PUBLIC TOILET",PUBLIC,58,"BHARATH NAGAR",1000580800011
1000580101326,"PUBLIC TOILET",PUBLIC,58,"K J GARDEN",1000580800008
1000580101349,"COMMUNITY HALL","COMMUNITY HALL",58,"VINAYAGAR NAGAR",1000580800009
1000580102197,LIBRARY,PUBLIC,58,"PERIYA STREET",1000580800005
1000590100094,"CORPORATION TOILET",PUBLIC,59,"IRUGOOR ITTERY",1000590800006
1000590100281,"CORPORATION TOILET",PUBLIC,59,"DHANAPAL LAYOUT",1000590800007
1000590100315,"CORPORATION OFFICE",OFFICE,59,"DR.JAGANANTHAN NAGAR",1000590800001
1000590101463,"CORPORATION TOILET",PUBLIC,59,"GOPAL NAGAR",1000590800008
1000590101841,"ULAGA TAMIL SEMMOZHI POONGA",PARK,59,R.K.K.NAGAR,1000590800004
1000590101908,"CORPORATION TOILET",PUBLIC,59,"THIRUVALLUVAR NAGAR",1000590800003
1000590102968,"PUBLIC TOILET",PUBLIC,59,"BHARATHI NAGAR",1000590800005
1000590103132,"CORPORATION SCHOOL",EDUCATIONAL,59,"V O C NAGAR (S I H S COLONY)",1000590800002
1000600100001,"SEMMOZHI POONGA",PARK,60,"ANNAI INDIRA NAGAR",1000600800008
1000600100275,"CORPORATION BURIAL GROUND","BURIAL GROUND",60,"IRUGOOR ITTERY",1000600800006
1000600100369,"CORPORATION LIBRARY",PUBLIC,60,"VINAYAKAR KOVIL STREET",1000600800002
1000600100816,"CORPORATION PUBLIC TOILET",PUBLIC,60,"NARAYANASAMY LAYOUT",1000600800005
1000600100838,"CORPORATION PUBLIC TOILET",PUBLIC,60,"S M S LAYOUT",1000600800004
1000600101300,"CORPORATION ELEMENTARY SCHOOL",EDUCATIONAL,60,"SUNGAM ROAD",1000600800003
1000600101373,"CORPORATION PUBLIC TOILET",PUBLIC,60,"THIRUVALLUVAR NAGAR",1000600800001
1000600101672,"CORPORATION PARK",PARK,60,"TAGORE NAGAR EXTENSION",1000600800007
1000610100061,"CORPORATION TOILET",PUBLIC,61,"BANNARI AMMAN NAGAR",1000610800009
1000610100183,"CORPORATION SCHOOL",EDUCATIONAL,61,"NESAVALAR STREET",1000610800005
1000610100223,"CORPORATION TOILET",PUBLIC,61,"KAMARAJ NAGAR",1000610800006
1000610100228,"CORPORATION BUILDING",COMMERCIAL,61,"NOYYAL NAGAR",1000610800007
1000610100284,"CORPORATION TOILET",PUBLIC,61,"THIRUVALLUVAR NAGAR",1000610800014
1000610100384,"CORPORATION TOILET",PUBLIC,61,"NESAVALAR STREET",1000610800012
1000610100526,"CORPORATION BOYS HOSTEL",OTHERS,61,"KAMBAN NAGAR",1000610800010
1000610100895,"CORPORATION BOYS HOSTEL",OTHERS,61,"NOYYAL NAGAR",1000610800008
1000610101074,"CORPORATION BOYS HOSTEL",OTHERS,61,"M G R NAGAR",1000610800011
1000610101084,"CORPORATION GIRLS HOSTEL",OTHERS,61,"M G R NAGAR",1000610800013
1000610101291,"CORPORATION BUILDING",COMMERCIAL,61,"ASTHANTHARA STREET",1000610800004
1000610101793,"SINGANALLUR ANNA PLAY GROUND","PLAY GROUND",61,"SIVA SRI GARDEN",1000610800003
1000610102508,"SINGANALLUR CORPORATION BURIAL GROUND","BURIAL GROUND",61,"TRICHY ROAD",1000610800002
1000610102683,"CORPORATION SCHOOL",EDUCATIONAL,61,"ASTHANTHARA STREET",1000610800001
1000620100147,"GANDHI PARK",PARK,62,"KRISHNA GARDENS",1000620800002
1000620100291,"CHILD PLAY SCHOOL",EDUCATIONAL,62,"IYAR LAYOUT",1000620800005
1000620100319,"CORPORATION SCHOOL",EDUCATIONAL,62,"IYAR LAYOUT FOURTH STREET",1000620800004
1000620100395,"CORPORATION TOILET",PUBLIC,62,"VASANTHA MILL ROAD",1000620800003
1000620100471,"COIMBATORE CORPORATION SOCIETY",OTHERS,62,"NORTH STREET",1000620800006
1000620101110,"CORPORATION LAND",VACANT,62,"BALASUNDARAM LAYOUT",1000620800001
1000630100001,"CORPORATION SCHOOL",EDUCATIONAL,63,"BOYAR STREET",1000630800005
1000630100256,"CORPORATION SCHOOL",EDUCATIONAL,63,"PILLAIYAR KOVIL STREET",1000630800015
1000630100525,"CORPORATION PLAY SCHOOL",EDUCATIONAL,63,"TRICHY ROAD",1000630800006
1000630100542,"CORPORATION TOILET",PUBLIC,63,"VELLALORE ROAD",1000630800019
1000630100547,"H M GOVT GIRLS HIGH SCHOOL",EDUCATIONAL,63,"VELLALORE ROAD",1000630800018
1000630100875,"PUBLIC LIBRARY",PUBLIC,63,"BOYAR STREET",1000630800013
1000630100875,"M L A OFFICE",OFFICE,63,"BOYAR STREET",1000630800012
1000630100875,"DAILY MARKET","DAILY MARKET",63,"BOYAR STREET",1000630800011
1000630100875,"CORPORATION HEALTH CARE CENTER","HEALTH CENTRE",63,"BOYAR STREET",1000630800010
1000630100875,"CORPORATION WATER TAX OFFICE",OFFICE,63,"BOYAR STREET",1000630800009
1000630100875,"CORPORATION HOSPITAL",HOSPITAL,63,"BOYAR STREET",1000630800008
1000630100875,"EAST ZONAL OFFICE",OFFICE,63,"BOYAR STREET",1000630800007
1000630100878,"CORPORATION VETERINARY HOSPITAL",HOSPITAL,63,"UPPILYPALAYAM STREET",1000630800014
1000630100900,"CORPORATION TOILET",PUBLIC,63,"ASANTHA NAYAKAR STREET",1000630800016
1000630101082,"CORPORATION ELEMENTARY SCHOOL",EDUCATIONAL,63,"KALLIMADAI ROAD",1000630800017
1000630101130,"CORPORATION TOILET",PUBLIC,63,"ANAIYAN KADU ROAD",1000630800003
1000630101407,"CORPORATION TOILET",PUBLIC,63,"ANAIYAN KADU ROAD",1000630800002
1000630101413,"WATER TANK ROOM",OTHERS,63,"ANAIYAN KADU ROAD",1000630800001
1000630101440,"BOAT HOUSE",OTHERS,63,"TRICHY ROAD",1000630800004
1000640100034,"CORPORATION OFFICE",OFFICE,64,"KAMALA MILL KUTTAI",1000640800006
1000640100046,"CORPORATION COMMUNITY HALL","COMMUNITY HALL",64,"KAMALA MILL KUTTAI",1000640800005
1000640100681,"ASSISTANT ENGINEER OFFICE",OFFICE,64,"UPPILIPALAYAM MAIN ROAD",1000640800001
1000640100832,"UZHAVAR SANDHAI","DAILY MARKET",64,"TAMIL NADU HOUSING BOARD",1000640800010
1000640100832,"CORPORATION TOILET",PUBLIC,64,"TAMIL NADU HOUSING BOARD",1000640800009
1000640100911,"CORPORATION BUILDING",ABANDONED,64,"KAKKAN NAGAR",1000640800008
1000640100939,"CORPORATION TOILET",PUBLIC,64,"KAMALA MILL KUTTAI",1000640800007
1000640101355,"CO-OPERATIVE SOCIETY","COMMUNITY HALL",64,"SRINIVASA NAGAR",1000640800004
1000640101580,"TAX COLLECTION OFFICE",OFFICE,64,"TAMIL NADU HOUSING BOARD",1000640800003
1000640101580,"J.J.THIRUMANA MANDAPAM","MARRIAGE HALL",64,"TAMIL NADU HOUSING BOARD",1000640800002
1000650100006,"CORPORATION TOILET",PUBLIC,65,"MARIYAMMAN KOVIL STREET",1000650800001
1000650100046,"CORPORATION SCHOOL",EDUCATIONAL,65,"UDAYAMPALAYAM MAIN ROAD",1000650800007
1000650100087,"CORPORATION TOILET",PUBLIC,65,"ANNA NAGAR",1000650800006
1000650100093,"SAMUDHAYA KOODAM","COMMUNITY HALL",65,"UDAYAMPALAYAM MAIN ROAD",1000650800010
1000650100114,"CORPORATION BUILDING",RESIDENTIAL,65,"UDAYAMPALAYAM MAIN ROAD",1000650800005
1000650100508,"BURIAL GROUND","BURIAL GROUND",65,"KALLARAI STREET",1000650800003
1000650100510,"CORPORATION PARK",PARK,65,"ANNAI VELANKANI NAGAR",1000650800002
1000650100575,"CORPORATION TOILET",PUBLIC,65,"INDIRA NAGAR",1000650800011
1000650100758,"SAMUDHAYA KOODAM","COMMUNITY HALL",65,"INDRA NAGAR EAST SECOND STREET",1000650800009
1000650101252,"CORPORATION SCHOOL",EDUCATIONAL,65,"UDAYAMPALAYAM MAIN ROAD",1000650800008
1000650101404,"CORPORATION TOILET",PUBLIC,65,"KALLARAI STREET",1000650800004
1000650101571,"CORPORATION PARK",PARK,65,"BALADHANDAYUTHAM STREET",1000650800012
1000660100924,"CORPORATION BUILDING",COMMERCIAL,66,"ASHOK STREET",1000660800010
1000660101492,"CORPORATION PARK",PARK,66,"RAJIV GANDHI NAGAR",1000660800001
1000660101604,"CORPORATION TOILET",PUBLIC,66,"RAJIV GANDHI NAGAR",1000660800002
1000660101604,"CORPORATION TOILET",PUBLIC,66,"RAJIV GANDHI NAGAR",1000660800005
1000660101633,"CORPORATION PARK",PARK,66,"RAM GARDENS",1000660800003
1000660101729,"UDAYAMPALAYAM BURIAL GROUND","BURIAL GROUND",66,"NETHAJI LANE",1000660800007
1000660101784,"UDAYAMPALAYAM BURIAL GROUND","BURIAL GROUND",66,"RAJIV GANDHI NAGAR",1000660800004
1000660101856,"CORPORATION LIBRARY",PUBLIC,66,"ASHOK STREET",1000660800008
1000660101856,"HEALTH CARE CENTER","HEALTH CENTRE",66,"ASHOK STREET",1000660800009
1000660101953,"CORPORATION TOILET",PUBLIC,66,"NETHAJI MAIN ROAD",1000660800006
1000670100184,"SAMUDHAYA KOODAM","COMMUNITY HALL",67,"KRISHNASAMY NAGAR",1000670800005
1000670100398,"CORPORATION SCHOOL",EDUCATIONAL,67,"POOSARI MARIYAPPAN STREET",1000670800001
1000670100500,"CORPORATION OFFICE",OFFICE,67,"PERIYAR NAGAR",1000670800006
1000670100519,"CORPORTION MARRIGE HALL","MARRIAGE HALL",67,"NAGAPPAN STREET",1000670800004
1000670100794,"CORPORATION SCHOOL",EDUCATIONAL,67,"TRICHY ROAD",1000670800002
1000670100999,"CHILDRENS PARK",PARK,67,"T NAGAR",1000670800003
1000680100088,"CCMC PROPERTY",VACANT,68,"NANJUNDAPURAM ROAD",1000680800005
1000680100089,"CCMC PROPERTY",VACANT,68,"NANJUNDAPURAM ROAD",1000680800004
1000680100101,"CORPORATION BIRTH & DEATH REGISTER OFFICE",OFFICE,68,"RAMALINGA JYOTHI NAGAR",1000680800009
1000680100177,"CORPORATION PARK",PARK,68,"KANNIKA PARAMESHWARI LAYOUT",1000680800002
1000680100255,"CORPORATION PARK",PARK,68,"KANNIKA PARAMESHWARI LAYOUT",1000680800010
1000680100348,"CCMC PROPERTY",VACANT,68,"KANNIKA PARAMESHWARI LAYOUT",1000680800001
1000680100370,"CORPORATION RESIDENTIAL",RESIDENTIAL,68,"RAMALINGA JYOTHI NAGAR",1000680800003
1000680100435,"CORPORATION RESIDENTIAL",RESIDENTIAL,68,"RAMALINGA JYOTHI NAGAR",1000680800007
1000680100466,"VILLAGE ADMINSTRATIVE OFFICE",OFFICE,68,"MANIAM SUBRAMANIYAR STREET",1000680800016
1000680100493,"CORPORATION PUBLIC TOILET",PUBLIC,68,"SUBRAMANIAM ROAD",1000680800014
1000680100788,"PROPERTY WATER OFFICE",OFFICE,68,"RAMANATHAPURAM ROAD",1000680800015
1000680100854,"CORPORATION PUBLIC TOILET",PUBLIC,68,"PERUMAL KOVIL STREET",1000680800013
1000680100856,"CORPORATION WARD OFFICE",OFFICE,68,"RAMANATHAPURAM ROAD",1000680800008
1000680100856,"CORPORATION ELEMENTARY SCHOOL",EDUCATIONAL,68,"RAMANATHAPURAM ROAD",1000680800017
1000680100930,"CORPORATION TOILET",PUBLIC,68,"EIGHTY FEET ROAD",1000680800006
1000680101022,"CORPORATION SATHUNAVU KOODAM",EDUCATIONAL,68,"NANJUNDAPURAM ROAD",1000680800012
1000680101023,"CORPORATION BUILDING",COMMERCIAL,68,"NANJUNDAPURAM ROAD",1000680800011
1000690100026,"GOVERMANT HOSPITAL",HOSPITAL,69,"TRICHY ROAD",1000690800006
1000690100027,"GOVERMANT COMPLEX",COMMERCIAL,69,"TRICHY ROAD",1000690800007
1000690100029,"CORPORATION BUILDING",COMMERCIAL,69,"TRICHY ROAD",1000690800001
1000690100147,"CORPORATION BUILDING",COMMERCIAL,69,"SOWRIPALAYAM ROAD",1000690800002
1000690100165,"CORPORATION COMMUNITY HALL","COMMUNITY HALL",69,"PANKAJA MILLS ROAD",1000690800003
1000690100166,"CORPORATION PLAY SCHOOL",EDUCATIONAL,69,"PANKAJA MILLS ROAD",1000690800009
1000690100346,"CORPORATION COMPLEX","SHOPPING COMPLEX",69,"PANKAJA MILLS ROAD",1000690800004
1000690100347,"CORPORATION TOILET",PUBLIC,69,"SOWRIPALAYAM ROAD",1000690800005
1000690100686,"CORPORATION ELEMENTARY SCHOOL",EDUCATIONAL,69,"TRICHY ROAD",1000690800008
1000700100338,"CORPORATION RESIDENTIAL",RESIDENTIAL,70,"CORPORATION COLONY",1000700800002
1000700100338,"CORPORATION HEALTH CARE CENTER","HEALTH CENTRE",70,"CORPORATION COLONY",1000700800003
1000700100552,"CORPORATION ELEMENTARY SCHOOL",EDUCATIONAL,70,"SOWRIPALAYAM ROAD",1000700800001
1000700100642,"CORPORATION SCHOOL",EDUCATIONAL,70,"PULIYAKULAM ROAD",1000700800004
1000710100035,"CORPORATION PROPERTY",VACANT,71,"KAMARAJ ROAD",1000710800004
1000710100036,"CORPORATION PROPERTY",VACANT,71,"KAMARAJ ROAD",1000710800003
1000710100059,"BURIAL GROUND","BURIAL GROUND",71,"PULIYAKULAM ROAD",1000710800006
1000710100064,"BURIAL GROUND","BURIAL GROUND",71,PULIYAKULAM,1000710800002
1000710100224,"CORPORATION KALYANA MANDAPAM","MARRIAGE HALL",71,"SOURIMUTHU STREET",1000710800001
1000710100321,"BURIAL GROUND","BURIAL GROUND",71,"KAMARAJ ROAD",1000710800005
1000720100005,"VOC PARK",PARK,72,"V.O.C.PARK ROAD",1000720800005
1000720100006,"SECRETARY DISTRICT SPORTS COUNCIL",COMMERCIAL,72,"SRIKANTH EXTENSION",1000720800019
1000720100007,"CHILDRENS PARK",PARK,72,"KALESHWARA MILL ROAD",1000720800013
1000720100015,"COIMBATORE CORPORATION KALYANA MANDAPAM","MARRIAGE HALL",72,"UMA NAMA NAGAR 1",1000720800011
1000720100054,"VOC PARK",PARK,72,"L.I.C ROAD",1000720800004
1000720100054,"COIMBATORE CORPORATION ZOO",PARK,72,"L.I.C ROAD",1000720800003
1000720100055,"BADMINTON ASSOCIATION CLUB",PARK,72,"DR. NANJAPPA ROAD",1000720800008
1000720100090,"SECRETARY OFFICE COIMBATORE",OFFICE,72,"LIBRARY ROAD",1000720800001
1000720100092,"OFFICE OF THE DIVISIONAL ENGINEERS",COMMERCIAL,72,"L.I.C ROAD",1000720800002
1000720100188,"COIMBATORE CORPORATION HIGH SCHOOL",EDUCATIONAL,72,"DR. NANJAPPA ROAD",1000720800016
1000720100194,"COIMBATORE DISTRICT ELECTRICAL TRADERS ASSOCIATION",COMMERCIAL,72,"POLICE QUARTERS ROAD",1000720800012
1000720100222,"COIMBATORE CORPORATION PROPERTY",PUBLIC,72,"LIBRARY ROAD",1000720800009
1000720100244,"CBE CORP JAKMI MARKETING INDUSTRY",COMMERCIAL,72,"SRIKANTH EXTENSION",1000720800020
1000720100340,"VOC PARK",PARK,72,"V.O.C.PARK ROAD",1000720800010
1000720100343,"CBE DIST MILL LABOURS UNION",COMMERCIAL,72,"SOMASUNDARAM MILL ROAD",1000720800014
1000720100385,"THE COMMISSIONER OFFICE",OFFICE,72,"ADDIS ROAD",1000720800017
1000720100442,"DISTRICT MILL WORKER UNION",COMMERCIAL,72,"RANGA KONAR",1000720800018
1000720100471,"COIMBATORE DISTRICT MILL ANNA LABOURS ASSOCIATION",RESIDENTIAL,72,"SRIKANTH EXTENSION",1000720800022
1000720100535,"CORPORATION HOSPITAL",HOSPITAL,72,"SRIKANTH EXTENSION",1000720800021
1000720100609,"THE COMMISSIONER COIMBATORE",OFFICE,72,"CHELLAPPA GOUNDER STREET",1000720800006
1000720100689,"CSK TUBE CORPORATION",RESIDENTIAL,72,"CHELLAPPA GOUNDER STREET",1000720800007
1000720100837,"CORPORATION SHOPPING COMPLEX",COMMERCIAL,72,"RANGA KONAR",1000720800015
1000730100011,"CORPORATION TOILET",PUBLIC,73,"HIGHWAYS COLONY",1000730800002
1000730100013,"BIRTH & DEATH CERTIFICATE OFFICE",OFFICE,73,"RACECOURCE ROAD",1000730800005
1000730100033,"CORPORATION OFFICE",OFFICE,73,"AVINASHI ROAD",1000730800007
1000730100276,"CORPORATION ELEMENTARY SCHOOL",EDUCATIONAL,73,"SUNDARESA IYYAR LAYOUT",1000730800001
1000730100363,"CORPORATION PARK",PARK,73,"TRICHY ROAD",1000730800004
1000730100416,"CORPORATION TOILET",PUBLIC,73,"ESWARAN LAYOUT",1000730800003
1000730100678,"CORPORATION CENTRAL ZONE OFFICE",OFFICE,73,"TRAVELLERS BUNGALOW ROAD",1000730800006
1000740100026,"CORPORATION TOILET",PUBLIC,74,"BY PASS ROAD",1000740800002
1000740100733,"DISTRICT LIBRARY OFFICE",OFFICE,74,"KAMARAJ COLONY",1000740800003
1000740102174,"CORPORATION PARK",PARK,74,"J K GARDEN",1000740800001
1000750100019,"BURIAL GROUND","BURIAL GROUND",75,"WEST PUDUR",1000750800007
1000750101013,"CORPORATION SCHOOL",EDUCATIONAL,75,SARAMEDU,1000750800002
1000750101359,"CORPORATION TOILET",PUBLIC,75,"PADASALAI STREET",1000750800005
1000750101472,"CORPORATION LIBRARY",PUBLIC,75,"DEVANDRA STREET EAST",1000750800004
1000750101520,"M G R SATHUNAVU KOODAM",EDUCATIONAL,75,"PADASALAI STREET",1000750800003
1000750101552,"CORPORATION VETERINARY HOSPITAL",HOSPITAL,75,"PERUMAL KOVIL STREET",1000750800008
1000750101709,"CORPORATION TOILET",PUBLIC,75,"ARUMUGAM SANTHU",1000750800006
1000750101820,CREMATORIUM,CREMATORIUM,75,"KANNIMAR KOVIL STREET",1000750800001
1000760100607,"CORPORATION TOILET",PUBLIC,76,M.K.STREET,1000760800003
1000760102456,"CORPORATION CHILDRENS PARK",PARK,76,"TEXTOOL COLONY",1000760800002
1000760102897,"PUBLIC LIBRARY",PUBLIC,76,"VALLALAR NAGAR",1000760800001
1000770100005,"CORPORATION TOILET",PUBLIC,77,"RAMAMOORTHY ROAD",1000770800004
1000770100324,"CORPORATION TOILET",PUBLIC,77,"KARAUPPANNAN STREET",1000770800005
1000770100596,"CORPORATION PARK",PARK,77,"ARUL GARDEN",1000770800003
1000770100782,"SOCIETY AND MIDDAY MEALS DEPARTMENT",PUBLIC,77,"INDHRA NAGAR 2ND STREET",1000770800002
1000770101297,"CORPORATION TOILET",PUBLIC,77,"ANNAI INDRA NAGAR",1000770800006
1000770101388,"CORPORATION SCHOOL",EDUCATIONAL,77,"AYYAVUPANNADIES STREET",1000770800001
1000770101509,"CORPORATION PARK",PARK,77,"SHANMUGA NAGAR",1000770800007
1000780100001,"PRIMARY SCHOOL",EDUCATIONAL,78,"NORTH HOUSING UNIT",1000780800008
1000780100025,"CHILDRENS PARK CBE CORPORATION",PARK,78,"NORTH HOUSING UNIT",1000780800011
1000780100127,"SATHUNAVU KOODAM",OTHERS,78,"NORTH HOUSING UNIT",1000780800012
1000780100174,"CORPORATION HOSPITAL",HOSPITAL,78,"SELVAPURAM ROAD",1000780800005
1000780100175,"CORPORATION HOSPITAL",HOSPITAL,78,"SELVAPURAM ROAD",1000780800006
1000780100176,"CORPORATION SCHOOL",EDUCATIONAL,78,"SELVAPURAM MAIN ROAD",1000780800004
1000780100182,"CORPORATION BIRTH & DEATH REGISTER OFFICE",OFFICE,78,"SELVAPURAM MAIN ROAD",1000780800002
1000780100182,"CORPORATION COLLECTION CENTER",OFFICE,78,"SELVAPURAM MAIN ROAD",1000780800003
1000780100279,"CORPORATION BUILDING","UNDER CONSTRUCTION",78,"SELVAPURAM ROAD",1000780800014
1000780100326,"CORPORATION ELEMENTARY SCHOOL",EDUCATIONAL,78,"SELVAPURAM MAIN ROAD",1000780800001
1000780100363,"CORPORATION BUILDING",COMMERCIAL,78,"SELVAPURAM ROAD",1000780800007
1000780100368,"CORPORATION OFFICE",OFFICE,78,"NORTH HOUSING UNIT",1000780800013
1000780100400,"SATHUNAVU KOODAM",OTHERS,78,"NORTH HOUSING UNIT",1000780800010
1000780100467,PARK,PARK,78,"CHANDRASEKAR PURAM",1000780800009
1000790100589,"CORPORATION OFFICE",OFFICE,79,PONNAIYARAJAPURAM,1000790800001
1000790101387,"CORPORATION SCHOOL",EDUCATIONAL,79,"AA SCHEME ROAD",1000790800002
1000790101397,"CORPORATION GYM",OTHERS,79,"AA SCHEME ROAD",1000790800003
1000800100095,"CORPORATION SCHOOL",EDUCATIONAL,80,"THIYAGI KUMARAN STREET",1000800800004
1000800100174,"CORPORATION ANGANVADI",EDUCATIONAL,80,"THIYAGI KUMARAN STREET",1000800800003
1000800100379,"COIMBATORE CORPORATION STAND",VACANT,80,"RAJA STREET",1000800800001
1000800100437,"PLAY SCHOOL",EDUCATIONAL,80,"KARUPPANNAN STREET",1000800800005
1000800100442,"CORPORATION GIRLS HIGHER SECONDARY SCHOOL",EDUCATIONAL,80,"VEERASAMY SCHOOL ROAD",1000800800006
1000800100452,"CORPORATION WARD OFFICE",OFFICE,80,"THOMAS STREET(SUBBAYA STREET)",1000800800007
1000800100560,"CORPORATION SCHOOL",EDUCATIONAL,80,"RANGAI STREET",1000800800002
1000810100005,"CORPORATION COMPLEX","SHOPPING COMPLEX",81,"BIG BAZAR STREET",1000810800010
1000810100015,"VICTORIYA EDWARD HALL",OTHERS,81,"BIG BAZAR STREET",1000810800003
1000810100017,"CBE PWD OFFICE",OFFICE,81,"BIG BAZAR STREET",1000810800005
1000810100098,"CBE CORPORATION MAIN OFFICE",OFFICE,81,"BIG BAZAR STREET",1000810800004
1000810100132,"CCMC QUARTERS",RESIDENTIAL,81,"CMC COLONY",1000810800007
1000810100189,"CORPORATION MANDAPAM","MARRIAGE HALL",81,"SURIAN STREET",1000810800002
1000810100327,"CORPORATION BUILDING TIME ZONE(MANIKOONDU OFFICE)",OFFICE,81,"BIG BAZAR STREET",1000810800009
1000810100418,"CCMC QUARTERS",RESIDENTIAL,81,"CMC COLONY",1000810800006
1000810100419,"CORPORATION MARRIAGE HALL","MARRIAGE HALL",81,"THIRUMAL STREET",1000810800008
1000810100501,"COIMBATORE GIRLS HIGHER SECONDARY SCHOOL",EDUCATIONAL,81,"OPPANAKKARA STREET",1000810800001
1000820100001,"CORPORATION SCHOOL",EDUCATIONAL,82,"HAJI MOHAMMED STREET",1000820800003
1000820100172,"CORPORATION SCHOOL",EDUCATIONAL,82,"VINCENT ROAD",1000820800001
1000820100189,"CORPORATION SCHOOL",EDUCATIONAL,82,"L M STREET",1000820800002
1000820100203,"CORPORATION BUILDING",COMMERCIAL,82,"SUNGAM BY PASS ROAD",1000820800004
1000830100058,"COIMBATORE CORPORATION LIBRARY",PUBLIC,83,"SUBRI STREET",1000830800001
1000830100129,"CORPORATION VANIGA VYABARA THOLILLAR SANGAM",COMMERCIAL,83,"T K MARKET",1000830800003
1000830100147,"CORPORATION SCHOOL",EDUCATIONAL,83,"VAISYAL STREET",1000830800005
1000830100152,"THIYAGI KUMARAN MARKET","DAILY MARKET",83,"T K MARKET",1000830800002
1000830100156,ANGANVAADI,EDUCATIONAL,83,"VAIRAM STREET",1000830800008
1000830100384,"CORPORATION SCHOOL",EDUCATIONAL,83,"PAVALAM STREET - II",1000830800006
1000830100388,"MILK SOCIETY",COMMERCIAL,83,"MUTHU VINAYAGAR STREET",1000830800007
1000830100391,"CORPORATION TWO WHEELER PARKING",COMMERCIAL,83,"PAVALAM STREET - III",1000830800004
1000840100002,"CORPORATION SCHOOL",EDUCATIONAL,84,"MOHAMED KANI STREET",1000840800004
1000840100160,"CORPORATION PUBLIC TOILET",PUBLIC,84,"MOHAMED KANI STREET",1000840800005
1000840100161,"CORPORATION MARKET","DAILY MARKET",84,"RAMAR KOVIL STREET",1000840800003
1000840100206,"CORPORATION PUBLIC TOILET",PUBLIC,84,"PATTAKARA AYYASAMY KOVIL STREET",1000840800007
1000840100254,"CORPORATION PUBLIC TOILET",PUBLIC,84,"AYYASAMY KOVIL STREET",1000840800002
1000840100315,"CORPORATION PUBLIC TOILET",PUBLIC,84,"KAMPATTI COLONY ROAD",1000840800009
1000840100375,"SAMUDHAYA KOODAM","COMMUNITY HALL",84,"KAMPATTI COLONY ROAD",1000840800006
1000840100384,"CORPORATION ELEMENTARY SCHOOL",EDUCATIONAL,84,"RAMAR KOVIL STREET",1000840800001
1000840100403,"CORPORATION SHOPS",COMMERCIAL,84,"KAMPATTI COLONY HOUSING UNIT",1000840800013
1000840100405,"CORPORATION SHOPS",COMMERCIAL,84,"NADAR STREET",1000840800011
1000840100424,"GOVERMENT HOSPITAL",HOSPITAL,84,"VAISYAL STREET",1000840800015
1000840100565,"CORPORATION MOTOR SHED",COMMERCIAL,84,"PALAYAM THOTTAM FOURTH CROSS",1000840800010
1000840100615,"CORPORATION SHOPS",COMMERCIAL,84,"NADAR STREET",1000840800014
1000840100626,"CCMC KALYANA MANDABAM","MARRIAGE HALL",84,"DHARMARAJA KOVIL STREET",1000840800008
1000840100666,"CCMC BUILDING",RESIDENTIAL,84,"KAMPATTI COLONY HOUSING UNIT",1000840800012
1000850100519,"CHILDRENS PARK",PARK,85,"GOVINDASAMY LAYOUT",1000850800001
1000860100002,"SATHUNAVU KOODAM",OTHERS,86,"AADHI SAKTHI NAGAR",1000860800010
1000860100004,ANGANVAADI,EDUCATIONAL,86,"AZAD NAGAR 6",1000860800009
1000860100008,"COIMBATORE CORPORATION SCHOOL",EDUCATIONAL,86,"CHERAN NAGAR",1000860800014
1000860100496,"CORPORATION SEWERAGE OFFICE & QUARTERS",RESIDENTIAL,86,"BYPASS ROAD",1000860800002
1000860100501,"CORPORATION SEWERAGE OFFICE",OFFICE,86,"UKKADAM SOUTH HOUSING UNIT",1000860800006
1000860100516,"FISH MARKET","DAILY MARKET",86,"UKKADAM SOUTH HOUSING UNIT",1000860800004
1000860100518,"CORPORATION APARTMENT","UNDER CONSTRUCTION",86,"UKKADAM SOUTH HOUSING UNIT",1000860800005
1000860100974,"COIMBATORE ATHTHAR JAMATH SCHOOL",EDUCATIONAL,86,"M C R NAGAR",1000860800015
1000860101108,"CORPORATION TOILET",PUBLIC,86,"AZAD NAGAR",1000860800008
1000860101915,"CORPORATION TOILET",PUBLIC,86,"BILAL NAGAR",1000860800007
1000860101939,"FISH MARKET","DAILY MARKET",86,"UKKADAM SOUTH HOUSING UNIT",1000860800003
1000860101990,"CORPORATION  PRIMARY SCHOOL",EDUCATIONAL,86,"AADHI SAKTHI NAGAR",1000860800011
1000860102039,ANGANVAADI,EDUCATIONAL,86,"KALLAMEDU ROAD",1000860800013
1000860102078,ANGANVAADI,EDUCATIONAL,86,"KALLAMEDU ROAD",1000860800012
1000860102110,"BURIAL GROUND","BURIAL GROUND",86,"SELVAPURAM HOUSING UNIT",1000860800016
1000860102116,"CORPORATION ELEMENTARY SCHOOL",EDUCATIONAL,86,"KALLAMEDU ROAD",1000860800001
