Year,"Central Release ( In lakhs)","Total Funds Available including O.B ( In lakhs)","Expenditure on ( In lakhs) - Total","Expenditure on ( In lakhs) - Wages","Expenditure on ( In lakhs) - Material","Expenditure on ( In lakhs) - Administration","% Age of Expenditure Against Total Available Fund","% age of Expenditure on - Wages","% age of Expenditure on - Material","% age of Expenditure on - Administration"
2008-09,2993960,3739706.15,2725009.92,1820003.13,810089.26,94917.51,72.87,66.79,29.73,3.48
2009-10,3350661.09,4957919.45,3790522.78,2557932.28,1108448.71,124141.72,76.45,67.48,29.24,3.28
2010-11,3576895.33,5417214.25,3937727.05,2568652.93,1189108.96,179965.15,72.69,68.36,31.64,4.57
"2011-12 (P)",2918976.94,4880568.35,3707282.22,2430622.4,1065047.6,211612.15,75.96,69.53,30.47,5.71
"2012-13 (P)",3000995.55,4537374.43,3926767.98,2686191.46,1026565.73,214010.78,86.54,72.35,27.65,5.45
