"City Name","Zone Name","Ward Name","Ward No.","Total No. of households / establishments","Total no. of households and establishments covered through doorstep collection","HH covered with Source Seggeratation "
Shimla,NORTH,Bharari,1,1229,1229,1229
Shimla,NORTH,"Ruldu Bhatta",2,1584,1584,1584
Shimla,NORTH,Kaithu,3,1138,1138,1138
Shimla,NORTH,Annadale,4,1130,1130,1130
Shimla,NORTH,"Summer Hill",5,1105,1105,1105
Shimla,WEST,Totu,6,1160,1160,1160
Shimla,WEST,Majiath,7,888,888,888
Shimla,WEST,Boileauganj,8,855,855,855
Shimla,WEST,"Kachi Ghati",9,1180,1180,1180
Shimla,WEST,"Tuti Kandi",10,1024,1024,1024
Shimla,WEST,Nabha,11,1087,1087,1087
Shimla,WEST,Phagli,12,964,964,964
Shimla,WEST,"Krishna Nagar",13,1065,1065,1065
Shimla,WEST,"Ram Bazar",14,1300,1300,1300
Shimla,EAST,"Lower Bazar",15,1065,1065,1065
Shimla,EAST,Jakhu,16,945,945,945
Shimla,EAST,Benmore,17,805,805,805
Shimla,EAST,"Engine Ghar",18,1315,1315,1315
Shimla,EAST,"Sanjauli Chowk",19,1648,1648,1648
Shimla,EAST,Dhalli,20,712,712,712
Shimla,EAST,Mashobra,21,1418,1418,1418
Shimla,EAST,"Shanti Vihar",22,1470,1470,1470
Shimla,EAST,"Bhatta Kufar",23,1090,1090,1090
Shimla,EAST,Sangti,24,1352,1352,1352
Shimla,EAST,Malyana,25,1573,1573,1573
Shimla,SOUTH,"Pantha Ghatti",26,905,905,905
Shimla,SOUTH,Kasumpti,27,995,995,995
Shimla,SOUTH,"Chotta Shimla",28,1025,1025,1025
Shimla,SOUTH,"Vikas Nagar",29,1867,1867,1867
Shimla,SOUTH,"Kangna Dhar",30,700,700,700
Shimla,SOUTH,Pateog,31,1332,1332,1332
Shimla,SOUTH,"New Shimla",32,1130,1130,1130
Shimla,SOUTH,Khalini,33,1713,1713,1713
Shimla,SOUTH,Kanlog,34,1455,1455,1455
