Year,"Total Works Takenup","Work (Assests) completed - Rural Connectivity","Work (Assests) completed - Flood Control and Protection","Work (Assests) completed - Water Conservation and Water Harvesting","Work (Assests) completed - Drought Proofing","Work (Assests) completed - Micro Irrigation Works","Work (Assests) completed - Provision of Irrigation facility to Land Owned by","Work (Assests) completed - Renovation of Traditional Water bodies","Work (Assests) completed - Land Development","Work (Assests) completed - Any Other activity Approved by MRD","Work (Assests) completed - Rajiv Gandhi Seva Kendra","Work (Assests) completed - Total","% Age of Works Completed"
2008-09,2774660,225067,62554,248167,75443,66173,238088,92519,189517,16639,NA,1214167,43.8
2009-10,4617032,355022,95954,629833,115885,151655,360831,162762,342465,45075,NA,2259482,48.9
2010-11,5098990,458777,111054,537848,142963,232384,408582,236166,425494,35431,1723,2590422,50.8
"2011-12 (P)",8076599,617947,144138,632135,201913,259670,301715,135268,339711,119722,3515,2755734,34.1
"2012-13 (P)",10161798,389554,88718,398248,160441,136294,221978,150564,274674,117562,3059,1941092,19.1
