"Head of Account",2000-01,2004-05,2005-06,2006-07,2007-08,2008-09,2009-10,2010-11,2011-12,2012-13,2013-14,2014-15,2015-16
"1.Total Minor Head-Other Receipts except Deduct Refund",8326,705,0,14354,169829,23628,4695,3911861,3356994,3006835,5029772,2284350,4484867
"1.1 Sale proceeds of TDS books",285,0,0,14354,96,10716,4695,3911031,397923,0,0,0,0
"1.2 Penalties under sec.271(1)(C) of the I.T.Act,1961",0,0,0,0,0,0,0,0,0,0,0,0,0
"1.3 Penalties other than under Sec.271 (1)(C) of I.T.Act, 1961",0,0,0,0,0,0,0,0,0,0,0,0,0
"1.4 Interest Recoveries",0,0,0,0,0,0,0,0,2959063,3006835,5029772,2284350,4484867
"1.5 Other items(includes the proceed if any by way of Excess Profits Tax, Business Profit Tax, Super Tax and Super Profit Tax)",8041,705,0,0,169733,12912,0,830,9,0,0,0,0
"1.6 C.T.D.S.",0,0,0,0,0,0,0,0,0,0,0,0,0
"1.7 Deduct Refunds",NA,NA,NA,NA,NA,NA,NA,NA,NA,NA,NA,NA,NA
"1.8 Net Receipts",8326,705,0,14354,169829,23628,4695,3911861,3356994,3006835,5029772,2284350,4484867
"2.Total Minor Head-Income Tax on Companies except Deduct Refunds",407798121,962287312,1134990029,1571718947,2021010321,2137502888,2546322682,3171399882,3476669019,3791109470,4076039954,4516800123,4617239186
"2.1 Advance Payment of Tax",252667579,739343425,680133799,965679851,1281054396,1226969477,1487906082,1842631088,2088862600,2324672551,2453496310,2721925741,2940655050
"2.2 Collection from Self Assessment",26394753,48146717,55486683,69534248,114550534,184514779,201584362,230562181,136323824,187304877,188520865,230250501,220787661
"2.3 Collection from Regular Assessment",68912866,28881774,186239064,247251794,185185607,126330314,249951848,419161229,400293927,538738614,604258614,686043833,515182416
"2.4 Deduction from Intt. on securities under Section 193 of I.T.Act.1961",9141645,11000619,11604289,15845312,12522508,8204931,5328230,4435722,14029178,4029345,4039705,6697990,6664022
"2.5 Deduction from Interest Payments other than Interest on Securities under Sec. 194-A of the Income Tax Act, 1961",17683494,54635799,77511417,108748357,159775596,211368285,207116306,201681985,128094930,111766405,134592185,144039288,149316039
"2.6 Deduction from Dividends under Sec194 of I.T.Act,1961 Deductions under Sec.195 of Income Tax Act,1961 and other Deductions at source",13886584,27204512,33661681,43502186,56374536,3088800,2175285,1972558,18418050,906180,586332,613860,1855639
"2.7 Deductions from Payment to Non-resident sportsmen/sports association under Sec.194-E I.T. Act,1961",76705,46015,466751,132823,87459,99376,118851,140277,205455,-61057,133093,196947,163789
"2.8 Deductions from Winning from Horse Races under Sec. 194-BB of Income Tax Act,1961",1775,58833,62272,179958,97827,111630,145657,119577,179226,86125,88605,105873,166307
"2.9 Deductions from Payment to Insurance Commission etc. under Sec.194-D of the Income Tax Act,1961",64572,1148591,2897882,3954984,5823560,7042143,6095451,5228623,5811679,6922947,7847220,8524078,8818929
"2.10 Deductions from Payment to contractors and Sub-Contractors under Sec.194-C of the I.T.Act,1961",9819388,20201142,35485026,46429725,65433495,86042995,93842406,120752449,113918025,147792105,150416680,160410902,194011298
"2.11 Deductions from Prize Winning from lotteries and Cross word Puzzles under Section 194-B of the Income Tax Act 1961",101951,1345986,530228,2351916,2512652,408218,496874,407049,10656673,348850,765955,454366,284789
"2.13 Collection at source under Sec.206-C of the Income Tax Act 1961 from Alcoholic Liquor sales",77389,394898,295991,366016,110825,1551846,1827822,2588197,3929257,4382996,4314318,4486981,4388817
"2.14 Collection at source under Sec.206-C of the Income Tax Act 1961 from forest produce sales",12165,122121,85703,93617,29161,83706,141795,177751,50356,0,1,0,127
"2.15 Deduction of Income Tax from Income from foreign currency Bonds or Shares of Indian company under Sec.196-C of I.T. Act, 1961",64310,32523,123310,231310,102760,167348,155074,707887,29249220,1112223,126430,136506,105905
"2.16 Collection from Addl. I. Tax under Section 143(1A) of I.T. Act, 1961.",34006,0,0,0,3615,3543,2718643,5750,349565,0,0,0,0
"2.17 Deduction from Comm. Brokerage etc. under Sec.194-H of I.T. Act, 1961",1663,3746394,6452322,8009597,14699353,20830227,19851246,22847783,21525880,27210100,30039219,31500137,32378370
"2.18 Deduction of Income Tax unit reffrd. To under section 115-AB & 196-B",590142,102555,122960,200507,498745,100615,34687,59429,3800226,21183,10522,2262,14091
"2.19 Deduction From Comm., etc. on sale of lottery under section 194-G of ITA.",5684,161614,123168,100738,96967,58034,31413,55914,198764,20680,35791,23333,39817
"2.20 Deduction of I. Tax from Rent under Section 194-I I.T.Act 1961",3326063,9387333,15017036,26372641,45178226,64588834,56167299,52342663,61118341,66421465,74828686,79596700,78834992
"2.21 Deduction of Income Tax from fees for professional or technical services under Section 194-J of I.T.Act 1961",3220715,11556258,19426225,26404915,71376372,114878984,122775003,164136847,181098396,221954263,252265766,259636807,288963163
"2.22 Deduction of Income Tax income in respect of units of a Mutual Fund under Section 194-K of I.T.Act 1961",4920,47098,46234,8785,10158,28012,11043,54379,21726,20,9,86,0
"2.23 Central Tax Deduction at source",0,0,0,0,0,0,0,0,0,0,0,0,0
"2.24 Add-adjustment as per Para 5.3.3 of C.A.M.",0,0,0,0,0,0,0,0,0,0,0,0,0
"2.25 Deduction from Payments of Compensation on Acquisition of certain immovable property under SEC. 194-LA of I.T. Act",0,0,859,61632,767,0,192,9,124944,215109,154616,311115,772353
"2.26 Collection at Source under Section 206-C of I.T. Act.61 from Liquor for Human Consumption and Tendu Leaves.",0,0,378217,401523,911206,397477,13096,18110,30373,21017,18308,36549,79506
"2.27 Collection at source under Sec206-c of I.T Act.61 from Timber obtained under forest lease",0,0,327738,41695,43304,37949,1943,114581,291216,30317,27840,25210,27744
"2.28 Collection at source under Sec206-C of I.T Act.61 from any other Forest Product (not being timber leaves)",0,0,15075,5771,9268,2429,199,76,79857470,9863,17089,90104,58056
"2.29 Collection at Source under section206-C of I.T. Act 61 from Scrap",0,0,610844,678507,282051,484427,502844,597354,838383,1173193,1197759,1293706,1204619
"2.30 Collection at Source under Section206-C of I.T.Act,61 from Contractors or Licensee or Lease relating to Parking Lots.",0,0,16431,31907,64399,72903,37254,73818,43187,37485,46378,46667,56050
"2.31 Collection at Source under Section206-C of I.T.Act,61 from Contractors or Licensee or Lease relating to Toll Plaza.",0,0,6020,8898,18440,28899,44831,75776,729518,371614,470654,679995,669618
"2.32 Collection at Source under Section206-C of I.T.Act,61 from Contractors or Licensee or Lease relating to Mining & Quarrying",0,0,1390,46336,45286,63024,139262,258456,339073,925226,776963,581024,625363
"2.33 Collection at Source under Section206-C of I.T.Act,61 from Timber obtained by any mode other than Forest Lease",0,0,3922925,23453,36205,14316,821,37,132913,219409,248135,224867,243163
"2.34 Deduct Refunds",93516488,225092063,235601755,306170780,310303659,289092719,434368340,565788223,687961122,638210644,671728736,840468258,809627311
"2.35 Net Receipts",314281633,737195249,899388274,1265548167,1710706662,1848410169,2111954342,2605611659,2788707897,3152898826,3404311218,3676331865,3807611875
"3.Total Minor Head-Sur Tax except Deduct Refunds",49,0,0,0,0,0,0,91,185251,1,4291,1,0
"3.1 All Collections",49,0,0,0,0,0,0,91,185251,1,4291,1,0
"3.2 Deduct Refunds",0,0,0,0,0,0,0,0,93958,0,0,0,0
"3.3 Net Receipts",49,0,0,0,0,0,0,91,91293,1,4291,1,0
"4.Total Minor Head-Surcharge except Deduct Refunds",12745380,26281086,37299188,53330271,65189231,92638724,97684453,82094003,211246489,66397666,130071447,143020893,177540093
"4.1 Advance payment of Tax",7965935,21510706,27105051,36508684,43990755,56513730,66371966,59139348,195348927,49805094,99403317,106360870,133800964
"4.2 Deduction of Tax at source",2378084,850983,3207914,6188858,11300486,21522409,14801896,1356002,2055873,870256,2069472,1868877,2582194
"4.3 Self assessment collection",646872,432271,414694,2139391,3112167,4484717,6502394,8169136,3417461,2374949,2664011,5013183,4366779
"4.4 All other collection",1754489,3487126,6571529,8493338,6785823,10117868,10008197,13429517,10424227,13347367,25934647,29777963,36790156
"4.5 Central Tax Deduction at source",0,0,0,0,0,0,0,0,0,0,0,0,0
"4.6 Deduct refunds",0,0,0,0,0,0,0,0,0,0,0,0,0
"4.7 Net Receipts",12745380,26281086,37299188,53330271,65189231,92638724,97684453,82094003,146257905,66397666,130071447,143020893,177540093
"5.Total Minor Head-Penalties",77397,228373,2770325,1019851,2923779,1764954,28472011,1440507,3971375,3084382,2032569,2142387,3319326
"5.1 Penalties under section 271 (1)(c) of the I.T.Act, 1961",30754,107138,2770315,1019839,2923779,1764954,28472011,1440446,3172729,3084382,2032569,2142387,3320358
"5.2 Penalties other than under section 271 (1)(c) of the I.T.Act, 1961",46643,121235,10,12,0,0,0,61,1,0,0,0,-1032
"6.Total Minor Head-Interest Recoveries",24612138,4916173,2396806,5219659,5465583,7018470,8967448,10390820,14756801,15417020,22265478,21601848,20002546
"6.1 Interest Recoveries",24612138,4916173,2396806,5219659,5465583,7018470,8967448,10390820,14756801,15417020,0,21601848,20002546
"7.Receipts under Kar Vivad Samadhan Scheme",11570,0,0,0,0,0,0,0,0,0,0,0,0
"8.Tax on distributed profits of domestic comp.",2724367,40882203,58013259,84545170,81977234,117210634,126150407,189948448,168396782,214911254,264637312,311251961,382061965
"9.Tax on distributed income to Unit Holders",2501796,4978025,3998919,3951803,4357580,3468146,1721442,3025835,2365569,1476792,2089083,3984238,3605478
"10.Primary Education Cess",0,11669549,6213932,28248807,37980481,41458712,47035688,57463141,64471732,67806228,74521245,81482494,84920672
"11. Secondary & Higher Education Cess",0,0,0,0,18895205,20676947,23514372,28686616,32141577,33807863,37151264,40634090,42118187
"12. Total Minor Heads [1 to 11]",356962656,826151363,1010080703,1441878082,1927665584,2132670384,2445504857,2982572981,3224517925,355880687,3942113679,4282734127,4525977235
"13. Receipts Awaiting Transfer to other Minor Heads",0,0,0,0,0,0,0,0,0,0,0,0,0
"14.ADD CTDS",0,644389,0,0,0,0,0,0,0,0,0,0,0
"Total Corporation Tax (based on 10 and 13 above)",356962656,826795752,1010080703,1441878082,1927665584,2132670384,2445504857,2982572981,3224517925,3558806867,3942113679,4282734127,4525977235
