StateName,DistrictName,BlockName,GramPanchayatName,IHHLTotalAsPerDetails,IHHLTotalAch,Date
Odisha,BALESWAR,BAHANAGA,ANJI,758,758,"7/22/2019 12:00:00 AM"
Odisha,BALESWAR,BAHANAGA,ARUHABAD,1169,1169,"7/22/2019 12:00:00 AM"
Odisha,BALESWAR,BAHANAGA,AVANA,741,741,"7/22/2019 12:00:00 AM"
Odisha,BALESWAR,BAHANAGA,BAHANAGA,1544,1544,"7/22/2019 12:00:00 AM"
Odisha,BALESWAR,BAHANAGA,BISHNUPUR,1251,1251,"7/22/2019 12:00:00 AM"
Odisha,BALESWAR,BAHANAGA,BORIPADA,2100,2100,"7/22/2019 12:00:00 AM"
Odisha,BALESWAR,BAHANAGA,CHAKJAGANNATHPUR,1166,1166,"7/22/2019 12:00:00 AM"
Odisha,BALESWAR,BAHANAGA,CHITTOL,1180,1180,"7/22/2019 12:00:00 AM"
Odisha,BALESWAR,BAHANAGA,DANDAHARIPUR,1909,1909,"7/22/2019 12:00:00 AM"
Odisha,BALESWAR,BAHANAGA,GOPALPUR,1739,1739,"7/22/2019 12:00:00 AM"
Odisha,BALESWAR,BAHANAGA,KALYANI,1376,1376,"7/22/2019 12:00:00 AM"
Odisha,BALESWAR,BAHANAGA,KASABAJAYAPUR,1788,1788,"7/22/2019 12:00:00 AM"
Odisha,BALESWAR,BAHANAGA,KHANTAPADA,2264,2264,"7/22/2019 12:00:00 AM"
Odisha,BALESWAR,BAHANAGA,KHARASAHAPUR,2185,2185,"7/22/2019 12:00:00 AM"
Odisha,BALESWAR,BAHANAGA,KOCHIAKOILI,946,946,"7/22/2019 12:00:00 AM"
Odisha,BALESWAR,BAHANAGA,KURUDA,684,684,"7/22/2019 12:00:00 AM"
Odisha,BALESWAR,BAHANAGA,NUAPUR,1209,1209,"7/22/2019 12:00:00 AM"
Odisha,BALESWAR,BAHANAGA,ODASAL,493,493,"7/22/2019 12:00:00 AM"
Odisha,BALESWAR,BAHANAGA,PANAPANA,2236,2236,"7/22/2019 12:00:00 AM"
Odisha,BALESWAR,BAHANAGA,PANDASUNI,1007,1007,"7/22/2019 12:00:00 AM"
Odisha,BALESWAR,BAHANAGA,PATHARPENTHA,1779,1779,"7/22/2019 12:00:00 AM"
Odisha,BALESWAR,BAHANAGA,SAHASPURA,923,923,"7/22/2019 12:00:00 AM"
Odisha,BALESWAR,BAHANAGA,SAUD,1790,1790,"7/22/2019 12:00:00 AM"
Odisha,BALESWAR,BAHANAGA,TALAKURUNIA,1015,1015,"7/22/2019 12:00:00 AM"
Odisha,BALESWAR,BALESHWAR,ALUMEDA,552,552,"7/22/2019 12:00:00 AM"
Odisha,BALESWAR,BALESHWAR,ANKO,916,916,"7/22/2019 12:00:00 AM"
Odisha,BALESWAR,BALESHWAR,BAHABALPUR,1443,1443,"7/22/2019 12:00:00 AM"
Odisha,BALESWAR,BALESHWAR,BAINCHA,985,985,"7/22/2019 12:00:00 AM"
Odisha,BALESWAR,BALESHWAR,BARDHANPUR,1004,1004,"7/22/2019 12:00:00 AM"
Odisha,BALESWAR,BALESHWAR,BUANL,1684,1684,"7/22/2019 12:00:00 AM"
Odisha,BALESWAR,BALESHWAR,CHANDIPUR,419,419,"7/22/2019 12:00:00 AM"
Odisha,BALESWAR,BALESHWAR,CHHANUA,2282,2282,"7/22/2019 12:00:00 AM"
Odisha,BALESWAR,BALESHWAR,DUBALGADI,1825,1825,"7/22/2019 12:00:00 AM"
Odisha,BALESWAR,BALESHWAR,GENGUTI,1583,1583,"7/22/2019 12:00:00 AM"
Odisha,BALESWAR,BALESHWAR,GOPINATHPUR,1706,1706,"7/22/2019 12:00:00 AM"
Odisha,BALESWAR,BALESHWAR,GUDU,1896,1896,"7/22/2019 12:00:00 AM"
Odisha,BALESWAR,BALESHWAR,HALADIPADA,1176,1176,"7/22/2019 12:00:00 AM"
Odisha,BALESWAR,BALESHWAR,HIDIGAN,1371,1371,"7/22/2019 12:00:00 AM"
Odisha,BALESWAR,BALESHWAR,JAYDEVKASABA,1145,1145,"7/22/2019 12:00:00 AM"
Odisha,BALESWAR,BALESHWAR,KASAFAL,1654,1654,"7/22/2019 12:00:00 AM"
Odisha,BALESWAR,BALESHWAR,KASIPADA,1531,1531,"7/22/2019 12:00:00 AM"
Odisha,BALESWAR,BALESHWAR,KHANNAGAR,1255,1255,"7/22/2019 12:00:00 AM"
Odisha,BALESWAR,BALESHWAR,KURADIHA,1145,1145,"7/22/2019 12:00:00 AM"
Odisha,BALESWAR,BALESHWAR,NAGRAM,1362,1362,"7/22/2019 12:00:00 AM"
Odisha,BALESWAR,BALESHWAR,ODANGI,971,971,"7/22/2019 12:00:00 AM"
Odisha,BALESWAR,BALESHWAR,OLANDASARGAN,2148,2148,"7/22/2019 12:00:00 AM"
Odisha,BALESWAR,BALESHWAR,PADMAPUR,1173,1173,"7/22/2019 12:00:00 AM"
Odisha,BALESWAR,BALESHWAR,PANCHUPADA,233,233,"7/22/2019 12:00:00 AM"
Odisha,BALESWAR,BALESHWAR,PARIKHI,3377,3377,"7/22/2019 12:00:00 AM"
Odisha,BALESWAR,BALESHWAR,PATRAPADA,1442,1442,"7/22/2019 12:00:00 AM"
Odisha,BALESWAR,BALESHWAR,RAISUAN,1105,1105,"7/22/2019 12:00:00 AM"
Odisha,BALESWAR,BALESHWAR,RANASAHI,1951,1951,"7/22/2019 12:00:00 AM"
Odisha,BALESWAR,BALESHWAR,RASALPUR,2291,2291,"7/22/2019 12:00:00 AM"
Odisha,BALESWAR,BALESHWAR,RASULPUR,1029,1029,"7/22/2019 12:00:00 AM"
Odisha,BALESWAR,BALESHWAR,"RUPSA SAMIL HASANPUR",594,594,"7/22/2019 12:00:00 AM"
Odisha,BALESWAR,BALESHWAR,SARAGAN,1644,1644,"7/22/2019 12:00:00 AM"
Odisha,BALESWAR,BALESHWAR,SARTHA,4193,4193,"7/22/2019 12:00:00 AM"
Odisha,BALESWAR,BALESHWAR,SASANG,1622,1622,"7/22/2019 12:00:00 AM"
Odisha,BALESWAR,BALESHWAR,SINDHIA,1977,1977,"7/22/2019 12:00:00 AM"
Odisha,BALESWAR,BALESHWAR,SRIKONA,1693,1693,"7/22/2019 12:00:00 AM"
Odisha,BALESWAR,BALESHWAR,SRIRAMAPUR,1634,1634,"7/22/2019 12:00:00 AM"
Odisha,BALESWAR,BALIAPAL,ALADIHA,1462,1462,"7/22/2019 12:00:00 AM"
Odisha,BALESWAR,BALIAPAL,ASTI,1773,1773,"7/22/2019 12:00:00 AM"
Odisha,BALESWAR,BALIAPAL,BADAS,1826,1826,"7/22/2019 12:00:00 AM"
Odisha,BALESWAR,BALIAPAL,BALARAMPUR,1256,1256,"7/22/2019 12:00:00 AM"
Odisha,BALESWAR,BALIAPAL,BALIAPAL,1224,1224,"7/22/2019 12:00:00 AM"
Odisha,BALESWAR,BALIAPAL,BALIKUTI,1609,1609,"7/22/2019 12:00:00 AM"
Odisha,BALESWAR,BALIAPAL,BANIADIHA,1809,1809,"7/22/2019 12:00:00 AM"
Odisha,BALESWAR,BALIAPAL,BETAGADIA,1936,1936,"7/22/2019 12:00:00 AM"
Odisha,BALESWAR,BALIAPAL,BISHNUPUR,2025,2025,"7/22/2019 12:00:00 AM"
Odisha,BALESWAR,BALIAPAL,BOLANG,1584,1584,"7/22/2019 12:00:00 AM"
Odisha,BALESWAR,BALIAPAL,CHAUMUKH,2144,2144,"7/22/2019 12:00:00 AM"
Odisha,BALESWAR,BALIAPAL,DAGARA,2089,2089,"7/22/2019 12:00:00 AM"
Odisha,BALESWAR,BALIAPAL,DEULA,1938,1938,"7/22/2019 12:00:00 AM"
Odisha,BALESWAR,BALIAPAL,DEVOG,1248,1248,"7/22/2019 12:00:00 AM"
Odisha,BALESWAR,BALIAPAL,GHANTUA,813,813,"7/22/2019 12:00:00 AM"
Odisha,BALESWAR,BALIAPAL,JAGATIPUR,2330,2330,"7/22/2019 12:00:00 AM"
Odisha,BALESWAR,BALIAPAL,JAMBHIRAI,1741,1741,"7/22/2019 12:00:00 AM"
Odisha,BALESWAR,BALIAPAL,JAMKUNDA,1830,1830,"7/22/2019 12:00:00 AM"
Odisha,BALESWAR,BALIAPAL,KUMBHARI,1006,1006,"7/22/2019 12:00:00 AM"
Odisha,BALESWAR,BALIAPAL,KUNDULI,1772,1772,"7/22/2019 12:00:00 AM"
Odisha,BALESWAR,BALIAPAL,MADHUPURA,2106,2106,"7/22/2019 12:00:00 AM"
Odisha,BALESWAR,BALIAPAL,NIKHIRA,1822,1822,"7/22/2019 12:00:00 AM"
Odisha,BALESWAR,BALIAPAL,NUAGAN,1629,1629,"7/22/2019 12:00:00 AM"
Odisha,BALESWAR,BALIAPAL,PANCHUPALI,1421,1421,"7/22/2019 12:00:00 AM"
Odisha,BALESWAR,BALIAPAL,PRATAPPUR,1503,1503,"7/22/2019 12:00:00 AM"
Odisha,BALESWAR,BALIAPAL,RATEI,1361,1361,"7/22/2019 12:00:00 AM"
Odisha,BALESWAR,BALIAPAL,SAUDI,886,886,"7/22/2019 12:00:00 AM"
Odisha,BALESWAR,BALIAPAL,SRIRAMPUR,1520,1520,"7/22/2019 12:00:00 AM"
Odisha,BALESWAR,BASTA,BAHARDA,1297,1297,"7/22/2019 12:00:00 AM"
Odisha,BALESWAR,BASTA,BARUNAGADIA,1548,1548,"7/22/2019 12:00:00 AM"
Odisha,BALESWAR,BASTA,BASUCHAKURI,558,558,"7/22/2019 12:00:00 AM"
Odisha,BALESWAR,BASTA,BRAHMANDA,1135,1135,"7/22/2019 12:00:00 AM"
Odisha,BALESWAR,BASTA,CHORMARA,1189,1189,"7/22/2019 12:00:00 AM"
Odisha,BALESWAR,BASTA,DARADA,2258,2258,"7/22/2019 12:00:00 AM"
Odisha,BALESWAR,BASTA,DUDHAHANSA,1081,1081,"7/22/2019 12:00:00 AM"
Odisha,BALESWAR,BASTA,GADPADA,2104,2104,"7/22/2019 12:00:00 AM"
Odisha,BALESWAR,BASTA,IRDA,1934,1934,"7/22/2019 12:00:00 AM"
Odisha,BALESWAR,BASTA,KADRAYAN,1043,1043,"7/22/2019 12:00:00 AM"
Odisha,BALESWAR,BASTA,KAINAGARI,687,687,"7/22/2019 12:00:00 AM"
Odisha,BALESWAR,BASTA,KARUA,1181,1181,"7/22/2019 12:00:00 AM"
Odisha,BALESWAR,BASTA,KUDIA,1141,1141,"7/22/2019 12:00:00 AM"
Odisha,BALESWAR,BASTA,KULIDA,1221,1221,"7/22/2019 12:00:00 AM"
Odisha,BALESWAR,BASTA,MATHANI,1758,1758,"7/22/2019 12:00:00 AM"
Odisha,BALESWAR,BASTA,MUKULISI,1970,1970,"7/22/2019 12:00:00 AM"
Odisha,BALESWAR,BASTA,NABARA,1766,1766,"7/22/2019 12:00:00 AM"
Odisha,BALESWAR,BASTA,NAIKUDI,2078,2078,"7/22/2019 12:00:00 AM"
Odisha,BALESWAR,BASTA,NATAKATA,1972,1972,"7/22/2019 12:00:00 AM"
Odisha,BALESWAR,BASTA,PATRAJHADA,1819,1819,"7/22/2019 12:00:00 AM"
Odisha,BALESWAR,BASTA,PAUNSKULI,1137,1137,"7/22/2019 12:00:00 AM"
Odisha,BALESWAR,BASTA,PURUSOTTAMPUR,1133,1133,"7/22/2019 12:00:00 AM"
Odisha,BALESWAR,BASTA,PUTURA,2007,2007,"7/22/2019 12:00:00 AM"
Odisha,BALESWAR,BASTA,RAGHUNATHPUR,1851,1851,"7/22/2019 12:00:00 AM"
Odisha,BALESWAR,BASTA,ROUTPADA,1160,1160,"7/22/2019 12:00:00 AM"
Odisha,BALESWAR,BASTA,SADANANDAPUR,2060,2060,"7/22/2019 12:00:00 AM"
Odisha,BALESWAR,BASTA,SAHADA,1843,1843,"7/22/2019 12:00:00 AM"
Odisha,BALESWAR,BASTA,SANTOSHPUR,1700,1700,"7/22/2019 12:00:00 AM"
Odisha,BALESWAR,BASTA,SINGLA,1589,1589,"7/22/2019 12:00:00 AM"
Odisha,BALESWAR,BASTA,TADADA,1356,1356,"7/22/2019 12:00:00 AM"
Odisha,BALESWAR,BASTA,VELLORA,1226,1226,"7/22/2019 12:00:00 AM"
Odisha,BALESWAR,BHOGRAI,ANALIA,1935,1935,"7/22/2019 12:00:00 AM"
Odisha,BALESWAR,BHOGRAI,ARUHABRUTI,947,947,"7/22/2019 12:00:00 AM"
Odisha,BALESWAR,BHOGRAI,BAJITPUR,1389,1389,"7/22/2019 12:00:00 AM"
Odisha,BALESWAR,BHOGRAI,BALIM,898,898,"7/22/2019 12:00:00 AM"
Odisha,BALESWAR,BHOGRAI,BARBATIA,1950,1950,"7/22/2019 12:00:00 AM"
Odisha,BALESWAR,BHOGRAI,BAUNSADIHA,1134,1134,"7/22/2019 12:00:00 AM"
Odisha,BALESWAR,BHOGRAI,BHOGRAI,2318,2318,"7/22/2019 12:00:00 AM"
Odisha,BALESWAR,BHOGRAI,DAHUNDA,1696,1696,"7/22/2019 12:00:00 AM"
Odisha,BALESWAR,BHOGRAI,DARUHA,980,980,"7/22/2019 12:00:00 AM"
Odisha,BALESWAR,BHOGRAI,DEHURDA,1826,1826,"7/22/2019 12:00:00 AM"
Odisha,BALESWAR,BHOGRAI,DEULA,2048,2048,"7/22/2019 12:00:00 AM"
Odisha,BALESWAR,BHOGRAI,DURPAL,1749,1749,"7/22/2019 12:00:00 AM"
Odisha,BALESWAR,BHOGRAI,GABAGAN,1235,1235,"7/22/2019 12:00:00 AM"
Odisha,BALESWAR,BHOGRAI,"GOCHIDA TEGHARI",1056,1056,"7/22/2019 12:00:00 AM"
Odisha,BALESWAR,BHOGRAI,GOPINATHPUR,1323,1323,"7/22/2019 12:00:00 AM"
Odisha,BALESWAR,BHOGRAI,GUNEIBASAN,2617,2617,"7/22/2019 12:00:00 AM"
Odisha,BALESWAR,BHOGRAI,GUNSARTHA,1921,1921,"7/22/2019 12:00:00 AM"
Odisha,BALESWAR,BHOGRAI,HUGULI,1844,1844,"7/22/2019 12:00:00 AM"
Odisha,BALESWAR,BHOGRAI,JAGANNATHPUR,960,960,"7/22/2019 12:00:00 AM"
Odisha,BALESWAR,BHOGRAI,JALESWARPUR,1201,1201,"7/22/2019 12:00:00 AM"
Odisha,BALESWAR,BHOGRAI,JALSOHARIA,1303,1303,"7/22/2019 12:00:00 AM"
Odisha,BALESWAR,BHOGRAI,JAYARAMPUR,2130,2130,"7/22/2019 12:00:00 AM"
Odisha,BALESWAR,BHOGRAI,KACHUADI,791,791,"7/22/2019 12:00:00 AM"
Odisha,BALESWAR,BHOGRAI,KAKHADA,1619,1619,"7/22/2019 12:00:00 AM"
Odisha,BALESWAR,BHOGRAI,KANTHIBHAUNRI,2043,2043,"7/22/2019 12:00:00 AM"
Odisha,BALESWAR,BHOGRAI,"KASABA KAMARDA",1717,1717,"7/22/2019 12:00:00 AM"
Odisha,BALESWAR,BHOGRAI,KHARIDPIPAL,1129,1129,"7/22/2019 12:00:00 AM"
Odisha,BALESWAR,BHOGRAI,KULIDA,1053,1053,"7/22/2019 12:00:00 AM"
Odisha,BALESWAR,BHOGRAI,KUMBHARMULI,355,355,"7/22/2019 12:00:00 AM"
Odisha,BALESWAR,BHOGRAI,KUMBHIRGADI,1605,1605,"7/22/2019 12:00:00 AM"
Odisha,BALESWAR,BHOGRAI,KUSUDA,791,791,"7/22/2019 12:00:00 AM"
Odisha,BALESWAR,BHOGRAI,MAHAGAB,1453,1453,"7/22/2019 12:00:00 AM"
Odisha,BALESWAR,BHOGRAI,MAHESHPUR,1434,1434,"7/22/2019 12:00:00 AM"
Odisha,BALESWAR,BHOGRAI,MANDARSAHI,1596,1596,"7/22/2019 12:00:00 AM"
Odisha,BALESWAR,BHOGRAI,NACHINDA,2716,2716,"7/22/2019 12:00:00 AM"
Odisha,BALESWAR,BHOGRAI,NAHARA,1201,1201,"7/22/2019 12:00:00 AM"
Odisha,BALESWAR,BHOGRAI,"NARAYAN MOHANTY PADIA",1871,1871,"7/22/2019 12:00:00 AM"
Odisha,BALESWAR,BHOGRAI,NIMATPUR,1257,1257,"7/22/2019 12:00:00 AM"
Odisha,BALESWAR,BHOGRAI,PANISANDA,1049,1049,"7/22/2019 12:00:00 AM"
Odisha,BALESWAR,BHOGRAI,PASARBINDHA,948,948,"7/22/2019 12:00:00 AM"
Odisha,BALESWAR,BHOGRAI,PUTINA,1213,1213,"7/22/2019 12:00:00 AM"
Odisha,BALESWAR,BHOGRAI,RASOLPUR,2234,2234,"7/22/2019 12:00:00 AM"
Odisha,BALESWAR,BHOGRAI,SAHABAJIPUR,1076,1076,"7/22/2019 12:00:00 AM"
Odisha,BALESWAR,BHOGRAI,SANKHARI,2436,2436,"7/22/2019 12:00:00 AM"
Odisha,BALESWAR,BHOGRAI,SIANROI,912,912,"7/22/2019 12:00:00 AM"
Odisha,BALESWAR,BHOGRAI,SOHARIA,1209,1209,"7/22/2019 12:00:00 AM"
Odisha,BALESWAR,BHOGRAI,SRADDHAPUR,1361,1361,"7/22/2019 12:00:00 AM"
Odisha,BALESWAR,BHOGRAI,SULTANPUR,995,995,"7/22/2019 12:00:00 AM"
Odisha,BALESWAR,BHOGRAI,SUNADHARABASAN,689,689,"7/22/2019 12:00:00 AM"
Odisha,BALESWAR,BHOGRAI,TUKURIHAZIRA,1883,1883,"7/22/2019 12:00:00 AM"
Odisha,BALESWAR,JALESWAR,ARUHA,1010,1010,"7/22/2019 12:00:00 AM"
Odisha,BALESWAR,JALESWAR,BAIGANBADIA,1727,1727,"7/22/2019 12:00:00 AM"
Odisha,BALESWAR,JALESWAR,BARADIHA,1511,1511,"7/22/2019 12:00:00 AM"
Odisha,BALESWAR,JALESWAR,BARTANA,1978,1978,"7/22/2019 12:00:00 AM"
Odisha,BALESWAR,JALESWAR,CHAMARGAN,2126,2126,"7/22/2019 12:00:00 AM"
Odisha,BALESWAR,JALESWAR,"D.P. PUR",1602,1602,"7/22/2019 12:00:00 AM"
Odisha,BALESWAR,JALESWAR,"GADASAHI BALIAPAL",501,501,"7/22/2019 12:00:00 AM"
Odisha,BALESWAR,JALESWAR,GOBARGHATA,1567,1567,"7/22/2019 12:00:00 AM"
Odisha,BALESWAR,JALESWAR,GOPIMOHANPUR,1667,1667,"7/22/2019 12:00:00 AM"
Odisha,BALESWAR,JALESWAR,JHADPIPAL,1171,1171,"7/22/2019 12:00:00 AM"
Odisha,BALESWAR,JALESWAR,"K.M. SAHI",1911,1911,"7/22/2019 12:00:00 AM"
Odisha,BALESWAR,JALESWAR,KALAMA,1162,1162,"7/22/2019 12:00:00 AM"
Odisha,BALESWAR,JALESWAR,KALIKO,1764,1764,"7/22/2019 12:00:00 AM"
Odisha,BALESWAR,JALESWAR,KHALINA,1062,1062,"7/22/2019 12:00:00 AM"
Odisha,BALESWAR,JALESWAR,KHUARD,2333,2333,"7/22/2019 12:00:00 AM"
Odisha,BALESWAR,JALESWAR,KHULUDA,1172,1172,"7/22/2019 12:00:00 AM"
Odisha,BALESWAR,JALESWAR,KOTSAHI,1106,1106,"7/22/2019 12:00:00 AM"
Odisha,BALESWAR,JALESWAR,LAKSHMANNATH,1813,1813,"7/22/2019 12:00:00 AM"
Odisha,BALESWAR,JALESWAR,"M.N. PATANA",2054,2054,"7/22/2019 12:00:00 AM"
Odisha,BALESWAR,JALESWAR,MANKIDIA,1388,1388,"7/22/2019 12:00:00 AM"
Odisha,BALESWAR,JALESWAR,NACHHIMPUR,1911,1911,"7/22/2019 12:00:00 AM"
Odisha,BALESWAR,JALESWAR,NAMPO,1563,1563,"7/22/2019 12:00:00 AM"
Odisha,BALESWAR,JALESWAR,NETUA,1178,1178,"7/22/2019 12:00:00 AM"
Odisha,BALESWAR,JALESWAR,OLMARA,1406,1406,"7/22/2019 12:00:00 AM"
Odisha,BALESWAR,JALESWAR,PAIKASIDA,2254,2254,"7/22/2019 12:00:00 AM"
Odisha,BALESWAR,JALESWAR,PASCHIMBAD,2598,2598,"7/22/2019 12:00:00 AM"
Odisha,BALESWAR,JALESWAR,R.R.PUR,2270,2270,"7/22/2019 12:00:00 AM"
Odisha,BALESWAR,JALESWAR,RAIBANIA,1326,1326,"7/22/2019 12:00:00 AM"
Odisha,BALESWAR,JALESWAR,RAJPUR,2060,2060,"7/22/2019 12:00:00 AM"
Odisha,BALESWAR,JALESWAR,SAMPATIA,773,773,"7/22/2019 12:00:00 AM"
Odisha,BALESWAR,JALESWAR,SARADARBANDH,773,773,"7/22/2019 12:00:00 AM"
Odisha,BALESWAR,JALESWAR,SHYAMNAGAR,1085,1085,"7/22/2019 12:00:00 AM"
Odisha,BALESWAR,JALESWAR,SIKHARPUR,2148,2148,"7/22/2019 12:00:00 AM"
Odisha,BALESWAR,JALESWAR,SRIRAMPUR,1271,1271,"7/22/2019 12:00:00 AM"
Odisha,BALESWAR,JALESWAR,SUGO,1866,1866,"7/22/2019 12:00:00 AM"
Odisha,BALESWAR,KHAIRA,ACHUTIPUR,1245,1245,"7/22/2019 12:00:00 AM"
Odisha,BALESWAR,KHAIRA,"AMARI AGANIPUR",674,674,"7/22/2019 12:00:00 AM"
Odisha,BALESWAR,KHAIRA,ANTARA,1673,1673,"7/22/2019 12:00:00 AM"
Odisha,BALESWAR,KHAIRA,BADAJAYPUR,870,870,"7/22/2019 12:00:00 AM"
Odisha,BALESWAR,KHAIRA,BADANUAGAN,500,500,"7/22/2019 12:00:00 AM"
Odisha,BALESWAR,KHAIRA,BARADA,1102,1102,"7/22/2019 12:00:00 AM"
Odisha,BALESWAR,KHAIRA,BARTANA,2246,2246,"7/22/2019 12:00:00 AM"
Odisha,BALESWAR,KHAIRA,BAUNSAGADIA,1621,1621,"7/22/2019 12:00:00 AM"
Odisha,BALESWAR,KHAIRA,DAGARPADA,1435,1435,"7/22/2019 12:00:00 AM"
Odisha,BALESWAR,KHAIRA,DALANGA-II,830,830,"7/22/2019 12:00:00 AM"
Odisha,BALESWAR,KHAIRA,DUNGURA,1477,1477,"7/22/2019 12:00:00 AM"
Odisha,BALESWAR,KHAIRA,GADPOKHARI,1165,1165,"7/22/2019 12:00:00 AM"
Odisha,BALESWAR,KHAIRA,GAGANDHULI,1614,1614,"7/22/2019 12:00:00 AM"
Odisha,BALESWAR,KHAIRA,GARSANG,1307,1307,"7/22/2019 12:00:00 AM"
Odisha,BALESWAR,KHAIRA,GOLIHA,896,896,"7/22/2019 12:00:00 AM"
Odisha,BALESWAR,KHAIRA,GOVINDAPUR,1252,1252,"7/22/2019 12:00:00 AM"
Odisha,BALESWAR,KHAIRA,HARIPUR,1228,1228,"7/22/2019 12:00:00 AM"
Odisha,BALESWAR,KHAIRA,JALADA,1260,1260,"7/22/2019 12:00:00 AM"
Odisha,BALESWAR,KHAIRA,JHINKIRIA,2039,2039,"7/22/2019 12:00:00 AM"
Odisha,BALESWAR,KHAIRA,KAITHAGADIA,631,631,"7/22/2019 12:00:00 AM"
Odisha,BALESWAR,KHAIRA,KHAIRA,1024,1024,"7/22/2019 12:00:00 AM"
Odisha,BALESWAR,KHAIRA,KUPARI,1118,1118,"7/22/2019 12:00:00 AM"
Odisha,BALESWAR,KHAIRA,KURUNTA,1723,1723,"7/22/2019 12:00:00 AM"
Odisha,BALESWAR,KHAIRA,MAHATIPUR,1057,1057,"7/22/2019 12:00:00 AM"
Odisha,BALESWAR,KHAIRA,MAKHANPUR,1862,1862,"7/22/2019 12:00:00 AM"
Odisha,BALESWAR,KHAIRA,MANATRI,2354,2354,"7/22/2019 12:00:00 AM"
Odisha,BALESWAR,KHAIRA,NAHANGA,1102,1102,"7/22/2019 12:00:00 AM"
Odisha,BALESWAR,KHAIRA,NANDUR,974,974,"7/22/2019 12:00:00 AM"
Odisha,BALESWAR,KHAIRA,NAYAKHANDI,1412,1412,"7/22/2019 12:00:00 AM"
Odisha,BALESWAR,KHAIRA,PALASA,1293,1293,"7/22/2019 12:00:00 AM"
Odisha,BALESWAR,KHAIRA,RAPEYA,1109,1109,"7/22/2019 12:00:00 AM"
Odisha,BALESWAR,KHAIRA,RATINA,851,851,"7/22/2019 12:00:00 AM"
Odisha,BALESWAR,KHAIRA,SARDANG,1715,1715,"7/22/2019 12:00:00 AM"
Odisha,BALESWAR,KHAIRA,SARKONA,1149,1149,"7/22/2019 12:00:00 AM"
Odisha,BALESWAR,KHAIRA,SARUGAN,1590,1590,"7/22/2019 12:00:00 AM"
Odisha,BALESWAR,KHAIRA,SHYAMSUNDARPUR,1747,1747,"7/22/2019 12:00:00 AM"
Odisha,BALESWAR,KHAIRA,"SUNDHIRA GANDIBED",1264,1264,"7/22/2019 12:00:00 AM"
Odisha,BALESWAR,NILGIRI,AJODHYA,1761,1761,"7/22/2019 12:00:00 AM"
Odisha,BALESWAR,NILGIRI,ARBANDH,1425,1425,"7/22/2019 12:00:00 AM"
Odisha,BALESWAR,NILGIRI,BEGUNIA,726,726,"7/22/2019 12:00:00 AM"
Odisha,BALESWAR,NILGIRI,BERHAMPUR,1558,1558,"7/22/2019 12:00:00 AM"
Odisha,BALESWAR,NILGIRI,BHAUNRIABAD,1525,1525,"7/22/2019 12:00:00 AM"
Odisha,BALESWAR,NILGIRI,CHHATRAPUR,1367,1367,"7/22/2019 12:00:00 AM"
Odisha,BALESWAR,NILGIRI,DHARAMPUR,958,958,"7/22/2019 12:00:00 AM"
Odisha,BALESWAR,NILGIRI,DHOBASILA,2053,2053,"7/22/2019 12:00:00 AM"
Odisha,BALESWAR,NILGIRI,GARADIHI,1650,1650,"7/22/2019 12:00:00 AM"
Odisha,BALESWAR,NILGIRI,JADIDA,1066,1066,"7/22/2019 12:00:00 AM"
Odisha,BALESWAR,NILGIRI,JAMUDIHA,1757,1757,"7/22/2019 12:00:00 AM"
Odisha,BALESWAR,NILGIRI,"K,C.PUR",1601,1601,"7/22/2019 12:00:00 AM"
Odisha,BALESWAR,NILGIRI,"K.P. LAKHARAJ",1629,1629,"7/22/2019 12:00:00 AM"
Odisha,BALESWAR,NILGIRI,KANSA,1102,1102,"7/22/2019 12:00:00 AM"
Odisha,BALESWAR,NILGIRI,MACHHUA,828,828,"7/22/2019 12:00:00 AM"
Odisha,BALESWAR,NILGIRI,MAHISAPATA,1453,1453,"7/22/2019 12:00:00 AM"
Odisha,BALESWAR,NILGIRI,MATIALI,1265,1265,"7/22/2019 12:00:00 AM"
Odisha,BALESWAR,NILGIRI,NARANPUR,1134,1134,"7/22/2019 12:00:00 AM"
Odisha,BALESWAR,NILGIRI,NARASINGHPUR,1665,1665,"7/22/2019 12:00:00 AM"
Odisha,BALESWAR,NILGIRI,PITHAHATA,976,976,"7/22/2019 12:00:00 AM"
Odisha,BALESWAR,NILGIRI,RADHAKISHOREPUR,839,839,"7/22/2019 12:00:00 AM"
Odisha,BALESWAR,NILGIRI,SAJANAGARH,1773,1773,"7/22/2019 12:00:00 AM"
Odisha,BALESWAR,NILGIRI,SIADIMAL,966,966,"7/22/2019 12:00:00 AM"
Odisha,BALESWAR,NILGIRI,TELIPAL,1521,1521,"7/22/2019 12:00:00 AM"
Odisha,BALESWAR,NILGIRI,TENTULIA,758,758,"7/22/2019 12:00:00 AM"
Odisha,BALESWAR,OUPADA,AGHIRAPADA,1346,1346,"7/22/2019 12:00:00 AM"
Odisha,BALESWAR,OUPADA,BADAPOKHARI,1972,1972,"7/22/2019 12:00:00 AM"
Odisha,BALESWAR,OUPADA,BAUNSABANIA,1572,1572,"7/22/2019 12:00:00 AM"
Odisha,BALESWAR,OUPADA,"D.N. PUR",1085,1085,"7/22/2019 12:00:00 AM"
Odisha,BALESWAR,OUPADA,FATEPUR,2080,2080,"7/22/2019 12:00:00 AM"
Odisha,BALESWAR,OUPADA,GADASAHI,1091,1091,"7/22/2019 12:00:00 AM"
Odisha,BALESWAR,OUPADA,ISWARPUR,2289,2289,"7/22/2019 12:00:00 AM"
Odisha,BALESWAR,OUPADA,KANDAGARADI,2435,2435,"7/22/2019 12:00:00 AM"
Odisha,BALESWAR,OUPADA,"R.R. PUR",1075,1075,"7/22/2019 12:00:00 AM"
Odisha,BALESWAR,OUPADA,"S.S. PUR",3203,3203,"7/22/2019 12:00:00 AM"
Odisha,BALESWAR,OUPADA,TALAKIA,1887,1887,"7/22/2019 12:00:00 AM"
Odisha,BALESWAR,REMUNA,BADAPAL,1430,1430,"7/22/2019 12:00:00 AM"
Odisha,BALESWAR,REMUNA,BALIA,721,721,"7/22/2019 12:00:00 AM"
Odisha,BALESWAR,REMUNA,BARUNASING,2144,2144,"7/22/2019 12:00:00 AM"
Odisha,BALESWAR,REMUNA,BHIMPURA,663,663,"7/22/2019 12:00:00 AM"
Odisha,BALESWAR,REMUNA,BIRUAN,1995,1995,"7/22/2019 12:00:00 AM"
Odisha,BALESWAR,REMUNA,CHASAKHAND,2202,2202,"7/22/2019 12:00:00 AM"
Odisha,BALESWAR,REMUNA,DAHAPADA,1213,1213,"7/22/2019 12:00:00 AM"
Odisha,BALESWAR,REMUNA,DURGADEVI,1198,1198,"7/22/2019 12:00:00 AM"
Odisha,BALESWAR,REMUNA,GANDARDA,1020,1020,"7/22/2019 12:00:00 AM"
Odisha,BALESWAR,REMUNA,GANESWARPUR,406,406,"7/22/2019 12:00:00 AM"
Odisha,BALESWAR,REMUNA,GANIPUR,1968,1968,"7/22/2019 12:00:00 AM"
Odisha,BALESWAR,REMUNA,GUDUDA,1918,1918,"7/22/2019 12:00:00 AM"
Odisha,BALESWAR,REMUNA,HARIPUR,1233,1233,"7/22/2019 12:00:00 AM"
Odisha,BALESWAR,REMUNA,INCHUDI,809,809,"7/22/2019 12:00:00 AM"
Odisha,BALESWAR,REMUNA,KALYAPUR,1551,1551,"7/22/2019 12:00:00 AM"
Odisha,BALESWAR,REMUNA,KARANJIA,606,606,"7/22/2019 12:00:00 AM"
Odisha,BALESWAR,REMUNA,"KHARID MUKHURA",1866,1866,"7/22/2019 12:00:00 AM"
Odisha,BALESWAR,REMUNA,KULIGAN,1848,1848,"7/22/2019 12:00:00 AM"
Odisha,BALESWAR,REMUNA,KURUDA,1604,1604,"7/22/2019 12:00:00 AM"
Odisha,BALESWAR,REMUNA,MAHARAJPUR,991,991,"7/22/2019 12:00:00 AM"
Odisha,BALESWAR,REMUNA,MANDARPUR,1764,1764,"7/22/2019 12:00:00 AM"
Odisha,BALESWAR,REMUNA,MANGALPUR,1216,1216,"7/22/2019 12:00:00 AM"
Odisha,BALESWAR,REMUNA,NARAHARIPUR,1688,1688,"7/22/2019 12:00:00 AM"
Odisha,BALESWAR,REMUNA,NIZAMPUR,1261,1261,"7/22/2019 12:00:00 AM"
Odisha,BALESWAR,REMUNA,NUAGAN,1098,1098,"7/22/2019 12:00:00 AM"
Odisha,BALESWAR,REMUNA,NUAPADHI,1349,1349,"7/22/2019 12:00:00 AM"
Odisha,BALESWAR,REMUNA,PATRIPAL,1895,1895,"7/22/2019 12:00:00 AM"
Odisha,BALESWAR,REMUNA,REMUNA,1540,1540,"7/22/2019 12:00:00 AM"
Odisha,BALESWAR,REMUNA,SARASWATIPUR,1248,1248,"7/22/2019 12:00:00 AM"
Odisha,BALESWAR,REMUNA,SERGARH,1006,1006,"7/22/2019 12:00:00 AM"
Odisha,BALESWAR,REMUNA,SRIJANG,1495,1495,"7/22/2019 12:00:00 AM"
Odisha,BALESWAR,REMUNA,SRIKRUSHNAPUR,737,737,"7/22/2019 12:00:00 AM"
Odisha,BALESWAR,REMUNA,SUTEI,1100,1100,"7/22/2019 12:00:00 AM"
Odisha,BALESWAR,REMUNA,TALAPADA,1083,1083,"7/22/2019 12:00:00 AM"
Odisha,BALESWAR,REMUNA,TENTULIDA,1210,1210,"7/22/2019 12:00:00 AM"
Odisha,BALESWAR,REMUNA,TUNDRA,1334,1334,"7/22/2019 12:00:00 AM"
Odisha,BALESWAR,SIMULIA,ABJHUNA,1477,1477,"7/22/2019 12:00:00 AM"
Odisha,BALESWAR,SIMULIA,ADA,2212,2212,"7/22/2019 12:00:00 AM"
Odisha,BALESWAR,SIMULIA,ANANDAPUR,394,394,"7/22/2019 12:00:00 AM"
Odisha,BALESWAR,SIMULIA,ANDARAI,685,685,"7/22/2019 12:00:00 AM"
Odisha,BALESWAR,SIMULIA,BANGALPUR,656,656,"7/22/2019 12:00:00 AM"
Odisha,BALESWAR,SIMULIA,"BANGARA KHANDIGADIA",849,849,"7/22/2019 12:00:00 AM"
Odisha,BALESWAR,SIMULIA,BARI,1656,1656,"7/22/2019 12:00:00 AM"
Odisha,BALESWAR,SIMULIA,BATI,1456,1456,"7/22/2019 12:00:00 AM"
Odisha,BALESWAR,SIMULIA,BAURIPADA,1207,1207,"7/22/2019 12:00:00 AM"
Odisha,BALESWAR,SIMULIA,CHALUNIGAN,985,985,"7/22/2019 12:00:00 AM"
Odisha,BALESWAR,SIMULIA,ISWARPUR,1425,1425,"7/22/2019 12:00:00 AM"
Odisha,BALESWAR,SIMULIA,JAMUJHADI,1729,1729,"7/22/2019 12:00:00 AM"
Odisha,BALESWAR,SIMULIA,KANCHAPADA,1361,1361,"7/22/2019 12:00:00 AM"
Odisha,BALESWAR,SIMULIA,KANHEIBINDHA,1877,1877,"7/22/2019 12:00:00 AM"
Odisha,BALESWAR,SIMULIA,KHIRKONA,952,952,"7/22/2019 12:00:00 AM"
Odisha,BALESWAR,SIMULIA,MAITAPUR,1654,1654,"7/22/2019 12:00:00 AM"
Odisha,BALESWAR,SIMULIA,MARKONA,1211,1211,"7/22/2019 12:00:00 AM"
Odisha,BALESWAR,SIMULIA,MURUNA,1478,1478,"7/22/2019 12:00:00 AM"
Odisha,BALESWAR,SIMULIA,PAHITORANA,721,721,"7/22/2019 12:00:00 AM"
Odisha,BALESWAR,SIMULIA,PUROSOTTAMPUR,2129,2129,"7/22/2019 12:00:00 AM"
Odisha,BALESWAR,SIMULIA,SABANGA,1786,1786,"7/22/2019 12:00:00 AM"
Odisha,BALESWAR,SIMULIA,SHYAMSUNDARPUR,721,721,"7/22/2019 12:00:00 AM"
Odisha,BALESWAR,SORO,ANANTAPUR,2219,2219,"7/22/2019 12:00:00 AM"
Odisha,BALESWAR,SORO,ATTAPUR,1396,1396,"7/22/2019 12:00:00 AM"
Odisha,BALESWAR,SORO,BALANGA,1345,1345,"7/22/2019 12:00:00 AM"
Odisha,BALESWAR,SORO,DAHISADA,1658,1658,"7/22/2019 12:00:00 AM"
Odisha,BALESWAR,SORO,GOPINATHPUR,1688,1688,"7/22/2019 12:00:00 AM"
Odisha,BALESWAR,SORO,GUD,1039,1039,"7/22/2019 12:00:00 AM"
Odisha,BALESWAR,SORO,JADIDA,1128,1128,"7/22/2019 12:00:00 AM"
Odisha,BALESWAR,SORO,KEDARPUR,1834,1834,"7/22/2019 12:00:00 AM"
Odisha,BALESWAR,SORO,KESHARIPUR,1013,1013,"7/22/2019 12:00:00 AM"
Odisha,BALESWAR,SORO,MADHUSUIDANPUR,2828,2828,"7/22/2019 12:00:00 AM"
Odisha,BALESWAR,SORO,MAHUMUHAN,3322,3322,"7/22/2019 12:00:00 AM"
Odisha,BALESWAR,SORO,MANATRI,1871,1871,"7/22/2019 12:00:00 AM"
Odisha,BALESWAR,SORO,MANIPUR,2285,2285,"7/22/2019 12:00:00 AM"
Odisha,BALESWAR,SORO,MULISING,1923,1923,"7/22/2019 12:00:00 AM"
Odisha,BALESWAR,SORO,NADIGAN,983,983,"7/22/2019 12:00:00 AM"
Odisha,BALESWAR,SORO,NATAPADA,954,954,"7/22/2019 12:00:00 AM"
Odisha,BALESWAR,SORO,NISCHINTAPUR,991,991,"7/22/2019 12:00:00 AM"
Odisha,BALESWAR,SORO,PAKHARA,1556,1556,"7/22/2019 12:00:00 AM"
Odisha,BALESWAR,SORO,SABIRA,1447,1447,"7/22/2019 12:00:00 AM"
Odisha,BALESWAR,SORO,SAJANPUR,1293,1293,"7/22/2019 12:00:00 AM"
Odisha,BALESWAR,SORO,SARASAKHA,1067,1067,"7/22/2019 12:00:00 AM"
Odisha,BALESWAR,SORO,SINGAKHUNTA,1876,1876,"7/22/2019 12:00:00 AM"
Odisha,BALESWAR,SORO,TALANAGAR,1998,1998,"7/22/2019 12:00:00 AM"
Odisha,BALESWAR,SORO,TENTEI,1353,1353,"7/22/2019 12:00:00 AM"
