"Country/State/UT Name","District Name","Caste Category",Total/Rural/Urban,"Marital Status","Present Age","Total Ever/Currently Married Women","Ever/Currently Married Women of Parity - 0","Ever/Currently Married Women of Parity - 1","Ever/Currently Married Women of Parity - 2","Ever/Currently Married Women of Parity - 3","Ever/Currently Married Women of Parity - 4","Ever/Currently Married Women of Parity - 5+","Total Children Ever Born - Persons","Total Children Ever Born - Males","Total Children Ever Born - Females"
"West Bengal",Puruliya,"All Scheduled Castes",Rural,"Ever Married","All ages",109932,19854,16074,17964,17620,15115,23036,307160,160619,146541
"West Bengal",Puruliya,"All Scheduled Castes",Rural,"Ever Married","Less than 15",952,809,54,55,0,0,0,164,96,68
"West Bengal",Puruliya,"All Scheduled Castes",Rural,"Ever Married",15-19,10743,6326,3159,828,223,143,0,6056,3283,2773
"West Bengal",Puruliya,"All Scheduled Castes",Rural,"Ever Married",20-24,17501,4474,5200,4275,2199,925,387,26280,12953,13327
"West Bengal",Puruliya,"All Scheduled Castes",Rural,"Ever Married",25-29,17556,2243,2557,4338,4141,2474,1763,43347,21734,21613
"West Bengal",Puruliya,"All Scheduled Castes",Rural,"Ever Married",30-34,14280,1296,1145,2325,3426,2864,3217,46189,24225,21964
"West Bengal",Puruliya,"All Scheduled Castes",Rural,"Ever Married",35-39,12085,1051,830,1758,2331,2563,3529,43276,22207,21069
"West Bengal",Puruliya,"All Scheduled Castes",Rural,"Ever Married",40-44,9297,981,730,1129,1483,1742,3224,33855,17888,15967
"West Bengal",Puruliya,"All Scheduled Castes",Rural,"Ever Married",45-49,9070,784,606,1077,1423,1567,3590,35853,19073,16780
"West Bengal",Puruliya,"All Scheduled Castes",Rural,"Ever Married",50-54,6525,630,544,767,889,1016,2667,26262,13970,12292
"West Bengal",Puruliya,"All Scheduled Castes",Rural,"Ever Married",55-59,4479,474,437,423,493,764,1884,17825,9820,8005
"West Bengal",Puruliya,"All Scheduled Castes",Rural,"Ever Married",60-64,3499,401,406,441,433,566,1247,12834,7094,5740
"West Bengal",Puruliya,"All Scheduled Castes",Rural,"Ever Married",65-69,1925,190,153,246,308,267,760,7559,4025,3534
"West Bengal",Puruliya,"All Scheduled Castes",Rural,"Ever Married",70-74,1044,106,121,154,114,126,418,3964,2116,1848
"West Bengal",Puruliya,"All Scheduled Castes",Rural,"Ever Married",75-79,409,10,60,74,65,28,172,1741,1028,713
"West Bengal",Puruliya,"All Scheduled Castes",Rural,"Ever Married","80 +",409,31,53,54,71,58,141,1543,881,662
"West Bengal",Puruliya,"All Scheduled Castes",Rural,"Currently Married","All ages",93380,16341,13499,15414,15458,13147,19344,261875,136457,125418
"West Bengal",Puruliya,"All Scheduled Castes",Rural,"Currently Married","Less than 15",905,774,54,48,0,0,0,150,89,61
"West Bengal",Puruliya,"All Scheduled Castes",Rural,"Currently Married",15-19,10334,6026,3060,826,223,143,0,5953,3234,2719
"West Bengal",Puruliya,"All Scheduled Castes",Rural,"Currently Married",20-24,16948,4108,5072,4249,2189,918,376,25957,12832,13125
"West Bengal",Puruliya,"All Scheduled Castes",Rural,"Currently Married",25-29,16693,1842,2355,4212,4065,2453,1746,42483,21299,21184
"West Bengal",Puruliya,"All Scheduled Castes",Rural,"Currently Married",30-34,13390,942,965,2156,3332,2818,3172,44950,23571,21379
"West Bengal",Puruliya,"All Scheduled Castes",Rural,"Currently Married",35-39,10918,763,620,1436,2169,2453,3470,41131,21125,20006
"West Bengal",Puruliya,"All Scheduled Castes",Rural,"Currently Married",40-44,7955,668,464,881,1254,1624,3059,30953,16217,14736
"West Bengal",Puruliya,"All Scheduled Castes",Rural,"Currently Married",45-49,7159,518,347,770,1095,1298,3120,30070,15974,14096
"West Bengal",Puruliya,"All Scheduled Castes",Rural,"Currently Married",50-54,4377,299,245,433,590,692,2114,19596,10417,9179
"West Bengal",Puruliya,"All Scheduled Castes",Rural,"Currently Married",55-59,2348,213,154,175,240,387,1179,10319,5934,4385
"West Bengal",Puruliya,"All Scheduled Castes",Rural,"Currently Married",60-64,1222,98,79,114,126,238,566,5340,2960,2380
"West Bengal",Puruliya,"All Scheduled Castes",Rural,"Currently Married",65-69,605,20,45,56,118,51,315,2820,1541,1279
"West Bengal",Puruliya,"All Scheduled Castes",Rural,"Currently Married",70-74,242,20,7,30,33,40,111,1066,636,430
"West Bengal",Puruliya,"All Scheduled Castes",Rural,"Currently Married",75-79,74,1,12,2,1,8,50,362,240,122
"West Bengal",Puruliya,"All Scheduled Castes",Rural,"Currently Married","80 +",66,6,2,9,3,14,31,341,180,161
"West Bengal",Puruliya,"All Scheduled Castes",Urban,"Ever Married","All ages",12275,2744,1731,2032,1817,1557,2361,31793,16739,15054
"West Bengal",Puruliya,"All Scheduled Castes",Urban,"Ever Married","Less than 15",72,47,20,0,0,0,0,20,5,15
"West Bengal",Puruliya,"All Scheduled Castes",Urban,"Ever Married",15-19,1124,609,345,110,32,23,0,753,430,323
"West Bengal",Puruliya,"All Scheduled Castes",Urban,"Ever Married",20-24,2201,624,549,548,250,144,79,3390,1713,1677
"West Bengal",Puruliya,"All Scheduled Castes",Urban,"Ever Married",25-29,2306,443,300,544,440,333,241,5535,2922,2613
"West Bengal",Puruliya,"All Scheduled Castes",Urban,"Ever Married",30-34,1832,268,181,237,399,336,411,5558,2927,2631
"West Bengal",Puruliya,"All Scheduled Castes",Urban,"Ever Married",35-39,1442,226,96,174,202,250,494,5022,2560,2462
"West Bengal",Puruliya,"All Scheduled Castes",Urban,"Ever Married",40-44,969,134,66,101,157,137,374,3599,1824,1775
"West Bengal",Puruliya,"All Scheduled Castes",Urban,"Ever Married",45-49,849,118,42,117,127,132,308,3061,1678,1383
"West Bengal",Puruliya,"All Scheduled Castes",Urban,"Ever Married",50-54,479,70,16,75,67,78,173,1803,987,816
"West Bengal",Puruliya,"All Scheduled Castes",Urban,"Ever Married",55-59,400,62,33,47,38,68,152,1462,798,664
"West Bengal",Puruliya,"All Scheduled Castes",Urban,"Ever Married",60-64,309,78,28,47,61,41,48,778,451,327
"West Bengal",Puruliya,"All Scheduled Castes",Urban,"Ever Married",65-69,127,27,32,11,17,7,33,340,178,162
"West Bengal",Puruliya,"All Scheduled Castes",Urban,"Ever Married",70-74,98,22,18,10,15,2,31,276,161,115
"West Bengal",Puruliya,"All Scheduled Castes",Urban,"Ever Married",75-79,25,5,5,0,7,6,2,64,34,30
"West Bengal",Puruliya,"All Scheduled Castes",Urban,"Ever Married","80 +",42,11,0,11,5,0,15,132,71,61
"West Bengal",Puruliya,"All Scheduled Castes",Urban,"Currently Married","All ages",10471,2132,1500,1784,1586,1365,2077,27844,14587,13257
"West Bengal",Puruliya,"All Scheduled Castes",Urban,"Currently Married","Less than 15",66,46,15,0,0,0,0,15,5,10
"West Bengal",Puruliya,"All Scheduled Castes",Urban,"Currently Married",15-19,1085,576,339,110,32,23,0,747,425,322
"West Bengal",Puruliya,"All Scheduled Castes",Urban,"Currently Married",20-24,2088,533,536,548,242,144,78,3345,1687,1658
"West Bengal",Puruliya,"All Scheduled Castes",Urban,"Currently Married",25-29,2179,377,281,520,435,327,234,5391,2846,2545
"West Bengal",Puruliya,"All Scheduled Castes",Urban,"Currently Married",30-34,1728,230,157,225,380,330,406,5401,2849,2552
"West Bengal",Puruliya,"All Scheduled Castes",Urban,"Currently Married",35-39,1295,147,77,162,200,237,472,4794,2456,2338
"West Bengal",Puruliya,"All Scheduled Castes",Urban,"Currently Married",40-44,820,83,40,82,142,125,348,3282,1647,1635
"West Bengal",Puruliya,"All Scheduled Castes",Urban,"Currently Married",45-49,618,60,25,72,89,93,274,2476,1358,1118
"West Bengal",Puruliya,"All Scheduled Castes",Urban,"Currently Married",50-54,263,22,9,29,22,53,128,1202,648,554
"West Bengal",Puruliya,"All Scheduled Castes",Urban,"Currently Married",55-59,214,27,14,24,16,26,107,878,491,387
"West Bengal",Puruliya,"All Scheduled Castes",Urban,"Currently Married",60-64,81,20,7,7,17,6,24,229,118,111
"West Bengal",Puruliya,"All Scheduled Castes",Urban,"Currently Married",65-69,17,5,0,5,1,0,6,50,35,15
"West Bengal",Puruliya,"All Scheduled Castes",Urban,"Currently Married",70-74,10,5,0,0,5,0,0,15,5,10
"West Bengal",Puruliya,"All Scheduled Castes",Urban,"Currently Married",75-79,1,0,0,0,0,1,0,4,2,2
"West Bengal",Puruliya,"All Scheduled Castes",Urban,"Currently Married","80 +",6,1,0,0,5,0,0,15,15,0
