Group,Product,2009-10,2010-11,2011-12,2012-13,2013-14,2014-15,2015-16,2016-17
"ALKALI CHEMICALS","SODA ASH",2058.335,2298.755,2410.819,2437.792,2392.165,2462.002,2583.013,2613.419
"ALKALI CHEMICALS","CAUSTIC SODA",2237.616,2334.446,2408.731,2375.834,2391.655,2442.891,2503.955,2594.495
"ALKALI CHEMICALS","LIQUID CHLORINE",1533.806,1637.618,1658.077,1673.254,1697.334,1720.099,1714.816,1800.666
"INORGANIC CHEMICALS","ALUMINIUM FLUORIDE",11.551,9.795,7.307,6.703,5.398,6.732,9.514,8.142
"INORGANIC CHEMICALS","CALCIUM CARBIDE",22.022,44.7,66.386,70.98,78.776,87.181,83.472,85.021
"INORGANIC CHEMICALS","CARBON BLACK",419.433,452.444,447.67,404.021,406.41,444.35,469.561,535.273
"INORGANIC CHEMICALS","POTASSIUM CHLORATE",2.601,0.614,0.344,0.588,0.676,0.447,0.406,0.012
"INORGANIC CHEMICALS","TITANIUM DIOXIDE",61.324,64.018,52.138,50.142,52.776,47.879,58.533,54.07
"INORGANIC CHEMICALS","RED PHOSPHORUS",0.58,0.481,0.56,0.691,0.751,0.885,0.836,0.771
"INORGANIC CHEMICALS","HYDROGEN PEROXIDE",118.609,129.746,103.068,125.794,128.37,119.752,153.083,148.866
"INORGANIC CHEMICALS","CALCIUM CARBONATE",196.33,209.645,217.203,232.178,233.116,236.926,226.126,216.329
"ORGANIC CHEMICALS","ACETIC ACID",146.439,156.476,160.726,160.561,157.171,159.609,157.906,158.512
"ORGANIC CHEMICALS","ACETIC ANHYDRIDE",56.92,52.906,53.284,87.152,80.845,93.836,92.986,94.82
"ORGANIC CHEMICALS",ACETONE,44.253,50.54,42.802,37.054,28.579,25.982,24.96,26.793
"ORGANIC CHEMICALS",PHENOL,71.591,79.812,65.925,59.92,46.389,42.264,40.424,43.569
"ORGANIC CHEMICALS",METHANOL,330.829,374.53,359.931,254.907,307.258,209.826,162.621,176.959
"ORGANIC CHEMICALS",FORMALDEHYDE,261.291,266.607,263.797,275.356,268.29,255.95,242.089,244.187
"ORGANIC CHEMICALS",NITROBENZENE,63.414,72.407,74.462,83.697,76.506,69.722,68.373,69.714
"ORGANIC CHEMICALS","MALEIC ANHYDRIDE",2.553,2.757,2.631,2.484,2.915,3.204,3.539,3.529
"ORGANIC CHEMICALS",PENTAERYTHRITOL,11.206,11.725,11.404,11.493,12.176,13.46,13.967,14.014
"ORGANIC CHEMICALS",ANILINE,39.386,41.054,40.09,48.227,40.623,34.474,39.402,41.454
"ORGANIC CHEMICALS","CHLORO METHANES",134.785,161.352,188.549,197.735,214.032,220.714,220.181,221.509
"ORGANIC CHEMICALS",ISOBUTYLBENZENE,4.068,2.265,1.942,6.631,6.077,4.304,7.241,6.92
"ORGANIC CHEMICALS",ONCB,15.438,16.693,13.735,15.413,16.819,16.128,19.262,22.55
"ORGANIC CHEMICALS",PNCB,23.567,24.867,22.144,24.397,27.059,26.96,31.27,34.191
"ORGANIC CHEMICALS",MEK,0.000,0.000,2.191,2.494,3.719,4.021,5.751,6.539
"ORGANIC CHEMICALS",ACETALDEHYDE,59.819,32.257,65.386,76.265,79.656,67.769,58.958,60.455
"ORGANIC CHEMICALS",ETHANOLAMINES,7.001,3.452,8.729,7.051,11.195,13.764,13.248,13.108
"ORGANIC CHEMICALS","ETHYL ACETATE",147.198,170.482,235.36,305.262,382.388,327.936,360.402,371.273
"ORGANIC CHEMICALS",MENTHOL,14.407,15.742,15.803,19.7,18.335,17.445,14.727,14.541
"ORGANIC CHEMICALS","ORTHO NITRO TOLUENE",13.799,14.195,11.136,10.679,12.312,11.737,11.524,13.802
"PESTICIDES AND INSECTICIDES",D.D.T.,3.61,3.192,3.637,3.872,2.787,3.627,2.093,2.263
"PESTICIDES AND INSECTICIDES",MALATHION,1.669,3.049,2.549,1.708,2.037,2.241,2.042,2.255
"PESTICIDES AND INSECTICIDES",DIMETHOATE,0.978,1.171,0.728,0.806,1.363,1.433,1.437,1.372
"PESTICIDES AND INSECTICIDES",D.D.V.P.,3.866,3.475,4.64,4.405,5.515,6.657,7.219,8.13
"PESTICIDES AND INSECTICIDES",QUINALPHOS,0.989,1.008,0.999,1.346,1.741,1.881,0.839,1.289
"PESTICIDES AND INSECTICIDES",MONOCROTOPHOS,5.738,9.932,9.588,8.245,4.268,6.967,5.484,6.577
"PESTICIDES AND INSECTICIDES",PHOSPHAMIDON,1.001,0.285,0.058,0.015,0.045,0.128,0.128,0.09
"PESTICIDES AND INSECTICIDES",PHORATE,7.116,7.667,7.007,5.749,6.85,6.619,5.916,5.91
"PESTICIDES AND INSECTICIDES",ETHION,1.506,1.921,1.332,0.936,1.514,1.604,1.717,2.112
"PESTICIDES AND INSECTICIDES",ENDOSULPHAN,9.901,11.491,1.352,0.000,0.000,0.000,0.000,0.000
"PESTICIDES AND INSECTICIDES",FENVALERATE,0.547,0.805,0.547,0.479,0.751,0.512,0.557,0.529
"PESTICIDES AND INSECTICIDES",CYPERMETHRIN,8.893,7.21,10.409,7.777,9.262,8.587,8.526,7.875
"PESTICIDES AND INSECTICIDES",ACEPHATE,14.901,16.485,17.111,15.764,14.51,17.971,16.58,16.265
"PESTICIDES AND INSECTICIDES",CHLORPYRIPHOS,9.311,8.723,6.046,7.517,9.541,9.731,6.865,5.867
"PESTICIDES AND INSECTICIDES",TRIAZOPHOS,1.06,1.75,0.784,0.931,0.994,1,1.718,2.373
"PESTICIDES AND INSECTICIDES",TEMEPHOS,0.084,0.116,0.131,0.203,0.25,0.000,0.079,0.084
"PESTICIDES AND INSECTICIDES",DELTAMETHRIN,0.124,0.678,0.465,0.516,0.516,0.511,0.382,0.372
"PESTICIDES AND INSECTICIDES",ALPHAMETHRIN,0.255,0.554,0.569,0.544,0.562,0.746,0.231,0.101
"PESTICIDES AND INSECTICIDES","PROFENOFOS TECHNICAL",3.281,4.601,6.413,5.01,7.179,7.577,6.853,10.504
"PESTICIDES AND INSECTICIDES","PRETILACHLOR TECHNICAL",1.166,1.179,1.65,1.928,2.216,1.876,1.941,2.581
"PESTICIDES AND INSECTICIDES","LAMBDA CYHALOTHRIN",0.126,0.211,0.287,0.426,0.545,0.473,0.418,0.74
"PESTICIDES AND INSECTICIDES",PHENTHOATE,0.063,0.588,0.591,0.962,1.242,1.4,1.113,1.137
"PESTICIDES AND INSECTICIDES","PERMETHRIN TECH",0.42,0.648,1.408,1.042,1.39,1.696,1.301,1.104
"PESTICIDES AND INSECTICIDES","IMIDACALOPRID TECH",0.127,0.128,0.392,0.227,0.943,0.56,0.2,0.175
"PESTICIDES AND INSECTICIDES","CAPTAN & CAPTAFOL",0.000,0.721,0.924,0.56,1.118,2.382,2.118,1.785
"PESTICIDES AND INSECTICIDES","ZIRAM(THIO BARBAMATE)",0.142,0.661,0.731,0.546,0.597,0.578,0.51,0.601
"PESTICIDES AND INSECTICIDES",CARBENDZIM(BAVISTIN),0.382,0.589,0.432,0.34,0.307,0.355,0.242,0.13
"PESTICIDES AND INSECTICIDES",MANCOZAB,31.488,26.047,43.462,45.295,57.824,61.402,66.384,78.48
"PESTICIDES AND INSECTICIDES",HEXACONAZOLE,0.419,0.427,0.469,0.441,0.576,0.593,0.622,0.462
"PESTICIDES AND INSECTICIDES",METCONAZOLE,0.21,0.359,0.5,0.625,0.702,0.607,0.389,0.354
"PESTICIDES AND INSECTICIDES","2, 4-D",10.643,12.6,15.028,15.436,17.902,11.623,18.456,23.358
"PESTICIDES AND INSECTICIDES",BUTACHLOR,0.239,0.292,0.199,0.183,0.039,0.000,0.002,0.000
"PESTICIDES AND INSECTICIDES","ETHOFUMESATE TECHNICAL",0.555,0.824,1.136,1.217,1.014,0.619,0.502,1.036
"PESTICIDES AND INSECTICIDES","THIAMETHOXAM TECHNICAL",1.822,1.492,1.634,3.118,3.311,1.659,1.916,2.507
"PESTICIDES AND INSECTICIDES",PENDIMETHALIN,0.000,0.000,0.000,1.034,1.707,2.259,2.818,4.038
"PESTICIDES AND INSECTICIDES",METRIBUZIN,0.000,0.000,0.000,0.244,0.742,0.519,0.908,1.12
"PESTICIDES AND INSECTICIDES","TRICLOPYR ACID TECH",0.231,0.296,0.102,0.206,0.2,0.191,0.3,0.282
"PESTICIDES AND INSECTICIDES",ISOPROTURON,2.91,3.684,2.528,4.052,2.345,2.426,1.952,0.132
"PESTICIDES AND INSECTICIDES",GLYPHOSATE,4.663,4.86,5.253,6.12,8.478,9.688,6.959,6.352
"PESTICIDES AND INSECTICIDES",DIURON,0.126,0.225,0.307,0.136,0.069,0.122,1.255,3.436
"PESTICIDES AND INSECTICIDES",ATRAZIN,0.263,0.248,0.661,0.652,1.237,1.198,1.211,1.895
"PESTICIDES AND INSECTICIDES","ZINC PHOSPHIDE",0.921,0.855,0.891,0.604,0.647,1.29,1.5,1.31
"PESTICIDES AND INSECTICIDES","ALUMINIUM PHOSPHIDE",3.251,2.824,3.138,4.161,4.469,5.051,5.747,6.402
"PESTICIDES AND INSECTICIDES",DICOFOL,0.02,0.045,0.083,0.046,0.074,0.107,0.094,0.09
"DYES AND DYESTUFFS","AZO DYES",12.675,13.955,12.095,12.715,13.464,10.593,9.705,9.894
"DYES AND DYESTUFFS","ACID DIRECT DYES(OTHER THAN AZO)",15.34,20.356,19,17.575,19.003,17.226,20.569,19.862
"DYES AND DYESTUFFS","DISPERSE DYES",25.218,28.719,29.439,28.258,29.206,29.559,43.569,41.351
"DYES AND DYESTUFFS","INGRAIN DYES",0.926,0.691,0.976,0.576,0.513,0.439,0.299,0.000
"DYES AND DYESTUFFS","OIL SOLUBLE (SOLVENT DYES)",2.252,2.018,2.635,2.307,2.256,1.8,2.2,2.234
"DYES AND DYESTUFFS","OPTICAL WHITENING AGENTS",12.364,15.02,14.143,18.171,23.735,22.944,24.698,23.766
"DYES AND DYESTUFFS","ORGANIC PIGMENT",49.899,56.351,51.765,44.457,68.668,76.893,61.306,63.744
"DYES AND DYESTUFFS","PIGMENT EMULSION",5.04,5.885,5.216,6.475,7.336,9.641,9.67,10.608
"DYES AND DYESTUFFS","REACTIVE DYES",73.201,76.878,83.381,87.602,95.42,89.467,106.123,120.874
"DYES AND DYESTUFFS","SULPHUR DYES (SULPHUR BLACK)",8.691,8.58,7.02,6.58,7.565,9.383,9.551,10.073
"DYES AND DYESTUFFS","VAT DYES",1.701,1.939,1.685,1.377,1.597,1.768,1.443,1.523
"DYES AND DYESTUFFS","INORGANIC PIGMENTS",12.231,13.932,13.063,13.142,14.176,14.818,14.187,15.327
"DYES AND DYESTUFFS","OTHER DYES",0.443,0.548,0.465,0.298,0.657,0.698,0.737,0.77
"TOTAL MAJOR CHEMICALS",TOTAL,8465.169,9121.169,9409.384,9459.412,9642.746,9659.944,9883.727,10229.004
