"S. No.","Reg No.","Name of Advocate","Address of Advocate","Area of Practice","Date of Appointment","Certificate Vaild Upto",District
1,355,"RAKESH KUMAR VARSHNEY","21, TILAK MARG, RISHIKESH, UK-249201",RISHIKESH,1991-11-22T16:20:08Z,2015-11-21T16:20:08Z,Dehradun
2,694,"DUSHYANT PRASHAR","C-4, PWD, QUARTERS, YAMUNA COLONY, CHAKRAT ROAD,DEHRADUN (UTTRANCHAL)",DEHRADUN(UTTRANCHAL),1996-12-20T16:20:08Z,2014-12-19T16:20:08Z,Dehradun
3,1127,"RAM KUMAR TYAGI","104, EWS, PHASE -II, INDIRA PURAM, DEHRADUN,UTTRANCHAL","DEHRADUN,EXTD. UP TO SAHARANPUR W.E.F.24.4.99",1998-04-03T16:20:08Z,2016-02-04T16:20:08Z,Dehradun
4,1390,"MOD BHANU SINGH","KIRTI COMPLEX, BHOOPAT WALA, HARIDWAR, U.P.",HARIDWAR,2000-02-25T16:20:08Z,2017-02-15T16:20:08Z,Haridwar
5,1404,"BRIJESH KUMAR","803 WEST AMBER TALUK, IDGAH ROAD, ROORKEE, HARDWAR UTTRANCHAL","ROORKE,UTTRANCHAL",1999-02-26T16:20:08Z,2017-02-25T16:20:08Z,Haridwar
6,1440,"ANURAG GUPTA","SHARAT BHAVN, MOHALA SHIVPURA KANKHAL,DIST: HARIDWAR (UTTARANCHAL)","HARIDWAR (UTTRANCHAL)",1999-06-08T16:20:08Z,2017-06-14T16:20:08Z,Haridwar
7,1461,"VINIT KUMAR SHARMA","S/O LATE SHRI VIJAY CHANDRA SHARMA R/O OPP.CENTRAL BANK, KRISHNA NAGAR,KANKHAL (HARIDWAR), UTTRANCHAL","HARIDWAR, UTTRANCHAL",1999-06-30T16:20:08Z,2012-06-29T16:20:08Z,Haridwar
8,1529,"KRISHAN LAL BALI","C-47, SH. RAM NAGAR, COLONY NEAR GOI GURUDWARA,OPP: RAILWAY STATION, JWALAPUR, HARIDWAR,UTTRANCHAL","HARIDWAR (UTTRANCHAL)",2000-01-11T16:20:08Z,2020-02-01T16:20:08Z,Haridwar
9,1547,"ASHUTOSH SOTI","JAIN MANDIR GALI, PHARI BZAR KANKHAL,DISTT:HARIDWAR (U.K.).","HARIDWAR (U.K.)",2005-01-06T16:20:08Z,2020-05-01T16:20:08Z,Haridwar
10,1668,"JAI NANDAN AGRAWAL","MOHALLA SINGH, RATAN CINEMA ROAD, KASHIPUR,DISTT: UDHAM SINGH NAGAR, U.K.","KASHIPUR, DISTT:UDHAM SINGH NAGAR, U.P.",2000-04-26T16:20:08Z,2015-04-27T16:20:08Z,"Udhamsingh Nagar"
11,1857,"RAJENDRA PRASAD SHARMA","234 Y NO. 2 MAGODAM ROAD, LAKSHAR, TEH. LAKSHAR JAMPAD-HARIDWAR, UTTARANCHAL-247663","TEEH. LAKSHAR, JAMPAD HARIDWAR, UTTRANCHAL",2001-02-15T16:20:08Z,2016-02-14T16:20:08Z,Haridwar
12,1882,"SANJEEV KAUSHAL","22(224) CIVIL LINE ROORKEE JANPAD-HARIDWAR UTTRANCHAL","ROORKEE, JANPAD- HARIDWAR (UTTARANCHAL)",2001-03-16T16:20:08Z,2006-03-15T16:20:08Z,Haridwar
13,1890,"HARPAL SINGH","VILL. ROHALHI P.O. GORDHANPUR TH. LAKSAR, DISTT.HARDWAR H.NO. B-85, SHREE RAMNAGAR, NEAR GOAL GURUDWARA, JWALAPUR- HARDWAR","LAKSAR, TEH.LAKSAR DISTT. HARDWAR UTTARANCHAL",2001-04-04T16:20:08Z,2016-08-04T16:20:08Z,Haridwar
14,1973,"SHRI ALAM SINGH SISODIA","VILL. AND POST.KUNDEESHWARI, TEH.KASHIPUR,DISTT.UDHAM SINGH NAGAR, UTTARANCHAL","KASHIPUR, DISTT.UDHAM SINGH NAGAR,UTTRACHANAL",2001-08-27T16:20:08Z,2016-08-29T16:20:08Z,"Udhamsingh Nagar"
15,2911,"SH. SATYENDRA NATH TEWARI","KAILAS BHAWAN TOLLA JOSHI KHOLA,ALMORA, UTTRANCHAL","TEHSIL SOMESHWAR, DISTT. ALMORA, UTTRANCHAL",2005-04-27T16:20:08Z,2020-04-26T16:20:08Z,Almora
16,2939,"SH. SATENDRA KUMAR SAINI","2/1 C CHAW MANDI ROORKEE, UTTARANCHAL","CIVIL COURTS ROOORKEE HARDWAR UTTARANCHAL",2005-05-12T16:20:08Z,2015-11-05T16:20:08Z,Haridwar
17,3434,"SH. PRABHAT TYAGI","NEAR JAIN MANDIR JAWALAPUR DISTT. HARIDWAR,UTTARANCHAL","HARIDWAR, UTTARANCHAL",2006-05-18T16:20:08Z,2016-05-17T16:20:08Z,Haridwar
18,3679,"RAJENDRA PRASAD","SECTOR - 5 GROUP HOUSE,FLAT NO. 57 NEW TEHRI,DISTT. TEHRI GARHWAL,UTTARANCHAL","TEHRI GARHWAL (UTTARANCHAL)",2006-10-17T16:20:08Z,2016-10-16T16:20:08Z,Tehri-Garhwal
19,4749,"PRAVEEN SINGH KORANGE","TEEF BAZAR GARUR, P.O.GARUR,TEH. GARUR, DISTT. BAGESHWAR - 263641 UTTARAKHAND","TEH. GARUR, DISTT. BHAGESHWAR, UTTARAKHAND",2007-10-17T16:20:08Z,2012-10-16T16:20:08Z,Bageshwar
20,5225,"MOHD. IMRAN","VILLAGE NAKHA (NAYAGAON)TEH. SITARGANJ, DISTT. UDHAM SINGH NAGAR PIN-263148, UTTRAKHAND","DISTT. UDHAM SINGH NAGAR (UTTRAKHAND)",2008-01-21T16:20:08Z,2018-01-20T16:20:08Z,"Udhamsingh Nagar"
21,7020,"ARVIND RAWAT","130, MAHENDRA VIHAR, BALLUPUR ROAD,DEHRADUN - 248001 UTTRAKHAND","DISTT. DEHRADUN (UTTRAKHAND)",2008-10-22T16:20:08Z,2018-10-21T16:20:08Z,Dehradun
22,7615,"RAJESH RASTOGI","LOKO BAZAR, LAKSAR,DISTT. HARIDWAR UTTARAKHAND","ROSHANABAD, DISTT. HARIDWAR (UTTARAKHAND)",2009-01-21T16:20:08Z,2019-01-20T16:20:08Z,Haridwar
23,8473,"MAHESH CHANDRA","45, BHAGWANT PURAM,KANKHAL, HARIDWAR,UTTARAKHAND - 249408","HARIDWAR, UTTARAKHAND",2011-06-03T16:20:08Z,2016-02-06T16:20:08Z,Haridwar
24,8474,"ANAND BHUSHAN SINGH","WINDSOR ACADEMY,KITCHHA ROAD, BHADAIPURA, RUDRAPUR,UDHAMSINGH NAGAR, UTTARAKHAND - 263153","UDHAMSINGH NAGAR, UTTARAKHAND",2011-06-03T16:20:08Z,2016-02-06T16:20:08Z,"Udhamsingh Nagar"
25,8475,"RAM GOPAL AGARWAL","ARYA NAGAR, JWALAPUR,DISTT. HARIDWAR,UTTARAKHAND - 249407","DISTT. COURT HARIDWAR, UTTARAKHAND",2011-06-03T16:20:08Z,2016-02-06T16:20:08Z,Haridwar
26,8477,"GHANSHYAM KAPIL","MOH. DEVTAN, JWALAPUR,DISTT. HARIDWAR - 249407 UTTARAKHAND","DISTT. COURT, HARIDWAR (UTTARAKHAND)",2011-06-03T16:20:08Z,2016-02-06T16:20:08Z,Haridwar
27,8482,"DEEN MANI GAIROLA","VILLAGE & P.O. TRIYUGINARAIN, TEH. SHEEL-OKHIMATH, DISTT. RUDRAPRAYAG UTTARAKHAND - 246471","MUNSIF COURT, OKHIMATH (UTTARAKHAND)",2011-06-03T16:20:08Z,2016-02-06T16:20:08Z,Rudraprayag
28,8573,"BIMAL PRASAD MAMGAIN","MAMGAIN BHAWAN, BHAIRAV CHOWK,UTTARKASHI, DISTT. UTTARKASHI (UTTARAKHAND) PIN - 249193","UTTARKASHI DISTT. (UTTARAKHAND)",2011-09-08T16:20:08Z,2016-07-09T16:20:08Z,Uttarkashi
29,8719,"SANJEEV KUMAR","VILLAGE KUNJA BAHADHARPUR, POST IQBALPUR,DISTT. HARIDWAR, UTTARAKHAND","ROORKEE, UTTARAKHAND",2011-09-23T16:20:08Z,2016-09-22T16:20:08Z,Haridwar
30,8720,"AJIT KUMAR SRIVASTAV","VILLAGE BANDIA, P.O. & TEHSIL KICHHA,UDHAM SINGH NAGAR, UTTARAKHAND-263148","DISTT. UDHAM SINGH NAGAR, UTTARAKHAND",2011-09-23T16:20:08Z,2016-09-22T16:20:08Z,"Udhamsingh Nagar"
31,9378,"DAN SING BISHT","DIWAN-NIWAS TILDHUKARI PITHORAGARH PIN - 262501 UTTARAKHAND","PITHORAGARH (UTTARAKHAND)",2011-12-23T16:20:08Z,2016-12-22T16:20:08Z,Pitoragarh
32,9379,"AJAY RATHOR","MADHUWAN LINTHURA,PITHORAGARH UTTARAKHAND, PIN - 262501","PITHORAGARH (UTTARAKHAND)",2011-12-23T16:20:08Z,2016-12-22T16:20:08Z,Pitoragarh
33,10681,"TANVEER ALAM","C-24, TURNER ROAD CLEMENTOWN DEHRADUN",DEHRADUN,2014-07-19T16:20:08Z,2019-07-18T16:20:08Z,Dehradun
34,10682,"VISHAL VERMA","264 SHAKTI NAGAR NEW SABJI MANDI P.O KASHIPUR DISTT USN UTTARAKHAND","KASHIPUR KAMAUN ZONE UTTARKHAND",2014-07-19T16:20:08Z,2019-07-18T16:20:08Z,Kashipur
35,10683,"HARI SHANKAR SHARMA","E- 50, INDUSTRIAL AREA BAHADRABAD HARIDWAR",BAHADRABAD,2014-07-19T16:20:08Z,2019-07-18T16:20:08Z,Haridwar
