Sl.No.,Subject,"No. of Questions asked","No. of Questions orally answered","No. of Supplementaries asked"
1,Academics,2,0,0
2,Books,1,0,0
3,Colleges,7,0,0
4,CBSE,3,0,0
5,Education,23,1,7
6,"Education Policy",4,1,2
7,"Expenditure on education",5,0,0
8,Fellowship/scholarship,4,0,0
9,"Kendriya Vidyalaya Sangathan",4,0,0
10,"Kendriya Bidyalaya",19,0,0
11,Literacy,12,0,0
12,"Mid-day Meals",2,0,0
13,"Non Formal Education",1,1,7
14,"Novodaya Vidyalaya",6,0,0
15,NCERT,3,0,0
16,"Professional/Gechnical Institution",9,0,0
17,Reservation,4,0,0
18,Schools,7,0,0
19,Teachers,12,0,0
20,"Tribal Education",3,0,0
21,UGC,6,0,0
22,University,8,0,0
23,"Vocational Education",4,0,0
24,"Women and Children",21,0,0
25,"Women Fund",2,0,0
26,"Women Rights",3,0,0
TOTAL:,TOTAL:,179,3,16
