Month,"FEE from tourism (In Billion US dollars) - 2016","FEE from tourism (In Billion US dollars) - 2017","FEE from tourism (In Billion US dollars) - 2018","Percentage change - 2017/2016","Percentage change - 2018/2017"
January,2.032,2.32,2.799,14.2,20.6
February,2.001,2.289,2.77,14.4,21
March,1.938,2.224,2.659,14.8,19.6
April,1.726,2.211,2.393,28.1,8.2
May,1.534,1.901,1.888,23.9,-0.7
June,1.587,2.013,2.116,26.8,5.1
July,2.125,2.295,2.467,8,7.5
August,1.875,2.158,2.367,15.1,9.7
September,1.744,2.149,2.099,23.2,-2.3
October,1.812,2.183,1.979,20.5,-9.3
November,2.11,2.549,2.301,20.8,-9.7
December,2.439,3.018,NA,23.7,NA
Total,22.923,27.31,25.838,19.1,6.4
