StateName,DistrictName,BlockName,GramPanchayatName,IHHLTotalAsPerDetails,IHHLTotalAch,Date
Rajasthan,PALI,BALI,AMALIYA,994,994,"7/22/2019 12:00:00 AM"
Rajasthan,PALI,BALI,BARWA,449,449,"7/22/2019 12:00:00 AM"
Rajasthan,PALI,BALI,BEDAL,671,671,"7/22/2019 12:00:00 AM"
Rajasthan,PALI,BALI,BERA,2605,2605,"7/22/2019 12:00:00 AM"
Rajasthan,PALI,BALI,BHANDAR,1375,1375,"7/22/2019 12:00:00 AM"
Rajasthan,PALI,BALI,BHATUND,1089,1089,"7/22/2019 12:00:00 AM"
Rajasthan,PALI,BALI,BHEETWARA,761,761,"7/22/2019 12:00:00 AM"
Rajasthan,PALI,BALI,BHIMANA,1743,1743,"7/22/2019 12:00:00 AM"
Rajasthan,PALI,BALI,BIJAPUR,2000,2000,"7/22/2019 12:00:00 AM"
Rajasthan,PALI,BALI,BISALPUR,1062,1062,"7/22/2019 12:00:00 AM"
Rajasthan,PALI,BALI,BOYA,661,661,"7/22/2019 12:00:00 AM"
Rajasthan,PALI,BALI,CHAMUNDERI,1681,1681,"7/22/2019 12:00:00 AM"
Rajasthan,PALI,BALI,DHANI,1013,1013,"7/22/2019 12:00:00 AM"
Rajasthan,PALI,BALI,DOODNI,1298,1298,"7/22/2019 12:00:00 AM"
Rajasthan,PALI,BALI,FALNAGAON,567,567,"7/22/2019 12:00:00 AM"
Rajasthan,PALI,BALI,GORIYA,746,746,"7/22/2019 12:00:00 AM"
Rajasthan,PALI,BALI,GURALAS,795,795,"7/22/2019 12:00:00 AM"
Rajasthan,PALI,BALI,KAKARADI,988,988,"7/22/2019 12:00:00 AM"
Rajasthan,PALI,BALI,KHIMEL,862,862,"7/22/2019 12:00:00 AM"
Rajasthan,PALI,BALI,KOTBALIYAN,1390,1390,"7/22/2019 12:00:00 AM"
Rajasthan,PALI,BALI,KOTHAR,977,977,"7/22/2019 12:00:00 AM"
Rajasthan,PALI,BALI,KOYALWAO,1327,1327,"7/22/2019 12:00:00 AM"
Rajasthan,PALI,BALI,KUMTIYA,1007,1007,"7/22/2019 12:00:00 AM"
Rajasthan,PALI,BALI,KURAN,1099,1099,"7/22/2019 12:00:00 AM"
Rajasthan,PALI,BALI,LATARA,1271,1271,"7/22/2019 12:00:00 AM"
Rajasthan,PALI,BALI,LUNAWA,1164,1164,"7/22/2019 12:00:00 AM"
Rajasthan,PALI,BALI,LUNDARA,1011,1011,"7/22/2019 12:00:00 AM"
Rajasthan,PALI,BALI,MALNOO,807,807,"7/22/2019 12:00:00 AM"
Rajasthan,PALI,BALI,MIRGESWAR,744,744,"7/22/2019 12:00:00 AM"
Rajasthan,PALI,BALI,MOKAMPURA,1154,1154,"7/22/2019 12:00:00 AM"
Rajasthan,PALI,BALI,MUNDARA,1594,1594,"7/22/2019 12:00:00 AM"
Rajasthan,PALI,BALI,NANA,2571,2571,"7/22/2019 12:00:00 AM"
Rajasthan,PALI,BALI,PADERLA,655,655,"7/22/2019 12:00:00 AM"
Rajasthan,PALI,BALI,PEEPLA,583,583,"7/22/2019 12:00:00 AM"
Rajasthan,PALI,BALI,PERWA,703,703,"7/22/2019 12:00:00 AM"
Rajasthan,PALI,BALI,SENA,514,514,"7/22/2019 12:00:00 AM"
Rajasthan,PALI,BALI,SESLI,1009,1009,"7/22/2019 12:00:00 AM"
Rajasthan,PALI,BALI,SEWARI,1876,1876,"7/22/2019 12:00:00 AM"
Rajasthan,PALI,BALI,SHIVTALOB,1174,1174,"7/22/2019 12:00:00 AM"
Rajasthan,PALI,DESURI,ANA,1266,1266,"7/22/2019 12:00:00 AM"
Rajasthan,PALI,DESURI,BAGOL,1428,1428,"7/22/2019 12:00:00 AM"
Rajasthan,PALI,DESURI,BAROD,1371,1371,"7/22/2019 12:00:00 AM"
Rajasthan,PALI,DESURI,DADAI,1448,1448,"7/22/2019 12:00:00 AM"
Rajasthan,PALI,DESURI,"DAYALANA KALLAN",1530,1530,"7/22/2019 12:00:00 AM"
Rajasthan,PALI,DESURI,DESURI,2511,2511,"7/22/2019 12:00:00 AM"
Rajasthan,PALI,DESURI,DHALOP,1286,1286,"7/22/2019 12:00:00 AM"
Rajasthan,PALI,DESURI,DUDAPURA,1437,1437,"7/22/2019 12:00:00 AM"
Rajasthan,PALI,DESURI,GHANERAO,2651,2651,"7/22/2019 12:00:00 AM"
Rajasthan,PALI,DESURI,"GUDA JATAN",1480,1480,"7/22/2019 12:00:00 AM"
Rajasthan,PALI,DESURI,KESULI,1079,1079,"7/22/2019 12:00:00 AM"
Rajasthan,PALI,DESURI,"KOT SOLANKIYAN",1538,1538,"7/22/2019 12:00:00 AM"
Rajasthan,PALI,DESURI,KOTARI,1289,1289,"7/22/2019 12:00:00 AM"
Rajasthan,PALI,DESURI,MADA,1369,1369,"7/22/2019 12:00:00 AM"
Rajasthan,PALI,DESURI,MADPUR,820,820,"7/22/2019 12:00:00 AM"
Rajasthan,PALI,DESURI,MAGARTALAB,930,930,"7/22/2019 12:00:00 AM"
Rajasthan,PALI,DESURI,MANDIGRAH,1500,1500,"7/22/2019 12:00:00 AM"
Rajasthan,PALI,DESURI,MORKHAN,816,816,"7/22/2019 12:00:00 AM"
Rajasthan,PALI,DESURI,NARLAI,2185,2185,"7/22/2019 12:00:00 AM"
Rajasthan,PALI,DESURI,NODOL,4430,4430,"7/22/2019 12:00:00 AM"
Rajasthan,PALI,DESURI,PANOTA,1167,1167,"7/22/2019 12:00:00 AM"
Rajasthan,PALI,DESURI,SANSARI,1398,1398,"7/22/2019 12:00:00 AM"
Rajasthan,PALI,DESURI,SINDERLI,1175,1175,"7/22/2019 12:00:00 AM"
Rajasthan,PALI,DESURI,SUMER,1177,1177,"7/22/2019 12:00:00 AM"
Rajasthan,PALI,JAITARAN,"A.P. KALU",573,573,"7/22/2019 12:00:00 AM"
Rajasthan,PALI,JAITARAN,AGEWA,1293,1293,"7/22/2019 12:00:00 AM"
Rajasthan,PALI,JAITARAN,ASARLAI,763,763,"7/22/2019 12:00:00 AM"
Rajasthan,PALI,JAITARAN,BALADA,1469,1469,"7/22/2019 12:00:00 AM"
Rajasthan,PALI,JAITARAN,BALUNDA,2071,2071,"7/22/2019 12:00:00 AM"
Rajasthan,PALI,JAITARAN,BANJAKURI,946,946,"7/22/2019 12:00:00 AM"
Rajasthan,PALI,JAITARAN,"BER KALLAN",1111,1111,"7/22/2019 12:00:00 AM"
Rajasthan,PALI,JAITARAN,BHOOMALIYA,1270,1270,"7/22/2019 12:00:00 AM"
Rajasthan,PALI,JAITARAN,BIROL,1182,1182,"7/22/2019 12:00:00 AM"
Rajasthan,PALI,JAITARAN,CHAWANDIA,651,651,"7/22/2019 12:00:00 AM"
Rajasthan,PALI,JAITARAN,DEORIYA,1038,1038,"7/22/2019 12:00:00 AM"
Rajasthan,PALI,JAITARAN,DIGARNA,1560,1560,"7/22/2019 12:00:00 AM"
Rajasthan,PALI,JAITARAN,FALKA,1254,1254,"7/22/2019 12:00:00 AM"
Rajasthan,PALI,JAITARAN,GARNIYA,894,894,"7/22/2019 12:00:00 AM"
Rajasthan,PALI,JAITARAN,GHORAWAR,872,872,"7/22/2019 12:00:00 AM"
Rajasthan,PALI,JAITARAN,"KANECHA RAWTAN",654,654,"7/22/2019 12:00:00 AM"
Rajasthan,PALI,JAITARAN,KANWALIYA,794,794,"7/22/2019 12:00:00 AM"
Rajasthan,PALI,JAITARAN,KEKINDRA,1219,1219,"7/22/2019 12:00:00 AM"
Rajasthan,PALI,JAITARAN,KURKI,1244,1244,"7/22/2019 12:00:00 AM"
Rajasthan,PALI,JAITARAN,LAMBIYA,1600,1600,"7/22/2019 12:00:00 AM"
Rajasthan,PALI,JAITARAN,LOTOTI,747,747,"7/22/2019 12:00:00 AM"
Rajasthan,PALI,JAITARAN,MOHRAI,997,997,"7/22/2019 12:00:00 AM"
Rajasthan,PALI,JAITARAN,NIMBAJ,3832,3832,"7/22/2019 12:00:00 AM"
Rajasthan,PALI,JAITARAN,NIMBOL,1144,1144,"7/22/2019 12:00:00 AM"
Rajasthan,PALI,JAITARAN,PATWAT,1578,1578,"7/22/2019 12:00:00 AM"
Rajasthan,PALI,JAITARAN,"PEEPALIYA KHURD",823,823,"7/22/2019 12:00:00 AM"
Rajasthan,PALI,JAITARAN,PHOOLMAL,1076,1076,"7/22/2019 12:00:00 AM"
Rajasthan,PALI,JAITARAN,RABRIYAWAS,1517,1517,"7/22/2019 12:00:00 AM"
Rajasthan,PALI,JAITARAN,"RAMAWAS KALLAN",845,845,"7/22/2019 12:00:00 AM"
Rajasthan,PALI,JAITARAN,RAS,2955,2955,"7/22/2019 12:00:00 AM"
Rajasthan,PALI,JAITARAN,SANGAWAS,1488,1488,"7/22/2019 12:00:00 AM"
Rajasthan,PALI,JAITARAN,SEWARIYA,1101,1101,"7/22/2019 12:00:00 AM"
Rajasthan,PALI,JAITARAN,TOOKRA,711,711,"7/22/2019 12:00:00 AM"
Rajasthan,PALI,KHARCHI(MAR.JUN),AUWA,1566,1566,"7/22/2019 12:00:00 AM"
Rajasthan,PALI,KHARCHI(MAR.JUN),BANSOR,900,900,"7/22/2019 12:00:00 AM"
Rajasthan,PALI,KHARCHI(MAR.JUN),BANTA,968,968,"7/22/2019 12:00:00 AM"
Rajasthan,PALI,KHARCHI(MAR.JUN),BARSA,688,688,"7/22/2019 12:00:00 AM"
Rajasthan,PALI,KHARCHI(MAR.JUN),"BASANI JOJAWAR",1168,1168,"7/22/2019 12:00:00 AM"
Rajasthan,PALI,KHARCHI(MAR.JUN),BHAGODA,712,712,"7/22/2019 12:00:00 AM"
Rajasthan,PALI,KHARCHI(MAR.JUN),BHIMALIYA,492,492,"7/22/2019 12:00:00 AM"
Rajasthan,PALI,KHARCHI(MAR.JUN),"BITHURA KALLAN",784,784,"7/22/2019 12:00:00 AM"
Rajasthan,PALI,KHARCHI(MAR.JUN),BORIMADA,1660,1660,"7/22/2019 12:00:00 AM"
Rajasthan,PALI,KHARCHI(MAR.JUN),BORNADI,997,997,"7/22/2019 12:00:00 AM"
Rajasthan,PALI,KHARCHI(MAR.JUN),CHAWADIYA,1241,1241,"7/22/2019 12:00:00 AM"
Rajasthan,PALI,KHARCHI(MAR.JUN),CHIRPATIYA,1032,1032,"7/22/2019 12:00:00 AM"
Rajasthan,PALI,KHARCHI(MAR.JUN),CHOWKADIYA,1042,1042,"7/22/2019 12:00:00 AM"
Rajasthan,PALI,KHARCHI(MAR.JUN),DEOLI,643,643,"7/22/2019 12:00:00 AM"
Rajasthan,PALI,KHARCHI(MAR.JUN),DHAMLI,844,844,"7/22/2019 12:00:00 AM"
Rajasthan,PALI,KHARCHI(MAR.JUN),DHANLA,1317,1317,"7/22/2019 12:00:00 AM"
Rajasthan,PALI,KHARCHI(MAR.JUN),DHUNDHLA,1048,1048,"7/22/2019 12:00:00 AM"
Rajasthan,PALI,KHARCHI(MAR.JUN),DUDOR,1038,1038,"7/22/2019 12:00:00 AM"
Rajasthan,PALI,KHARCHI(MAR.JUN),GADHANA,838,838,"7/22/2019 12:00:00 AM"
Rajasthan,PALI,KHARCHI(MAR.JUN),"GUDA KESAR SINGH",845,845,"7/22/2019 12:00:00 AM"
Rajasthan,PALI,KHARCHI(MAR.JUN),"GUDA RAM SINGH",797,797,"7/22/2019 12:00:00 AM"
Rajasthan,PALI,KHARCHI(MAR.JUN),"GUDA SOOR SINGH",750,750,"7/22/2019 12:00:00 AM"
Rajasthan,PALI,KHARCHI(MAR.JUN),"HEMLIYAWAS KHURD",937,937,"7/22/2019 12:00:00 AM"
Rajasthan,PALI,KHARCHI(MAR.JUN),"HINGOLA KHURD",920,920,"7/22/2019 12:00:00 AM"
Rajasthan,PALI,KHARCHI(MAR.JUN),ISALI,856,856,"7/22/2019 12:00:00 AM"
Rajasthan,PALI,KHARCHI(MAR.JUN),"JADAN KHALSA",1432,1432,"7/22/2019 12:00:00 AM"
Rajasthan,PALI,KHARCHI(MAR.JUN),JANUDA,685,685,"7/22/2019 12:00:00 AM"
Rajasthan,PALI,KHARCHI(MAR.JUN),JHINJHARDI,930,930,"7/22/2019 12:00:00 AM"
Rajasthan,PALI,KHARCHI(MAR.JUN),JOJAWAR,1937,1937,"7/22/2019 12:00:00 AM"
Rajasthan,PALI,KHARCHI(MAR.JUN),KANTALIYA,2025,2025,"7/22/2019 12:00:00 AM"
Rajasthan,PALI,KHARCHI(MAR.JUN),KARADI,1037,1037,"7/22/2019 12:00:00 AM"
Rajasthan,PALI,KHARCHI(MAR.JUN),KHARCHI,525,525,"7/22/2019 12:00:00 AM"
Rajasthan,PALI,KHARCHI(MAR.JUN),"MALSA BAORI",1132,1132,"7/22/2019 12:00:00 AM"
Rajasthan,PALI,KHARCHI(MAR.JUN),MANDA,1337,1337,"7/22/2019 12:00:00 AM"
Rajasthan,PALI,KHARCHI(MAR.JUN),"MARWAR JN.",2253,2253,"7/22/2019 12:00:00 AM"
Rajasthan,PALI,KHARCHI(MAR.JUN),MUSALIYA,877,877,"7/22/2019 12:00:00 AM"
Rajasthan,PALI,KHARCHI(MAR.JUN),"NIMBLI MANDA",657,657,"7/22/2019 12:00:00 AM"
Rajasthan,PALI,KHARCHI(MAR.JUN),PANCHETIYA,860,860,"7/22/2019 12:00:00 AM"
Rajasthan,PALI,KHARCHI(MAR.JUN),PHULAD,1029,1029,"7/22/2019 12:00:00 AM"
Rajasthan,PALI,KHARCHI(MAR.JUN),RADAWAS,860,860,"7/22/2019 12:00:00 AM"
Rajasthan,PALI,KHARCHI(MAR.JUN),RANAWAS,1413,1413,"7/22/2019 12:00:00 AM"
Rajasthan,PALI,KHARCHI(MAR.JUN),SARAN,1263,1263,"7/22/2019 12:00:00 AM"
Rajasthan,PALI,KHARCHI(MAR.JUN),SAWRAD,1317,1317,"7/22/2019 12:00:00 AM"
Rajasthan,PALI,KHARCHI(MAR.JUN),SEHWAJ,1232,1232,"7/22/2019 12:00:00 AM"
Rajasthan,PALI,KHARCHI(MAR.JUN),SHEKHAWAS,857,857,"7/22/2019 12:00:00 AM"
Rajasthan,PALI,KHARCHI(MAR.JUN),SINLA,1048,1048,"7/22/2019 12:00:00 AM"
Rajasthan,PALI,KHARCHI(MAR.JUN),SIRIYARI,1181,1181,"7/22/2019 12:00:00 AM"
Rajasthan,PALI,KHARCHI(MAR.JUN),VOPARI,522,522,"7/22/2019 12:00:00 AM"
Rajasthan,PALI,PALI,"BADER KA BAS",584,584,"7/22/2019 12:00:00 AM"
Rajasthan,PALI,PALI,BANIYAWAS,854,854,"7/22/2019 12:00:00 AM"
Rajasthan,PALI,PALI,BHANGESAR,901,901,"7/22/2019 12:00:00 AM"
Rajasthan,PALI,PALI,BHANWARI,698,698,"7/22/2019 12:00:00 AM"
Rajasthan,PALI,PALI,BOMADARA,971,971,"7/22/2019 12:00:00 AM"
Rajasthan,PALI,PALI,DARI,930,930,"7/22/2019 12:00:00 AM"
Rajasthan,PALI,PALI,"DAYAL PURA",1201,1201,"7/22/2019 12:00:00 AM"
Rajasthan,PALI,PALI,DEGAI,1003,1003,"7/22/2019 12:00:00 AM"
Rajasthan,PALI,PALI,DENDA,755,755,"7/22/2019 12:00:00 AM"
Rajasthan,PALI,PALI,"GIRADRA JAGIR",957,957,"7/22/2019 12:00:00 AM"
Rajasthan,PALI,PALI,"GUDA ENDLA",1410,1410,"7/22/2019 12:00:00 AM"
Rajasthan,PALI,PALI,GUNDOJ,1272,1272,"7/22/2019 12:00:00 AM"
Rajasthan,PALI,PALI,HEMAWAS,1475,1475,"7/22/2019 12:00:00 AM"
Rajasthan,PALI,PALI,KHERWA,1088,1088,"7/22/2019 12:00:00 AM"
Rajasthan,PALI,PALI,KOORNA,1556,1556,"7/22/2019 12:00:00 AM"
Rajasthan,PALI,PALI,LAMBIYA,613,613,"7/22/2019 12:00:00 AM"
Rajasthan,PALI,PALI,MANIHARI,1023,1023,"7/22/2019 12:00:00 AM"
Rajasthan,PALI,PALI,ROOPAWAS,1161,1161,"7/22/2019 12:00:00 AM"
Rajasthan,PALI,PALI,SAKADRA,813,813,"7/22/2019 12:00:00 AM"
Rajasthan,PALI,PALI,SANPA,968,968,"7/22/2019 12:00:00 AM"
Rajasthan,PALI,PALI,SODAWAS,1109,1109,"7/22/2019 12:00:00 AM"
Rajasthan,PALI,PALI,SONAIMAZI,1122,1122,"7/22/2019 12:00:00 AM"
Rajasthan,PALI,PALI,"TEWALLI KALLAN",594,594,"7/22/2019 12:00:00 AM"
Rajasthan,PALI,RAIPUR,AMARPURA,699,699,"7/22/2019 12:00:00 AM"
Rajasthan,PALI,RAIPUR,BABRA,1627,1627,"7/22/2019 12:00:00 AM"
Rajasthan,PALI,RAIPUR,BAGRI,780,780,"7/22/2019 12:00:00 AM"
Rajasthan,PALI,RAIPUR,BANSIYA,787,787,"7/22/2019 12:00:00 AM"
Rajasthan,PALI,RAIPUR,BAR,1399,1399,"7/22/2019 12:00:00 AM"
Rajasthan,PALI,RAIPUR,"BIRATIYA KALLAN",667,667,"7/22/2019 12:00:00 AM"
Rajasthan,PALI,RAIPUR,"BIRATIYA KHURD",1091,1091,"7/22/2019 12:00:00 AM"
Rajasthan,PALI,RAIPUR,BOOTIWAS,1396,1396,"7/22/2019 12:00:00 AM"
Rajasthan,PALI,RAIPUR,CHANG,1199,1199,"7/22/2019 12:00:00 AM"
Rajasthan,PALI,RAIPUR,CHITTAR,1407,1407,"7/22/2019 12:00:00 AM"
Rajasthan,PALI,RAIPUR,DEEPAWAS,1118,1118,"7/22/2019 12:00:00 AM"
Rajasthan,PALI,RAIPUR,"DEOLI KALLAN",2792,2792,"7/22/2019 12:00:00 AM"
Rajasthan,PALI,RAIPUR,GIRI,1666,1666,"7/22/2019 12:00:00 AM"
Rajasthan,PALI,RAIPUR,HAZIWAS,875,875,"7/22/2019 12:00:00 AM"
Rajasthan,PALI,RAIPUR,"JHALA KI CHOWKI",1160,1160,"7/22/2019 12:00:00 AM"
Rajasthan,PALI,RAIPUR,JHOONTHA,1965,1965,"7/22/2019 12:00:00 AM"
Rajasthan,PALI,RAIPUR,"KALAB KALLAN",806,806,"7/22/2019 12:00:00 AM"
Rajasthan,PALI,RAIPUR,KALALIYA,929,929,"7/22/2019 12:00:00 AM"
Rajasthan,PALI,RAIPUR,KANUJA,1022,1022,"7/22/2019 12:00:00 AM"
Rajasthan,PALI,RAIPUR,"KOT KIRANA",1328,1328,"7/22/2019 12:00:00 AM"
Rajasthan,PALI,RAIPUR,KUSHALPURA,2143,2143,"7/22/2019 12:00:00 AM"
Rajasthan,PALI,RAIPUR,LILAMBA,1208,1208,"7/22/2019 12:00:00 AM"
Rajasthan,PALI,RAIPUR,"MOHRA KALLAN",1035,1035,"7/22/2019 12:00:00 AM"
Rajasthan,PALI,RAIPUR,NANANA,1226,1226,"7/22/2019 12:00:00 AM"
Rajasthan,PALI,RAIPUR,"NIMBERA KALLAN",527,527,"7/22/2019 12:00:00 AM"
Rajasthan,PALI,RAIPUR,"PACHAN PURA",1008,1008,"7/22/2019 12:00:00 AM"
Rajasthan,PALI,RAIPUR,PIPALIYA,1471,1471,"7/22/2019 12:00:00 AM"
Rajasthan,PALI,RAIPUR,"PRATAP GARH",1274,1274,"7/22/2019 12:00:00 AM"
Rajasthan,PALI,RAIPUR,RAIPUR,3845,3845,"7/22/2019 12:00:00 AM"
Rajasthan,PALI,RAIPUR,"RAMPURA KALLAN",1104,1104,"7/22/2019 12:00:00 AM"
Rajasthan,PALI,RAIPUR,RATADIYA,1008,1008,"7/22/2019 12:00:00 AM"
Rajasthan,PALI,RAIPUR,RELRA,832,832,"7/22/2019 12:00:00 AM"
Rajasthan,PALI,RAIPUR,SABALPURA,1187,1187,"7/22/2019 12:00:00 AM"
Rajasthan,PALI,RAIPUR,SENDRA,1423,1423,"7/22/2019 12:00:00 AM"
Rajasthan,PALI,RAIPUR,SUMEL,1507,1507,"7/22/2019 12:00:00 AM"
Rajasthan,PALI,"RANI STATION",BALRAI,1273,1273,"7/22/2019 12:00:00 AM"
Rajasthan,PALI,"RANI STATION",BHADARLAU,275,275,"7/22/2019 12:00:00 AM"
Rajasthan,PALI,"RANI STATION",BIJOWA,1231,1231,"7/22/2019 12:00:00 AM"
Rajasthan,PALI,"RANI STATION",BOOSI,921,921,"7/22/2019 12:00:00 AM"
Rajasthan,PALI,"RANI STATION",CHANCHORI,991,991,"7/22/2019 12:00:00 AM"
Rajasthan,PALI,"RANI STATION",DEOLI,565,565,"7/22/2019 12:00:00 AM"
Rajasthan,PALI,"RANI STATION",DHARIYA,883,883,"7/22/2019 12:00:00 AM"
Rajasthan,PALI,"RANI STATION",GAJNIPURA,858,858,"7/22/2019 12:00:00 AM"
Rajasthan,PALI,"RANI STATION",GHENARI,998,998,"7/22/2019 12:00:00 AM"
Rajasthan,PALI,"RANI STATION",INDERWARA,1085,1085,"7/22/2019 12:00:00 AM"
Rajasthan,PALI,"RANI STATION","ITENDRA CHARANAN",1098,1098,"7/22/2019 12:00:00 AM"
Rajasthan,PALI,"RANI STATION","ITENDRA MERTIYAN",927,927,"7/22/2019 12:00:00 AM"
Rajasthan,PALI,"RANI STATION",JAWALI,972,972,"7/22/2019 12:00:00 AM"
Rajasthan,PALI,"RANI STATION","JEEWAND KALLAN",850,850,"7/22/2019 12:00:00 AM"
Rajasthan,PALI,"RANI STATION",KERLI,696,696,"7/22/2019 12:00:00 AM"
Rajasthan,PALI,"RANI STATION",KHINWARA,1211,1211,"7/22/2019 12:00:00 AM"
Rajasthan,PALI,"RANI STATION",KHOD,1588,1588,"7/22/2019 12:00:00 AM"
Rajasthan,PALI,"RANI STATION",KIRWA,852,852,"7/22/2019 12:00:00 AM"
Rajasthan,PALI,"RANI STATION",KISHANPURA,662,662,"7/22/2019 12:00:00 AM"
Rajasthan,PALI,"RANI STATION",MANDAL,913,913,"7/22/2019 12:00:00 AM"
Rajasthan,PALI,"RANI STATION","NADAN  BHATAN",710,710,"7/22/2019 12:00:00 AM"
Rajasthan,PALI,"RANI STATION",NIMBARA,677,677,"7/22/2019 12:00:00 AM"
Rajasthan,PALI,"RANI STATION",NIPPLE,1290,1290,"7/22/2019 12:00:00 AM"
Rajasthan,PALI,"RANI STATION","RANI KALLAN",1266,1266,"7/22/2019 12:00:00 AM"
Rajasthan,PALI,"RANI STATION",SALARIYA,755,755,"7/22/2019 12:00:00 AM"
Rajasthan,PALI,"RANI STATION",SANWALTA,701,701,"7/22/2019 12:00:00 AM"
Rajasthan,PALI,"RANI STATION",SIWAS,678,678,"7/22/2019 12:00:00 AM"
Rajasthan,PALI,"RANI STATION",VARKANA,631,631,"7/22/2019 12:00:00 AM"
Rajasthan,PALI,"RANI STATION",WANDER,670,670,"7/22/2019 12:00:00 AM"
Rajasthan,PALI,ROHAT,BHAKHARIWALA,996,996,"7/22/2019 12:00:00 AM"
Rajasthan,PALI,ROHAT,BITHOO,796,796,"7/22/2019 12:00:00 AM"
Rajasthan,PALI,ROHAT,CHENDA,1026,1026,"7/22/2019 12:00:00 AM"
Rajasthan,PALI,ROHAT,CHOTILA,1243,1243,"7/22/2019 12:00:00 AM"
Rajasthan,PALI,ROHAT,DHABAR,819,819,"7/22/2019 12:00:00 AM"
Rajasthan,PALI,ROHAT,"DHOLERIYA SASAN",676,676,"7/22/2019 12:00:00 AM"
Rajasthan,PALI,ROHAT,DIWANDI,1025,1025,"7/22/2019 12:00:00 AM"
Rajasthan,PALI,ROHAT,GADHWARA,1244,1244,"7/22/2019 12:00:00 AM"
Rajasthan,PALI,ROHAT,GELAWAS,935,935,"7/22/2019 12:00:00 AM"
Rajasthan,PALI,ROHAT,JHINTARA,1250,1250,"7/22/2019 12:00:00 AM"
Rajasthan,PALI,ROHAT,KALALI,1270,1270,"7/22/2019 12:00:00 AM"
Rajasthan,PALI,ROHAT,KHANDI,643,643,"7/22/2019 12:00:00 AM"
Rajasthan,PALI,ROHAT,KHARDA,642,642,"7/22/2019 12:00:00 AM"
Rajasthan,PALI,ROHAT,KHUNDAWAS,772,772,"7/22/2019 12:00:00 AM"
Rajasthan,PALI,ROHAT,KULTHANA,1296,1296,"7/22/2019 12:00:00 AM"
Rajasthan,PALI,ROHAT,MANDAWAS,909,909,"7/22/2019 12:00:00 AM"
Rajasthan,PALI,ROHAT,"NIMBLI URA",762,762,"7/22/2019 12:00:00 AM"
Rajasthan,PALI,ROHAT,RANA,607,607,"7/22/2019 12:00:00 AM"
Rajasthan,PALI,ROHAT,ROHAT,1818,1818,"7/22/2019 12:00:00 AM"
Rajasthan,PALI,ROHAT,"SANWALTA KALAN",696,696,"7/22/2019 12:00:00 AM"
Rajasthan,PALI,ROHAT,SINGARI,702,702,"7/22/2019 12:00:00 AM"
Rajasthan,PALI,ROHAT,"SONAI LAKHA",841,841,"7/22/2019 12:00:00 AM"
Rajasthan,PALI,ROHAT,VAYAD,1141,1141,"7/22/2019 12:00:00 AM"
Rajasthan,PALI,SOJAT,ATBRA,1291,1291,"7/22/2019 12:00:00 AM"
Rajasthan,PALI,SOJAT,"BAGARI NAGAR",2392,2392,"7/22/2019 12:00:00 AM"
Rajasthan,PALI,SOJAT,BASNA,581,581,"7/22/2019 12:00:00 AM"
Rajasthan,PALI,SOJAT,BHAISANA,739,739,"7/22/2019 12:00:00 AM"
Rajasthan,PALI,SOJAT,BILLAWAS,999,999,"7/22/2019 12:00:00 AM"
Rajasthan,PALI,SOJAT,BOYAL,732,732,"7/22/2019 12:00:00 AM"
Rajasthan,PALI,SOJAT,CHADWAS,643,643,"7/22/2019 12:00:00 AM"
Rajasthan,PALI,SOJAT,"CHANDAWAL NAGAR",1428,1428,"7/22/2019 12:00:00 AM"
Rajasthan,PALI,SOJAT,"CHANDAWAL STATION",1149,1149,"7/22/2019 12:00:00 AM"
Rajasthan,PALI,SOJAT,CHOPRA,970,970,"7/22/2019 12:00:00 AM"
Rajasthan,PALI,SOJAT,DHAKARI,983,983,"7/22/2019 12:00:00 AM"
Rajasthan,PALI,SOJAT,DHINNAWAS,621,621,"7/22/2019 12:00:00 AM"
Rajasthan,PALI,SOJAT,DHURASANI,648,648,"7/22/2019 12:00:00 AM"
Rajasthan,PALI,SOJAT,GAGUDA,796,796,"7/22/2019 12:00:00 AM"
Rajasthan,PALI,SOJAT,"GUDA BEEJA",1129,1129,"7/22/2019 12:00:00 AM"
Rajasthan,PALI,SOJAT,"GUDA KALLAN",1091,1091,"7/22/2019 12:00:00 AM"
Rajasthan,PALI,SOJAT,"GUDA RAMSINGH",899,899,"7/22/2019 12:00:00 AM"
Rajasthan,PALI,SOJAT,HARIYAMALI,968,968,"7/22/2019 12:00:00 AM"
Rajasthan,PALI,SOJAT,JHUPELAO,823,823,"7/22/2019 12:00:00 AM"
Rajasthan,PALI,SOJAT,"KARMAWAS PATTA",902,902,"7/22/2019 12:00:00 AM"
Rajasthan,PALI,SOJAT,KELWAD,873,873,"7/22/2019 12:00:00 AM"
Rajasthan,PALI,SOJAT,"KHARIYA NEEV",1128,1128,"7/22/2019 12:00:00 AM"
Rajasthan,PALI,SOJAT,"KHARIYA SODA",1059,1059,"7/22/2019 12:00:00 AM"
Rajasthan,PALI,SOJAT,KHODIYA,897,897,"7/22/2019 12:00:00 AM"
Rajasthan,PALI,SOJAT,KHOKHARA,930,930,"7/22/2019 12:00:00 AM"
Rajasthan,PALI,SOJAT,MANDLA,990,990,"7/22/2019 12:00:00 AM"
Rajasthan,PALI,SOJAT,MEV,1362,1362,"7/22/2019 12:00:00 AM"
Rajasthan,PALI,SOJAT,"RAIRA KALLAN - KHURD",767,767,"7/22/2019 12:00:00 AM"
Rajasthan,PALI,SOJAT,"RAJOLA KALLAN",875,875,"7/22/2019 12:00:00 AM"
Rajasthan,PALI,SOJAT,RENDRI,770,770,"7/22/2019 12:00:00 AM"
Rajasthan,PALI,SOJAT,REPRAWAS,847,847,"7/22/2019 12:00:00 AM"
Rajasthan,PALI,SOJAT,ROOPAWAS,669,669,"7/22/2019 12:00:00 AM"
Rajasthan,PALI,SOJAT,SANDIYA,997,997,"7/22/2019 12:00:00 AM"
Rajasthan,PALI,SOJAT,SARDARSAMAND,451,451,"7/22/2019 12:00:00 AM"
Rajasthan,PALI,SOJAT,SHIVPURA,1225,1225,"7/22/2019 12:00:00 AM"
Rajasthan,PALI,SOJAT,SIYAT,838,838,"7/22/2019 12:00:00 AM"
Rajasthan,PALI,SOJAT,"SOJAT ROAD",2272,2272,"7/22/2019 12:00:00 AM"
Rajasthan,PALI,SOJAT,SURAYTA,995,995,"7/22/2019 12:00:00 AM"
Rajasthan,PALI,SUMERPUR,ANOPPURA,1174,1174,"7/22/2019 12:00:00 AM"
Rajasthan,PALI,SUMERPUR,ARENPURA,1762,1762,"7/22/2019 12:00:00 AM"
Rajasthan,PALI,SUMERPUR,BALANA,1261,1261,"7/22/2019 12:00:00 AM"
Rajasthan,PALI,SUMERPUR,BALUPURA,882,882,"7/22/2019 12:00:00 AM"
Rajasthan,PALI,SUMERPUR,BAMNERA,688,688,"7/22/2019 12:00:00 AM"
Rajasthan,PALI,SUMERPUR,BANKALI,1168,1168,"7/22/2019 12:00:00 AM"
Rajasthan,PALI,SUMERPUR,BASANT,1313,1313,"7/22/2019 12:00:00 AM"
Rajasthan,PALI,SUMERPUR,BHARUNDA,948,948,"7/22/2019 12:00:00 AM"
Rajasthan,PALI,SUMERPUR,BIRAMI,859,859,"7/22/2019 12:00:00 AM"
Rajasthan,PALI,SUMERPUR,CHANOD,1462,1462,"7/22/2019 12:00:00 AM"
Rajasthan,PALI,SUMERPUR,DAOTARA,754,754,"7/22/2019 12:00:00 AM"
Rajasthan,PALI,SUMERPUR,DHANA,763,763,"7/22/2019 12:00:00 AM"
Rajasthan,PALI,SUMERPUR,"DHOLA JAGIR",788,788,"7/22/2019 12:00:00 AM"
Rajasthan,PALI,SUMERPUR,DUJANA,1215,1215,"7/22/2019 12:00:00 AM"
Rajasthan,PALI,SUMERPUR,GOGARA,1527,1527,"7/22/2019 12:00:00 AM"
Rajasthan,PALI,SUMERPUR,KHIMARA,966,966,"7/22/2019 12:00:00 AM"
Rajasthan,PALI,SUMERPUR,KHIWANDI,1386,1386,"7/22/2019 12:00:00 AM"
Rajasthan,PALI,SUMERPUR,KOLIWARA,1492,1492,"7/22/2019 12:00:00 AM"
Rajasthan,PALI,SUMERPUR,KORATA,757,757,"7/22/2019 12:00:00 AM"
Rajasthan,PALI,SUMERPUR,KOSELAO,1779,1779,"7/22/2019 12:00:00 AM"
Rajasthan,PALI,SUMERPUR,LAPOD,1239,1239,"7/22/2019 12:00:00 AM"
Rajasthan,PALI,SUMERPUR,NETARA,908,908,"7/22/2019 12:00:00 AM"
Rajasthan,PALI,SUMERPUR,NOVI,914,914,"7/22/2019 12:00:00 AM"
Rajasthan,PALI,SUMERPUR,PALARI,1036,1036,"7/22/2019 12:00:00 AM"
Rajasthan,PALI,SUMERPUR,PAVA,1535,1535,"7/22/2019 12:00:00 AM"
Rajasthan,PALI,SUMERPUR,POMAWA,1477,1477,"7/22/2019 12:00:00 AM"
Rajasthan,PALI,SUMERPUR,SALODRIYA,818,818,"7/22/2019 12:00:00 AM"
Rajasthan,PALI,SUMERPUR,SANDERAO,1890,1890,"7/22/2019 12:00:00 AM"
Rajasthan,PALI,SUMERPUR,SINDRU,884,884,"7/22/2019 12:00:00 AM"
