"State /UTs","Crime Head","Offences by / against Public Servant (Section 167, 172, 173, 175 IPC)","False electronic evidence (Section 193 IPC)","Destruction of electronic evidence (Section 204, 477 IPC)","Forgery (Section 463, 465, 466, 468, 469, 471, 474, 476, 477A IPC)","Criminal Breach of Trust (Section 405, 406, 408, 409 IPC)","Counterfeiting-Property Mark (Section 482, 183, 483, 484, 485 IPC)","Counterfeiting-Tampering (Section 489 IPC)","Counterfeiting-Currency / Stamps (Section 489A to 489E IPC)",Total
"ANDHRA PRADESH","CYBER-CRIME RELATED IPC SECTIONS",0,0,0,10,2,1,3,0,16
"ARUNACHAL PRADESH","CYBER-CRIME RELATED IPC SECTIONS",0,0,0,0,0,0,0,0,0
ASSAM,"CYBER-CRIME RELATED IPC SECTIONS",0,0,0,0,0,0,0,0,0
BIHAR,"CYBER-CRIME RELATED IPC SECTIONS",0,0,0,44,72,0,0,0,116
CHHATTISGARH,"CYBER-CRIME RELATED IPC SECTIONS",0,0,0,6,4,0,0,0,10
GOA,"CYBER-CRIME RELATED IPC SECTIONS",0,0,0,1,0,0,0,0,1
GUJARAT,"CYBER-CRIME RELATED IPC SECTIONS",0,0,0,2,12,1,0,1,16
HARYANA,"CYBER-CRIME RELATED IPC SECTIONS",0,0,2,81,122,0,0,6,211
"HIMACHAL PRADESH","CYBER-CRIME RELATED IPC SECTIONS",0,0,0,4,0,0,0,0,4
"JAMMU & KASHMIR","CYBER-CRIME RELATED IPC SECTIONS",0,0,0,0,0,0,0,0,0
JHARKHAND,"CYBER-CRIME RELATED IPC SECTIONS",1,0,0,3,9,0,0,0,13
KARNATAKA,"CYBER-CRIME RELATED IPC SECTIONS",0,0,0,1,1,0,1,17,20
KERALA,"CYBER-CRIME RELATED IPC SECTIONS",0,5,1,15,12,0,0,1,34
"MADHYA PRADESH","CYBER-CRIME RELATED IPC SECTIONS",0,0,0,19,41,0,0,0,60
MAHARASHTRA,"CYBER-CRIME RELATED IPC SECTIONS",0,0,0,215,10,1,0,0,226
MANIPUR,"CYBER-CRIME RELATED IPC SECTIONS",0,0,0,0,0,0,0,0,0
MEGHALAYA,"CYBER-CRIME RELATED IPC SECTIONS",0,0,0,0,0,0,0,0,0
MIZORAM,"CYBER-CRIME RELATED IPC SECTIONS",0,0,0,0,0,0,0,0,0
NAGALAND,"CYBER-CRIME RELATED IPC SECTIONS",0,0,0,0,0,0,0,0,0
ORISSA,"CYBER-CRIME RELATED IPC SECTIONS",0,0,2,34,0,0,3,0,39
PUNJAB,"CYBER-CRIME RELATED IPC SECTIONS",0,0,0,2,3,2,1,2,10
RAJASTHAN,"CYBER-CRIME RELATED IPC SECTIONS",0,0,0,26,31,1,0,0,58
SIKKIM,"CYBER-CRIME RELATED IPC SECTIONS",0,0,0,0,0,0,0,0,0
"TAMIL NADU","CYBER-CRIME RELATED IPC SECTIONS",0,0,0,21,12,3,0,0,36
TRIPURA,"CYBER-CRIME RELATED IPC SECTIONS",0,0,0,0,0,0,0,0,0
"UTTAR PRADESH","CYBER-CRIME RELATED IPC SECTIONS",0,1,1,219,89,0,0,0,310
UTTARAKHAND,"CYBER-CRIME RELATED IPC SECTIONS",0,0,0,2,2,0,0,0,4
"WEST BENGAL","CYBER-CRIME RELATED IPC SECTIONS",0,0,0,21,96,1,0,14,132
"TOTAL (STATES)","CYBER-CRIME RELATED IPC SECTIONS",1,6,6,726,518,10,8,41,1316
"A & N ISLANDS","CYBER-CRIME RELATED IPC SECTIONS",0,0,0,0,0,0,0,0,0
CHANDIGARH,"CYBER-CRIME RELATED IPC SECTIONS",0,0,0,2,0,0,0,0,2
"D & N HAVELI","CYBER-CRIME RELATED IPC SECTIONS",0,0,0,0,0,0,0,0,0
"DAMAN & DIU","CYBER-CRIME RELATED IPC SECTIONS",0,0,0,0,0,0,0,0,0
DELHI,"CYBER-CRIME RELATED IPC SECTIONS",0,0,0,19,0,0,0,0,19
LAKSHADWEEP,"CYBER-CRIME RELATED IPC SECTIONS",0,0,0,0,0,0,0,0,0
PUDUCHERRY,"CYBER-CRIME RELATED IPC SECTIONS",0,0,0,0,0,0,0,0,0
"TOTAL (UTS)","CYBER-CRIME RELATED IPC SECTIONS",0,0,0,21,0,0,0,0,21
"TOTAL (ALL INDIA)","CYBER-CRIME RELATED IPC SECTIONS",1,6,6,747,518,10,8,41,1337
