"City Name","Zone Name","Ward name","Ward No.","Door to Door (D2D) collection Status - No of Households (HH)","Door to Door (D2D) collection Status - No of HH under daily D2D collection","User Charge Collection - Whether user charges imposed (Y/N)","User Charge Collection - Rate (in INR)","User Charge Collection - Monthly revenue collected (in lakhs)"
Chandigarh,"North & East",1,1,5380,5380,Yes,"as per the rates notified by the MCC","collectors collecting charges directly from the households"
Chandigarh,North,2,2,4253,4253,Yes,"as per the rates notified by the MCC","collectors collecting charges directly from the households"
Chandigarh,North,3,3,5150,5150,Yes,"as per the rates notified by the MCC","collectors collecting charges directly from the households"
Chandigarh,"North & West",4,4,4933,4933,Yes,"as per the rates notified by the MCC","collectors collecting charges directly from the households"
Chandigarh,North,5,5,17211,17211,Yes,"as per the rates notified by the MCC","collectors collecting charges directly from the households"
Chandigarh,West,6,6,6369,6369,Yes,"as per the rates notified by the MCC","collectors collecting charges directly from the households"
Chandigarh,West,7,7,6446,6446,Yes,"as per the rates notified by the MCC","collectors collecting charges directly from the households"
Chandigarh,West,8,8,11266,11266,Yes,"as per the rates notified by the MCC","collectors collecting charges directly from the households"
Chandigarh,West,9,9,7113,7113,Yes,"as per the rates notified by the MCC","collectors collecting charges directly from the households"
Chandigarh,West,10,10,6950,6950,Yes,"as per the rates notified by the MCC","collectors collecting charges directly from the households"
Chandigarh,West,11,11,9407,9407,Yes,"as per the rates notified by the MCC","collectors collecting charges directly from the households"
Chandigarh,West,12,12,10496,10496,Yes,"as per the rates notified by the MCC","collectors collecting charges directly from the households"
Chandigarh,South,13,13,9024,9024,Yes,"as per the rates notified by the MCC","collectors collecting charges directly from the households"
Chandigarh,South,14,14,8500,8500,Yes,"as per the rates notified by the MCC","collectors collecting charges directly from the households"
Chandigarh,"South & West",15,15,8948,8948,Yes,"as per the rates notified by the MCC","collectors collecting charges directly from the households"
Chandigarh,"East & South",16,16,6771,6771,Yes,"as per the rates notified by the MCC","collectors collecting charges directly from the households"
Chandigarh,East,17,17,6267,6267,Yes,"as per the rates notified by the MCC","collectors collecting charges directly from the households"
Chandigarh,East,18,18,4716,4716,Yes,"as per the rates notified by the MCC","collectors collecting charges directly from the households"
Chandigarh,East,19,19,4000,4000,Yes,"as per the rates notified by the MCC","collectors collecting charges directly from the households"
Chandigarh,East,20,20,6715,6715,Yes,"as per the rates notified by the MCC","collectors collecting charges directly from the households"
Chandigarh,South,21,21,7868,7868,Yes,"as per the rates notified by the MCC","collectors collecting charges directly from the households"
Chandigarh,South,22,22,8115,8115,Yes,"as per the rates notified by the MCC","collectors collecting charges directly from the households"
Chandigarh,South,23,23,19365,19365,Yes,"as per the rates notified by the MCC","collectors collecting charges directly from the households"
Chandigarh,East,24,24,10480,10480,Yes,"as per the rates notified by the MCC","collectors collecting charges directly from the households"
Chandigarh,East,25,25,12000,12000,Yes,"as per the rates notified by the MCC","collectors collecting charges directly from the households"
Chandigarh,East,26,26,10011,10011,Yes,"as per the rates notified by the MCC","collectors collecting charges directly from the households"
