"Category of States",States,"1993-94 - Boys","1993-94 - Girls","1993-94 - Children","2007-08 - Children"
"Non Special Category States","Andhra Pradesh",12.8,26.5,19.7,5.7
"Non Special Category States",Assam,20.3,24.4,22.1,10.1
"Non Special Category States",Bihar,35,55.1,43.8,27.8
"Non Special Category States",Chhattisgarh,NA,NA,NA,12.2
"Non Special Category States",Delhi,NA,NA,NA,11.6
"Non Special Category States",Goa,NA,NA,NA,NA
"Non Special Category States",Gujarat,17.1,28,22.2,9.9
"Non Special Category States",Haryana,16.6,26.3,21.2,10.9
"Non Special Category States",Jharkhand,NA,NA,NA,15.4
"Non Special Category States",Karnataka,11.4,20.7,15.9,8
"Non Special Category States",Kerala,6,5.5,5.8,2.9
"Non Special Category States","Madhya Pradesh",24.8,41.8,32.6,13.1
"Non Special Category States",Maharashtra,10.3,17.1,13.5,8
"Non Special Category States",Orissa,23.5,37.8,30.4,13.6
"Non Special Category States",Punjab,14.4,21.8,17.8,9.9
"Non Special Category States",Rajasthan,20.6,43.3,30.8,17
"Non Special Category States","Tamil Nadu",8.300000000000001,11.8,10.1,2.4
"Non Special Category States","Uttar Pradesh",25.6,47.4,35.3,16.9
"Non Special Category States","West Bengal",21.6,30.8,26,12.8
"Special Category States","Arunachal Pradesh",NA,NA,NA,NA
"Special Category States","Himachal Pradesh",NA,NA,NA,4.1
"Special Category States","Jammu & Kashmir",NA,NA,NA,7.2
"Special Category States",Manipur,NA,NA,NA,NA
"Special Category States",Meghalaya,NA,NA,NA,NA
"Special Category States",Mizoram,NA,NA,NA,NA
"Special Category States",Nagaland,NA,NA,NA,NA
"Special Category States",Sikkim,NA,NA,NA,NA
"Special Category States",Tripura,NA,NA,NA,NA
"Special Category States",Uttarakhand,NA,NA,NA,6.6
"Union Territories","Andaman & Nicobar Islands",NA,NA,NA,NA
"Union Territories",Chandigarh,NA,NA,NA,NA
"Union Territories","Dadra & Nagar Haveli",NA,NA,NA,NA
"Union Territories","Daman & Diu",NA,NA,NA,NA
"Union Territories",Lakshadweep,NA,NA,NA,NA
"Union Territories",Puducherry,NA,NA,NA,NA
"All India","All India",19.8,32.3,25.6,13
