Description,Year,Month,Count
MOPED/SCOOTER,2009,1,911
MOPED/SCOOTER,2009,2,988
MOPED/SCOOTER,2009,3,994
MOPED/SCOOTER,2009,4,839
MOPED/SCOOTER,2009,5,998
MOPED/SCOOTER,2009,6,1278
MOPED/SCOOTER,2009,7,1478
MOPED/SCOOTER,2009,8,1525
MOPED/SCOOTER,2009,9,1479
MOPED/SCOOTER,2009,10,1392
MOPED/SCOOTER,2009,11,961
MOPED/SCOOTER,2009,12,1483
"MOTOR CYCLE",2009,1,2454
"MOTOR CYCLE",2009,2,1926
"MOTOR CYCLE",2009,3,2162
"MOTOR CYCLE",2009,4,2163
"MOTOR CYCLE",2009,5,2391
"MOTOR CYCLE",2009,6,2408
"MOTOR CYCLE",2009,7,2802
"MOTOR CYCLE",2009,8,2374
"MOTOR CYCLE",2009,9,3806
"MOTOR CYCLE",2009,10,3663
"MOTOR CYCLE",2009,11,6146
"MOTOR CYCLE",2009,12,3115
"AUTO RICKSHAW",2009,1,296
"AUTO RICKSHAW",2009,2,329
"AUTO RICKSHAW",2009,3,283
"AUTO RICKSHAW",2009,4,235
"AUTO RICKSHAW",2009,5,173
"AUTO RICKSHAW",2009,6,304
"AUTO RICKSHAW",2009,7,234
"AUTO RICKSHAW",2009,8,325
"AUTO RICKSHAW",2009,9,336
"AUTO RICKSHAW",2009,10,509
"AUTO RICKSHAW",2009,11,437
"AUTO RICKSHAW",2009,12,357
"PRIVATE MOTOR CAR/JEEP CAR",2009,1,771
"PRIVATE MOTOR CAR/JEEP CAR",2009,2,691
"PRIVATE MOTOR CAR/JEEP CAR",2009,3,906
"PRIVATE MOTOR CAR/JEEP CAR",2009,4,687
"PRIVATE MOTOR CAR/JEEP CAR",2009,5,859
"PRIVATE MOTOR CAR/JEEP CAR",2009,6,990
"PRIVATE MOTOR CAR/JEEP CAR",2009,7,856
"PRIVATE MOTOR CAR/JEEP CAR",2009,8,981
"PRIVATE MOTOR CAR/JEEP CAR",2009,9,839
"PRIVATE MOTOR CAR/JEEP CAR",2009,10,1596
"PRIVATE MOTOR CAR/JEEP CAR",2009,11,1786
"PRIVATE MOTOR CAR/JEEP CAR",2009,12,1058
"PUBLIC MOTOR CAR 1 TO 6 SEAT",2009,1,7
"PUBLIC MOTOR CAR 1 TO 6 SEAT",2009,2,5
"PUBLIC MOTOR CAR 1 TO 6 SEAT",2009,3,1
"PUBLIC MOTOR CAR 1 TO 6 SEAT",2009,4,2
"PUBLIC MOTOR CAR 1 TO 6 SEAT",2009,6,3
"PUBLIC MOTOR CAR 1 TO 6 SEAT",2009,7,3
"PUBLIC MOTOR CAR 1 TO 6 SEAT",2009,8,3
"PUBLIC MOTOR CAR 1 TO 6 SEAT",2009,9,3
"PUBLIC MOTOR CAR 1 TO 6 SEAT",2009,10,13
"PUBLIC MOTOR CAR 1 TO 6 SEAT",2009,11,41
"PUBLIC MOTOR CAR 1 TO 6 SEAT",2009,12,14
"PUBLIC MOTOR CAR 7 TO 15 SEAT",2009,1,6
"PUBLIC MOTOR CAR 7 TO 15 SEAT",2009,3,4
"PUBLIC MOTOR CAR 7 TO 15 SEAT",2009,5,1
"PUBLIC MOTOR CAR 7 TO 15 SEAT",2009,6,4
"PUBLIC MOTOR CAR 7 TO 15 SEAT",2009,7,4
"PUBLIC MOTOR CAR 7 TO 15 SEAT",2009,8,4
"PUBLIC MOTOR CAR 7 TO 15 SEAT",2009,9,5
"PUBLIC MOTOR CAR 7 TO 15 SEAT",2009,10,2
"PUBLIC MOTOR CAR 7 TO 15 SEAT",2009,11,1
"PUBLIC MOTOR CAR 7 TO 15 SEAT",2009,12,1
"PUBLIC MOTOR CAR MORE THAN 16 SEAT",2009,3,3
"PUBLIC MOTOR CAR MORE THAN 16 SEAT",2009,4,4
"PUBLIC MOTOR CAR MORE THAN 16 SEAT",2009,5,1
"PUBLIC MOTOR CAR MORE THAN 16 SEAT",2009,6,10
"PUBLIC MOTOR CAR MORE THAN 16 SEAT",2009,7,7
"PUBLIC MOTOR CAR MORE THAN 16 SEAT",2009,8,4
"PUBLIC MOTOR CAR MORE THAN 16 SEAT",2009,9,5
"PUBLIC MOTOR CAR MORE THAN 16 SEAT",2009,11,1
"LOADING TRUCK/TEMPO/TRACTOR UPTO 2 TON",2009,1,36
"LOADING TRUCK/TEMPO/TRACTOR UPTO 2 TON",2009,2,65
"LOADING TRUCK/TEMPO/TRACTOR UPTO 2 TON",2009,3,100
"LOADING TRUCK/TEMPO/TRACTOR UPTO 2 TON",2009,4,47
"LOADING TRUCK/TEMPO/TRACTOR UPTO 2 TON",2009,5,66
"LOADING TRUCK/TEMPO/TRACTOR UPTO 2 TON",2009,6,59
"LOADING TRUCK/TEMPO/TRACTOR UPTO 2 TON",2009,7,66
"LOADING TRUCK/TEMPO/TRACTOR UPTO 2 TON",2009,8,86
"LOADING TRUCK/TEMPO/TRACTOR UPTO 2 TON",2009,9,63
"LOADING TRUCK/TEMPO/TRACTOR UPTO 2 TON",2009,10,68
"LOADING TRUCK/TEMPO/TRACTOR UPTO 2 TON",2009,11,41
"LOADING TRUCK/TEMPO/TRACTOR UPTO 2 TON",2009,12,28
"LOADING TRUCK/TEMPO/TRACTOR 2 TO 4 TON",2009,1,1
"LOADING TRUCK/TEMPO/TRACTOR 2 TO 4 TON",2009,2,1
"LOADING TRUCK/TEMPO/TRACTOR 2 TO 4 TON",2009,3,4
"LOADING TRUCK/TEMPO/TRACTOR 2 TO 4 TON",2009,4,3
"LOADING TRUCK/TEMPO/TRACTOR 2 TO 4 TON",2009,5,7
"LOADING TRUCK/TEMPO/TRACTOR 2 TO 4 TON",2009,6,9
"LOADING TRUCK/TEMPO/TRACTOR 2 TO 4 TON",2009,7,4
"LOADING TRUCK/TEMPO/TRACTOR 2 TO 4 TON",2009,8,8
"LOADING TRUCK/TEMPO/TRACTOR 2 TO 4 TON",2009,9,3
"LOADING TRUCK/TEMPO/TRACTOR 2 TO 4 TON",2009,10,5
"LOADING TRUCK/TEMPO/TRACTOR 2 TO 4 TON",2009,11,3
"LOADING TRUCK/TEMPO/TRACTOR 2 TO 4 TON",2009,12,2
"LOADING TRUCK/TEMPO/TRACTOR 4 TO 8 TON",2009,1,3
"LOADING TRUCK/TEMPO/TRACTOR 4 TO 8 TON",2009,3,3
"LOADING TRUCK/TEMPO/TRACTOR 4 TO 8 TON",2009,4,2
"LOADING TRUCK/TEMPO/TRACTOR 4 TO 8 TON",2009,5,9
"LOADING TRUCK/TEMPO/TRACTOR 4 TO 8 TON",2009,6,2
"LOADING TRUCK/TEMPO/TRACTOR 4 TO 8 TON",2009,7,5
"LOADING TRUCK/TEMPO/TRACTOR 4 TO 8 TON",2009,8,4
"LOADING TRUCK/TEMPO/TRACTOR 4 TO 8 TON",2009,9,6
"LOADING TRUCK/TEMPO/TRACTOR 4 TO 8 TON",2009,10,5
"LOADING TRUCK/TEMPO/TRACTOR 4 TO 8 TON",2009,11,4
"LOADING TRUCK/TEMPO/TRACTOR 4 TO 8 TON",2009,12,4
"LOADING TRUCK/TEMPO/TRACTOR MORE THAN 8 TON",2009,3,9
"LOADING TRUCK/TEMPO/TRACTOR MORE THAN 8 TON",2009,4,1
"LOADING TRUCK/TEMPO/TRACTOR MORE THAN 8 TON",2009,6,1
"LOADING TRUCK/TEMPO/TRACTOR MORE THAN 8 TON",2009,7,2
"LOADING TRUCK/TEMPO/TRACTOR MORE THAN 8 TON",2009,10,1
"LOADING TRUCK/TEMPO/TRACTOR MORE THAN 8 TON",2009,11,1
"LOADING TRUCK/TEMPO/TRACTOR MORE THAN 8 TON",2009,12,1
"TRAILER UPTO 2 TON",2009,1,1
"TRAILER UPTO 2 TON",2009,2,3
"TRAILER UPTO 2 TON",2009,3,2
"TRAILER UPTO 2 TON",2009,4,2
"TRAILER UPTO 2 TON",2009,7,1
"TRAILER UPTO 2 TON",2009,11,1
EXCAVATOR,2009,1,1
EXCAVATOR,2009,3,2
EXCAVATOR,2009,6,2
EXCAVATOR,2009,9,1
EXCAVATOR,2009,10,1
CRANE,2009,1,1
CRANE,2009,2,1
CRANE,2009,3,1
CRANE,2009,5,1
CRANE,2009,6,2
CRANE,2009,7,1
CRANE,2009,9,1
CRANE,2009,11,1
CRANE,2009,12,1
LOADER,2009,11,2
TEMPO,2009,1,64
TEMPO,2009,2,105
TEMPO,2009,3,103
TEMPO,2009,4,118
TEMPO,2009,5,115
TEMPO,2009,6,108
TEMPO,2009,7,110
TEMPO,2009,8,149
TEMPO,2009,9,148
TEMPO,2009,10,133
TEMPO,2009,11,118
TEMPO,2009,12,150
