Year,"New Connectivity - Habitations covered during the year (in number)","New Connectivity - Habitations covered upto the end of year (in number)","New Connectivity - Road constructed during the year (in KM)","New Connectivity - Road constructed upto the end of year (in KM)","Upgradation - Road upgraded during the year (in KM)","Upgradation - Road upgraded upto the year (in KM)"
2005-06,5210,5102,18054.3,18054.3,3898.1,3898.1
2006-07,8251,13353,21422.85,39477.15,44306.65,48204.75
2007-08,7040,20393,21901.76,61378.91,58145.39,106350.14
2008-09,10760,31153,24026.36,85405.27,48668.82,155018.96
2009-10,4172,35325,20751.88,106157.15,42437.5,197456.46
2010-11,4627,39952,19391.15,125548.3,24138.38,221594.84
2011-12,4137,44089,15547.57,141095.87,14308.64,235903.48
2012-13,4690,48779,17314.79,158410.66,9075.6,244979.08
2013-14,2474,51253,14506,172916,6778.69,251757.77
2014-15,1445,52698,15386.84,188303.5,5598.59,257356.36
