"S. No.",Area,"Projects Count"
1,"Agriculture Biotechnology-I",5
2,"Agriculture Biotechnology-II",53
3,"Agriculture Biotechnology-III",31
4,"Animal Biotechnology",40
5,"Animal Diagnostic and Vaccine",11
6,"Aquaculture and Marine Biotechnology",36
7,"Basic plant Biology; Agriculture and Frontier Area",18
8,"Basic Research In Modern Biology",114
9,BIOCARE,171
10,Bioengineering,30
11,"Bioinformatics R and D Projects",40
12,"Biopesticides and Crop Management",19
13,"Bioresource Development  and  utilization - Bioprospecting  and  Bioresources",32
14,"Biosystems  and   Bioprocess Engineering",4
15,"Biotech Based Programmes For Rural Development",1
16,"Biotech Based Programmes For Women",1
17,"Biotechnology Of Biofertilisers",9
18,"BPPD- Microbial and Industrial Biotechnology",26
19,"Centre Of Excellence",49
20,"Energy Biosciences - Biofuels",33
21,"Environmental Biotechnology",59
22,"Genome Engineering  and  Technologies",6
23,"INDO - JAPAN",1
24,"Infrastructure Facilities",30
25,"International Collaboration-I",9
26,"International Collaboration-II",6
27,"Medical Biotechnology - Human Developmental  and  Disease Biology HDDB",26
28,"Medical Biotechnology - Human Genetics and Genome",39
29,"Medical Biotechnology - Infectious Diseases",98
30,"Medical Biotechnology - Non-Infectious Diseases",106
31,"Medical Biotechnology - Stem Cell Biology",30
32,"Medical Biotechnology - HIV/AIDS and Microbicides",1
33,"Medical Biotechnology - Vaccine Research and Diagnos",29
34,"Medicinal and Aromatic Plants",19
35,"Nanoscience and Nanotechnology Application in Biol",50
36,"Plant Biotechnology",41
37,"Public Health  Food and Nutrition",80
38,"Rapid - General Biotechnology",113
39,"RNAi Technology",49
40,Seribiotechnology,6
41,"Technology Development in Silk and its application in biomaterials",1
42,"Translational Research on Medicinal and Aromatic Plants products",1
