S.no,Designation,Address,"Land Line","Mobile Number","E-mail Id"
1,"Superintending Engineer/Tuticorin ,","Tuticorin EDC,TANGEDCO,131,132, Ettayapuram Road,Tuticorin-628001",0461-2324150,9443141502,setuti@tnebnet.org
2,"Executive Engineer/Urban/Tuticorin","131,132,Ettayapuram Road,Tuticorin-628001",0461-2326651,9445854741,"eeomuttn@tnebnet.org & tiu4701ee@tnebnet.org"
3,"Assistant Executive Engineer/U/N/Tuticorin","110 KV SS Complex, Near New Bus Stand,Tuticorin-628001",0461-2345751,9445854742,tiu4701aee1@tnebnet.org
4,"Assistant Engineer/U/N/Tuticorin","7a,Carpenter Street,Tuticorin-628001",0461-2320863,9445854743,tiu341ae@tnebnet.org
5,"Assistant Engineer/RL/N/Tuticorin","3A/4h,Sundaravelpuram,6th street,Tuticorin-628002",0461-2360330,9445854744,tiu347ae@tnebnet.org
6,"Assistant Engineer/U/E/Tuticorin","40,Beach Road ,Tuticorin-628001",0461-2321651,9445854745,tiu343ae@tnebnet.org
7,"Assistant Engineer/U/Keelur/Tuticorin","111/51, Pole pettai,Tuticorin 628002",0461-2346585,9445854746,tiu346ae@tnebnet.org
8,"Assistant Engineer/U/C/Tuticorin","2,W.G.C Road,Near old Municipal office,pin-628001",0461-2327051,9445854747,tiu345ae@tnebnet.org
9,"Assistant Executive Engineer/U/South/Tuticorin","131,132, Ettayapuram Road,Tuticorin-628001",0461-2300341,9445854748,tiu4701aee1@tnebnet.org
10,"Assistant Engineer/U/West/Tuticorin","131, Ettayapuram Road,Tuticorin-628001",0461-2321301,9445854749,tiu344ae@tnebnet.org
11,"Assistant Engineer/R/West/Tuticorin","559,Caldwell Colony ,6th street Tuticorin-628008",0461-2376750,9445854750,tiu350ae@tnebnet.org
12,"Assistant Engineer/URBAN/S/Tuticorin","29,Masilamani puram 3rd street, Tuticorin-628008",0461-2390901,9445854751,tiu342ae@tnebnet.org
13,"Assistant Engineer/N/Muthiyapuram","JP Nagar, Muthiapuram,Tuticorin-628005",0461-2355111,9445854752,tiu348ae@tnebnet.org
14,"Assistant Engineer/S/Muthiyapuram","5/49,Abirami Nagar 628005",0461-2355214,9445854753,tiu349ae@tnebnet.org
15,"Assistant Executive Engineer/Ottaipidaram","110 KV SS Complex,Taluk office Road, Ottaipidaram-628401",0461-2366237,9445854754,tiu4701aee3@tnebnet.org
16,"Assistant Engineer/Ottaipidaram","110 KV SS Complex, Taluk office Road, ottaipidaram-628401.",0461-2366237,9445854755,tiu351ae@tnebnet.org
17,"Assistant Engineer/Puthiamputhur","2/169,Ottapidaram Road,Puthiamputhur- 628402",0461-2361573,9445854756,tiu352ae@tnebnet.org
18,"Assistant Engineer/Puliyampatti","6/256 Main Road ,Savalaperi-628303",0461-2373253,9445854757,tiu354ae@tnebnet.org
19,"Assistant Engineer/Ottanatham","33KV SS complex,Maniyachi Road Ottanatham, P.O-628302",0461-2268223,9445854758,tiu353ae@tnebnet.org
20,"Assistant Executive Engineer/C&I/Tuticorin","WGC Road,Near Old Municipal Office,Tuticorin-628001",NA,9445854759,aeeconttn@tnebnet.org
21,"Assistant Engineer/C&I/SIPCOT/Tuticorin","110 KV SS complex/ SIPCOT/Tuticorin",0461-2340025,9445854760,NA
22,"Executive Engineer/Rural/Tuticorin","131,132, Ettayapuram Road,Tuticorin-628001",0461-2324651,9445854761,"tiu4703ee@tnebnet.org & eeomrttn@tnebnet.org"
23,"Assistant Executive Engineer/Rural/Tuticorin","2,W.G.C. Road,Near Old Municipal office- 628001",0461-2312541,9445854762,tiu4703aee1@tnebnet.org
24,"Assistant Engineer/Kulathur","33KV SS Complex,Vilathikulam Road,Kulathur-",04638-227267,9445854763,tiu383ae@tnebnet.org
25,"Assistant Engineer/Pudukottai","20/53, yadavar street,Pudukottai-628103",0461-2271536,9445854764,tiu381ae@tnebnet.org
26,"Assistant Engineer/Vallanadu","Lakshmi vinayagar koil street,Vallanadu-628 252",04630-261150,9445854765,tiu382ae@tnebnet.org
27,"Assistant Engineer/Sawyeerpuram","7,canon street,sawyeerpuram,pin-628 257",04630-273306,9445854766,tiu384ae@tnebnet.org
28,"Assistant Engineer/Palayakayal","1/165, Main Road,Palayakayal 628 152",04630-275330,9445854767,tiu385ae@tnebnet.org
29,"Assistant Executive Engineer/Vilathikulam","110/11KV SS complex ,Vilathikulam 628 907",04638-233532,9445854768,tiu4703aee3@tnebnet.org
30,"Assistant Engineer/Vilathikulam","110/11KV SS complex ,Vilathikulam 628 907",04638-233532,9445854769,tiu386ae@tnebnet.org
31,"Assistant Engineer/Nagalapuram","33/11KV SS, Nagalapuram,Vilathikulam TK 628 904",04638-242227,9445854770,tiu388ae@tnebnet.org
32,"Assistant Engineer/C&I/Nagalapuram","33/11KV SS, Nagalapuram,Vilathikulam TK 628 904",NA,9445854771,NA
33,"Assistant Engineer/Puthur","2/18, Nadar Uravin Murai Building,Vivekanada street, Pudur. 628 905",04638-252361,9445854772,tiu389ae@tnebnet.org
34,"Assistant Engineer/Soorangudi","33/11KV SS Soorangudi (P.O),Vilathikulam-628907",04638-262340,9445854773,tiu387ae@tnebnet.org
35,"Assistant Executive Engineer/Srivaikuntam","33/11KV SS Complex,Pudukudy,Srivaikundam-628601",04630-255255,9445854774,tiu4703aee2@tnebnet.org
36,"Assistant Engineer/T/Srivaikuntam","33/11KV SS Complex,Pudukudy,Srivaikundam-628601",04630-255255,9445854840,tiu390ae@tnebnet.org
37,"Assistant Engineer/R/Srivaikuntam","3/11KV SS Complex,Pudukudy,Srivaikundam-628601",04630-255255,9445854775,tiu391ae@tnebnet.org
38,"Assistant Engineer/Eral","12/21, Palayamkottai Road,Eral- 628 801",04630-270007,9445854776,tiu392ae@tnebnet.org
39,"Assistant Engineer/Seidunganallur","5/289,Main Road,Seidunganallur-628809",04630-262317,9445854330,tiu393ae@tnebnet.org
40,"Assistant Engineer/C&I/R/Tuticorin","Ganesh Nagar Tuticorin-628653",NA,9445854778,aeecontcr@tnebnet.org
41,"Executive Engineer/Kovilpatti","Tneb complex,Ilayarasanendal Road,kovilpatti-628501",04632-220298,9445854779,"tiu4702ee@tnebnet.org & eeomkvpti@tnebnet.org"
42,"Assistant Executive Engineer/U/Kovilpatti","Tneb complex,Ilayarasanendal Road,kovilpatti-628501",04632-221298,9445854780,tiu4702aee1@tnebnet.org
43,"Assistant Engineer/T/East/Kovilpatti","Tneb complex,Ilayarasanendal Road ,kovilpatti-628501",04632-221333,9445854785,tit311ae@tnebnet.org
44,"Assistant Engineer/T/West/Kovilpatti","Tneb complex,Ilayarasanendal Road ,kovilpatti-628501",04632-221333,9445854784,tit312ae@tnebnet.org
45,"Assistant Engineer/T/North/Kovilpatti","Tneb complex,Ilayarasanendal Road ,kovilpatti-628501",04632-221333,9445854782,tit313ae@tnebnet.org
46,"Assistant Engineer/T/South/Kovilpatti","Tneb complex,Ilayarasanendal Road,kovilpatti-628501",04632-221333,9445854783,tit314ae@tnebnet.org
47,"Assistant Executive Engineer/R/Kovilpatti","Tneb complex,Ilayarasanendal Road,kovilpatti-628501",04632-221333,9445854786,tiu4702aee2@tnebnet.org
48,"Assistant Engineer/R/Kovilpatti","Tneb complex,Ilayarasanendal Road ,kovilpatti-628501",04632-221333,9445854787,tit321ae@tnebnet.org
49,"Assistant Engineer/Kadalaiyoor","131/1, Kadalaiyoor Main Road,Kadalaiyoor-628 902",04632-245371,9445854789,tiu303ae@tnebnet.org
50,"Assistant Engineer/Nalatinputhur","195/2, Pilliyar Koil street,Nalatinputhur-628 716",04632-248671,9445854790,tiu304ae@tnebnet.org
51,"Assistant Engineer/Ettayapuram","33/11KV SS Complex,Aruppu Kottai Road,Ettayapuram-628 902",04632-271215,9445854791,tiu302ae@tnebnet.org
52,"Assistant Engineer/Kalugumalai","110/33/ 11 KV SS Kalugumalai SS,Sankaran koil Road,Kalugumalai-628 552","04632-251251,250",9445854837,tiu301ae@tnebnet.org
53,"Assistant Executive Engineer/Kayathar","25-K/5,Kadambur Road ,Kayathar-628 952",04632-261200,9445854792,tiu4702aee3@tnebnet.org
54,"Assistant Engineer/Kayathar","25-K/5, Kadambur Road ,Kayathar-628 952",04632-261200,9445854793,tiu305ae@tnebnet.org
55,"Assistant Engineer/Kadambur","33KV SS Complex,Puliyampatti Road,Kadambur 628 714",04632-246211,9445854794,tiu306ae@tnebnet.org
56,"Assistant Engineer/Eppodumvendran","110 KV SS Complex,Eppodumvendran",0461-2265224,9445854795,tiu307ae@tnebnet.org
57,"Assistant Engineer/Pasuvanthanai","1/23,Kadambur Main Road,Pasuvanthanai-628 718,Ottaipidaram TK","04632-246211,261",9445854796,tiu308ae@tnebnet.org
58,"Assistant Executive Engineer/C&I/Kovilpatti","Tneb complex,Ilayarasanendal Road,kovilpatti--628501",NA,9445854797,aeeconkpt@tnebnet.org
59,"Assistant Engineer/C&I/Kovilpatti","Tneb complex,Ilayarasanendal Road ,kovilpatti--628501",NA,9445854799,NA
60,"Assistant Engineer/C&I/Kayathar","25-K/5, Kadambur Road,Kayathar-628 952",NA,9445854798,NA
61,"Executive Engineer/Tiruchendur","33/11 KV SS Complex Tiruchendur-628215",04639-242202,9445854800,"tiu4704ee@tnebnet.org & eeomtrdr@tnebnet.org"
62,"Assistant Executive Engineer/Tiruchendur","33/11 KV SS Complex Tiruchendur-628215",04639-242450,9445854801,tiu4704aee1@tnebnet.org
63,"Assistant Engineer/Tiruchendur","33/11 KV SS Complex Tiruchendur-628215",04639-242150,9445854802,tiu361ae@tnebnet.org
64,"Assistant Engineer/Kayamozhi","5/43,Sathukkai street,Kayamozhi-628 205",04639-232686,9445854805,tiu362ae@tnebnet.org
65,"Assistant Engineer/Paramankurichi","21/116/,117,Pillaiyar Koil street, Sathankulam Road,Paraman kurchi-628 213",04639-232685,9445854806,tiu363ae@tnebnet.org
66,"Assistant Executive Engineer/Arumuganeri","110/33/11KV Sub Station,Sahupuram- 628 205",04639-280204,9445854807,tiu4704aee2@tnebnet.org
67,"Assistant Engineer/Arumuganeri","174 Rathna Colony, LS Road, Arumuganeri - 628 205.",04639-283203,9445854808,tiu365ae@tnebnet.org
68,"Assistant Engineer/Kurumbur","SF No 23a/2,2B,3c,3D&3E,Nallumavadi village,Kurumbur-628207",04639-235211,9445854809,tiu366ae@tnebnet.org
69,"Assistant Engineer/Kayalpatinam","56, Maruthuvar theru,Kayalpatinam-628204",04639-283202,9445854810,tiu364ae@tnebnet.org
70,"Assistant Executive Engineer/Sathankulam","110/33/11KV ,SS Ittamozhi Road, Sathankulam628 704",04639-266232,9445854811,tiu4704aee3@tnebnet.org
71,"Assistant Engineer/U/Sathankulam","110/33/11KV SS Ittamozhi Road, Sathankulam,628 704",04639-266232,9445854812,tiu367ae@tnebnet.org
72,"Assistant Engineer/R/Sathankulam","110/33/11KV ,SS Ittamozhi Road, Sathankulam,628 704",04639-266232,9445854716,tiu368ae@tnebnet.org
73,"Assistant Engineer/Palaniyappapuram","33KV Sub-Station,Meeran kulam,Road, Palaniyapapuram",04639-274242,9445854813,tiu369ae@tnebnet.org
74,"Assistant Executive Engineer/Nazareth","3/6B &7C,vellamadam village,Nazerth 628 607",04639-277355,9445854814,tiu4704aee4@tnebnet.org
75,"Assistant Engineer/Nazareth","62/19 HC Market Street,Nazarth-628 617",04639-277485,9445854815,tiu370ae@tnebnet.org
76,"Assistant Engineer/Meignanapuram","2/78,south street, Meignanapuram 628 210",04639-227828,9445854816,tiu372ae@tnebnet.org
77,"Assistant Engineer/Alwarthirunagiri","30,yasuf theru ,Alwarthirunagiri-628612",04639-273285,9445854817,tiu371ae@tnebnet.org
78,"Assistant Executive Engineer/Udangudi","3/234,110/11KV Sub Station Thisayanvilai Main Road,Udangudi 628 203",04639-250280,9445854818,tiu4704aee5@tnebnet.org
79,"Assistant Engineer/U/Udangudi","3/234,110/11KV Sub Station Thisayanvilai Main Road,Udangudi 628 203",04639-250800,9445854820,tiu373ae@tnebnet.org
80,"Assistant Engineer/R/Udangudi","3/234,110/11KV Sub Station Thisayanvilai Main Road,Udangudi 628 203",NA,9445854821,tiu374ae@tnebnet.org
81,"Assistant Engineer/Padukkapathu","Main Road ,Padukapathu-628703",04639-254560,9445854822,tiu375ae@tnebnet.org
82,"Assistant Engineer/Naduvakuruchi","33/11KV Sub station,Thisayanvilai Main Road ,Naduvakuruchi 628 653",04639-253220,9445854823,tiu376ae@tnebnet.org
83,"Assistant Executive Engineer/C&I/Tiruchendur","33 KV SS Complex Tiruchendur",NA,9445854803,aeecontcr@tnebnet.org
84,"Assistant Engineer/C&I/Tiruchendur","33/11 KV SS Complex Tiruchendur-628215",NA,9445854804,NA
85,"Assistant Engineer/C&I/Sattankulam","110/33/11KV SS Ittamozhi Road, Sathankulam-628 704",NA,9445854824,NA
86,"Assistant Engineer/Civil/Tiruchendur","33 KV SS Complex Tiruchendur-628215",NA,9445854819,NA
