"Industry Group","Industry Code","Industry Description","Number of Factories","Productive Capital","No. of Employees","Total Output","Net Value Added"
`016,`0163,"Post-harvest crop activities",4074,8040.14,103771,58906.96,2574.26
`016,`0164,"Seed processing for propagation",121,1153.84,8366,1149.5,298.11
`016,Total,"Support activities to agriculture and post-harvest crop activities",4195,9193.98,112137,60056.46,2872.37
`089,`0893,"Extraction of salt.",175,362.11,9758,398.79,225.69
101,1010,"Processing and preserving of meat",146,2160.66,20621,10007.82,847
102,1020,"Processing and preserving of fish, crustaceans and molluscs and products thereof",390,3524.7,42081,15228.11,1056.46
103,1030,"Processing and preserving of fruit and vegetables",1078,5296.2,62448,10309.32,1144.32
104,1040,"Manufacture of Vegetable and animal oils and fats",3394,35503.56,121232,197324.9,11191.17
105,1050,"Manufacture of dairy product",1653,17402.97,149775,87014.55,6384.12
106,1061,"Manufacture of grain mill products",18244,23196.48,345418,150034.2,13196.19
106,1062,"Manufacture of starches and starch products",766,3341.72,21082,8179.23,1009.72
106,Total,"Manufacture of grain mill products, starches and starch products",19010,26538.2,366500,158213.43,14205.91
107,1071,"Manufacture of bakery products",1399,5443.54,82492,16020.96,2127.89
107,1072,"Manufacture of sugar",906,48957.54,261509,86811.54,7411.35
107,1073,"Manufacture of cocoa, chocolate and sugar confectionery",560,7828.49,37819,13066.2,2069.05
107,1074,"Manufacture of macaroni, noodles, couscous and similar farinaceous products",75,777.89,7783,1971.12,833.44
107,1075,"Manufacture of prepared meals and dishes",416,657.85,12718,1812.71,333.73
107,1079,"Manufacture of other food products n.e.c.",5101,17617.82,419722,56656.25,7685.43
107,Total,"Manufacture of other food products",8457,81283.13,822043,176338.78,20460.89
108,1080,"Manufacture of prepared animal feeds",755,4883.5,44462,26601.81,3385.31
110,1101,"Distilling, rectifying and blending of spirits; ethyl alcohol production from fermented materials",378,11283.28,53403,21862.57,4094.44
110,1102,"Manufacture of wines",77,729.5,6589,2078.76,453.11
110,1103,"Manufacture of malt liquors and malt",141,8091.26,29176,13207.51,4408.97
110,1104,"Manufacture of soft drinks; production of mineral waters and other bottled waters",1401,6117.76,58314,16152.42,2413.97
110,Total,"Manufacture of beverages",1997,26221.8,147482,53301.26,11370.49
120,1200,"Manufacture of tobacco products",3446,9479.07,445521,27587.27,9930.17
131,1311,"Preparation and spinning of textile fibers",6179,81672.67,714510,155899.87,12156.96
131,1312,"Weaving of textiles",2799,25750.41,215135,49545.8,7395.23
131,1313,"Finishing of textiles",4156,22055.62,252998,41584.69,5119.78
131,Total,"Spinning, weaving and finishing of textiles.",13134,129478.7,1182643,247030.36,24671.97
139,1391,"Manufacture of knitted and crocheted fabrics",1955,4133.14,49849,11652.96,1322.97
139,1392,"Manufacture of made-up textile articles, except apparel",1084,8710.43,96921,18026.16,2538.66
139,1393,"Manufacture of carpets and rugs",435,2548.88,29365,4376.38,612.55
139,1394,"Manufacture of cordage, rope, twine and netting",944,2487.76,47760,5903.79,838.44
139,1399,"Manufacture of other textiles n.e.c.",1237,4590.96,51533,7755.36,1105.9
139,Total,"Manufacture of other textiles",5655,22471.17,275428,47714.65,6418.52
141,1410,"Manufacture of wearing apparel, except fur apparel",6363,23526.76,707877,56545.76,12415.08
142,1420,"Manufacture of articles of fur",30,112.26,2685,329.05,-25.99
143,1430,"Manufacture of knitted and crocheted apparel",2775,7480.52,212163,21055.46,3039.21
151,1511,"Tanning and dressing of leather; dressing and dyeing of fur",1321,2483.64,43233,9534.12,673.31
151,1512,"Manufacture of luggage, handbags and the like, saddlery and harness",661,2192.47,60478,5057.72,949.47
151,Total,"Tanning and dressing of leather; manufacture of luggage, handbags, saddlery and harness; dressing and dyeing of fur",1982,4676.11,103711,14591.84,1622.78
152,1520,"Manufacture of footwear.",2068,7487.31,201099,21319.48,4067.08
161,1610,"Saw milling and planing of wood",1429,486.58,10556,2378.6,168.84
162,1621,"Manufacture of veneer sheets; manufacture of plywood, laminboard, particle board and other panels and board",1853,5383.71,45811,9448.81,988.97
162,1622,"Manufacture of builders carpentry and joinery",137,458.26,3885,681.62,118.66
162,1623,"Manufacture of wooden containers",318,811.56,8096,2274.73,571.8
162,1629,"Manufacture of other products of wood; manufacture of articles of cork, straw and plaiting materials",528,1040.07,10072,1522.04,218.64
162,Total,"Manufacture of products of wood, cork, straw and plaiting materials",2836,7693.6,67864,13927.2,1898.07
170,1701,"Manufacture of pulp, paper and paperboard",1126,20378.27,97127,29929.57,3596.87
170,1702,"Manufacture of corrugated paper and paperboard and containers of paper and paperboard",4016,8899.58,92925,19077.8,2295.61
170,1709,"Manufacture of other articles of paper and paperboard",1300,12955.28,63800,18581.19,2290.79
170,Total,"Manufacture of paper and paper products",6442,42233.13,253852,67588.56,8183.27
181,1811,Printing,3724,16590.66,157010,28366.22,6699.42
181,1812,"Service activities related to printing",570,1352.14,13683,2305.76,442.94
181,Total,"Printing and service activites related to printing",4294,17942.8,170693,30671.98,7142.36
182,1820,"Reproduction of recorded media",16,217.17,1100,337.19,181.72
191,1910,"Manufacture of coke oven products",723,21269.94,38198,27887.77,5711.3
192,1920,"Manufacture of refined petroleum products",798,191739.79,71633,877330.93,47180.63
201,2011,"Manufacture of basic chemicals",3308,49973.23,174412,99544.54,19171.45
201,2012,"Manufacture of fertilizers and nitrogen compounds",727,45406.86,84040,103132.62,15025.15
201,2013,"Manufacture of plastics and synthetic rubber in primary forms",453,33475.03,38691,69507.9,6157.86
201,Total,"Manufacture of basic chemicals, fertilizer and nitrogen compounds, plastics and synthetic rubber in primary forms",4488,128855.12,297143,272185.06,40354.46
202,2021,"Manufacture of pesticides and other agrochemical products",660,11869.09,58175,31508.63,5444.46
202,2022,"Manufacture of paints, varnishes and similar coatings, printing ink and mastics",1273,8630.6,47808,34132.31,5911.8
202,2023,"Manufacture of soap and detergents, cleaning and polishing preparations, perfumes and toilet preparations",1715,12659.35,100227,57704.93,25662.05
202,2029,"Manufacture of other chemical products n.e.c.",3006,11412.21,147069,48080.07,9679.71
202,Total,"Manufacture of other chemical products",6654,44571.25,353279,171425.94,46698.02
203,2030,"Manufacture of man-made fibers",135,9474.91,23596,20583.07,1411.18
210,2100,"Manufacture of pharmaceuticals, medicinal chemical and botanical products",4839,112809.31,549225,181536.16,58152.85
221,2211,"Manufacture of rubber tyres and tubes; retreading and rebuilding of rubber tyres",634,20711.9,98364,48205.11,7462.73
221,2219,"Manufacture of other rubber products",2066,9199.68,93798,21512.46,2942.34
221,Total,"Manufacture of rubber products",2700,29911.58,192162,69717.57,10405.07
222,2220,"Manufacture of plastics products",9715,52727.81,372578,112226.52,15352.71
231,2310,"Manufacture of glass and glass products",903,15567.5,72512,16522.78,3088.74
239,2391,"Manufacture of refractory products",1172,10222.97,59640,12500.6,2128.47
239,2392,"Manufacture of clay building materials",8343,3519.92,347153,6783.35,2139.22
239,2393,"Manufacture of other porcelain and ceramic products",1173,6447.31,74087,12458.24,1807.9
239,2394,"Manufacture of cement, lime and plaster",1414,90914.58,155783,92109.55,26026.71
239,2395,"Manufacture of articles of concrete, cement and plaster",2430,9445.98,83127,16378.88,3058.06
239,2396,"Cutting, shaping and finishing of stone",7739,7921.86,105715,13076.86,2258.62
239,2399,"Manufacture of other non-metallic mineral products n.e.c.",1090,5212.97,39489,9470.42,1972.85
239,Total,"Manufacture of non-metallic mineral products n.e.c.",23361,133685.59,864994,162777.9,39391.83
241,2410,"Manufacture of basic iron and steel",5747,472212.59,714307,607845.93,119211.95
242,2420,"Manufacture of basic precious and other non-ferrous metals",1860,79455.67,122512,146660.84,15121.03
243,2431,"Casting of iron and steel",3519,33453.5,223655,72582.65,8309.54
243,2432,"Casting of non-ferrous metals",518,2655.96,29192,7363.9,893.26
243,Total,"Casting of metals",4037,36109.46,252847,79946.55,9202.8
251,2511,"Manufacture of structural metal products",2950,22076.63,168308,56280.65,9721.15
251,2512,"Manufacture of tanks, reservoirs and containers of metal",1504,12821.22,88191,35987.04,6626.65
251,2513,"Manufacture of steam generators, except central heating hot water boilers",373,1478.36,24240,7891.58,1629.54
251,Total,"Manufacture of structural metal products, tanks, reservoirs and steam generators",4827,36376.21,280739,100159.27,17977.34
252,2520,"Manufacture of weapons and ammunition",78,1068.16,4330,728.31,-132.16
259,2591,"Forging, pressing, stamping and roll-forming of metal; powder metallurgy",1215,9483.01,61941,20921.06,2432.96
259,2592,"Machining; treatment and coating of metals",1727,3494.33,40825,7746.68,1373.3
259,2593,"Manufacture of cutlery, hand tools and general hardware",1840,4835.95,66883,11326.73,2127.14
259,2599,"Manufacture of other fabricated metal products n.e.c.",5931,16515.23,213703,39746.27,6500.36
259,Total,"Manufacture of other fabricated metal products; metalworking service activities",10713,34328.52,383352,79740.74,12433.76
261,2610,"Manufacture of electronic components",1128,9237.1,92721,20380.89,4086.68
262,2620,"Manufacture of computers and peripheral equipment",168,3545.17,25936,17036.54,1913.19
263,2630,"Manufacture of communication equipment",288,11344.64,40788,15699.77,1978.64
264,2640,"Manufacture of consumer electronics",304,14891.23,27055,32462.74,4669.63
265,2651,"Treatment and coating of metals; general mechanical engineering on a fee or contract basis",394,5177.39,32682,9144.9,2438
265,2652,"Manufacture of cutlery, hand tools and general hardware",151,412.05,12605,3824.54,1477.49
265,Total,"Manufacture of measuring, testing, navigating and control equipment; watches and clocks",545,5589.44,45287,12969.44,3915.49
266,2660,"Manufacture of irradiation, electromedical and electrotherapeutic equipment",148,1723.42,8518,2809.04,716.77
267,2670,"Manufacture of optical instruments and equipment",86,545.16,2850,380.36,150.99
268,2680,"Manufacture of magnetic and optical media",3,4.86,38,5.9,1.42
271,2710,"Manufacture of electric motors, generators, transformers and electricity distribution and control apparatus",2698,42476.1,218563,91697.89,17425.47
272,2720,"Manufacture of batteries and accumulators",486,7694.84,44588,16655.07,3173.13
273,2731,"Manufacture of fiber optic cables for data transmission or live transmission of images",218,1987.79,16437,9415.44,366.6
273,2732,"Manufacture of other electronic and electric wires and cables",697,10602.92,42629,30237.02,2762.8
273,2733,"Manufacture of wiring devices",597,2234.78,32861,8320.49,2059.53
273,Total,"Manufacture of wiring and wiring devices",1512,14825.49,91927,47972.95,5188.93
274,2740,"Manufacture of electric lighting equipment",570,4137.6,51705,10255.62,1912.38
275,2750,"Manufacture of domestic appliances",950,6044.01,52255,25858.88,4450
279,2790,"Manufacture of other electrical equipment",1130,6193.84,60016,14546.25,2241.18
281,2811,"Manufacture of engines and turbines, except aircraft, vehicle and cycle engines",533,11969.2,55570,33217.64,7009.59
281,2812,"Manufacture of fluid power equipment",717,3121.44,29259,8404.14,1981.27
281,2813,"Manufacture of other pumps, compressors, taps and valves",1070,10476.49,79811,28713.61,9022.33
281,2814,"Manufacture of bearings, gears, gearing and driving elements",701,10129.18,56068,17699.37,4009.27
281,2815,"Manufacture of ovens, furnaces and furnace burners",139,1762.6,9809,2807.43,453.53
281,2816,"Manufacture of lifting and handling equipment",368,4187.59,37642,14834.24,3308.83
281,2817,"Manufacture of office machinery and equipment",62,143.52,2123,302.96,55.24
281,2818,"Manufacture of power-driven hand tools",109,302.57,3239,1272.67,182.32
281,2819,"Manufacture of other general-purpose machinery",1816,7031.79,80746,22726.03,4209.2
281,Total,"Manufacture of general purpose machinery",5515,49124.38,354267,129978.09,30231.58
282,2821,"Manufacture of agricultural and forestry machinery",798,9400.72,68955,43325.42,7821.51
282,2822,"Manufacture of metal-forming machinery and machine tools",1383,4145.69,51587,11635.73,2370.37
282,2823,"Manufacture of machinery for metallurgy",99,2061.29,6273,2089.32,165.41
282,2824,"Manufacture of machinery for mining, quarrying and construction",551,9236.32,49027,19292.9,3577.68
282,2825,"Manufacture of machinery for food, beverage and tobacco processing",621,4558.57,26330,11859.91,4496.2
282,2826,"Manufacture of machinery for textile, apparel and leather production",897,3295.62,38360,9997.48,1741.5
282,2829,"Manufacture of other special-purpose machinery",1656,16080.7,95299,24368.77,5679.9
282,Total,"Manufacture of special-purpose machinery",6005,48778.91,335831,122569.53,25852.57
291,2910,"Manufacture of motor vehicles",200,45306.56,152737,190045.98,12165.91
292,2920,"Manufacture of bodies (coachwork) for motor vehicles; manufacture of trailers and semi-trailers",745,8491.1,73824,18005.24,4120.36
293,2930,"Manufacture of parts and accessories for motor vehicles",4361,60592.28,565078,173090.34,35131.72
301,3011,"Building of ships and floating structures",115,11656.57,33060,8866.63,2067.45
301,3012,"Building of pleasure and sporting boats",16,18.9,394,37.72,8.39
301,Total,"Building of ships and boats",131,11675.47,33454,8904.35,2075.84
302,3020,"Manufacture of railway locomotives and rolling stock",364,3415.51,35336,8330.73,1476.51
303,3030,"Manufacture of air and spacecraft and related machinery",60,815.99,6022,698.86,136.79
304,3040,"Manufacture of weapons and ammunition",54,192.86,1588,121.69,47.2
309,3091,"Manufacture of motorcycles",937,12895.2,175094,98804.15,15622.3
309,3092,"Manufacture of bicycles and invalid carriages",774,2070.15,36058,8878.38,1092.21
309,3099,"Manufacture of other transport equipment n.e.c.",93,141.2,926,120.83,27.89
309,Total,"Manufacture of transport equipment n.e.c.",1804,15106.55,212078,107803.36,16742.4
310,3100,"Manufacture of furniture",1419,5531.25,56984,10937.75,1421.02
321,3211,"Manufacture of jewellery and related articles",1277,22674.15,149580,108120.72,7291.51
321,3212,"Manufacture of imitation jewellery and related articles",175,201.25,3696,344.98,94.02
321,Total,"Manufacture of jewellery, bijouterie and related articles",1452,22875.4,153276,108465.7,7385.53
322,3220,"Manufacture of musical instruments",14,208.63,906,134.52,37.96
323,3230,"Manufacture of sports goods",180,498.4,10513,1344.72,195.5
324,3240,"Manufacture of games and toys",102,471.94,2171,516.34,60.97
325,3250,"Manufacture of medical and dental instruments and supplies",338,3742.94,30120,5361.84,1524.27
329,3290,"Other manufacturing n.e.c.",894,5058.7,61043,15872.55,2033.72
331,3311,"Repair of fabricated metal products",117,553.58,6114,617.38,198.74
331,3312,"Repair of machinery",220,863,12475,2561.62,1316.21
331,3313,"Repair of electronic and optical equipment",61,120.79,704,226.16,28.21
331,3314,"Repair of electrical equipment",128,398.27,3217,791.68,141.95
331,3315,"Repair of transport equipment, except motor vehicles",149,1760.25,7957,2554.65,370.01
331,3319,"Repair of other equipment",51,67.94,1709,363.74,47.75
331,Total,"Repair of fabricated metal products, machinery and equipment",726,3763.83,32176,7115.23,2102.87
332,3320,"Installation of industrial machinery and equipment",100,871.12,5627,1616.35,418.43
381,3811,"Collection of non-hazardous waste",NA,NA,NA,NA,NA
382,3821,"Treatment and disposal of non-hazardous waste",38,455.09,2317,295.14,108.86
382,3822,"Treatment and disposal of hazardous waste",22,407.56,1893,230.36,93.4
382,Total,"Waste treatment and disposal",60,862.65,4210,525.5,202.26
383,3830,"Materials recovery",156,1274.34,6721,6610.12,192.58
581,5811,"Book publishing",60,347.03,2282,326.87,101
581,5813,"Publishing of newspapers, journals and periodicals",213,1185.13,21662,5348.42,2107.43
581,5819,"Other publishing activities",7,93.66,459,205.55,50.7
581,Total,"Publishing of books, periodicals and other publishing activities",286,1625.82,24403,5880.84,2259.13
Others,Others,Others,9276,233988.44,382205,270214.59,44645.49
