"Category of States",States,"Health Index 2000","Health Index 2008","Income Index 1999-2000","Income Index 2007-08","Education Index Income Index 1999-2000","Education Index 2007-08","HDI 1999-2000","HDI 2007-08"
NonSpecialCategory,"Andhra Pradesh",0.521,0.58,0.197,0.287,0.385,0.553,0.368,0.473
NonSpecialCategory,Assam,0.339,0.407,0.152,0.288,0.516,0.636,0.336,0.444
NonSpecialCategory,Bihar,0.506,0.563,0.1,0.127,0.271,0.409,0.292,0.367
NonSpecialCategory,Chhattisgarh,0.341,0.417,0.127,0.133,0.365,0.526,0.278,0.358
NonSpecialCategory,Delhi,0.735,0.763,0.8,0.678,0.816,0.809,0.783,0.75
NonSpecialCategory,Goa,0.363,0.65,0.672,0.443,0.751,0.758,0.595,0.617
NonSpecialCategory,Gujarat,0.562,0.633,0.323,0.371,0.512,0.577,0.466,0.527
NonSpecialCategory,Haryana,0.576,0.627,0.417,0.408,0.512,0.622,0.501,0.552
NonSpecialCategory,Jharkhand,0.434,0.5,0.1,0.142,0.271,0.485,0.268,0.376
NonSpecialCategory,Karnataka,0.567,0.627,0.26,0.326,0.468,0.605,0.432,0.519
NonSpecialCategory,Kerala,0.782,0.817,0.458,0.629,0.789,0.924,0.677,0.79
NonSpecialCategory,"Madhya Pradesh",0.363,0.43,0.127,0.173,0.365,0.522,0.285,0.375
NonSpecialCategory,Maharashtra,0.601,0.65,0.297,0.351,0.606,0.715,0.501,0.572
NonSpecialCategory,Orissa,0.376,0.45,0.076,0.139,0.372,0.499,0.275,0.362
NonSpecialCategory,Punjab,0.632,0.667,0.455,0.495,0.542,0.654,0.543,0.605
NonSpecialCategory,Rajasthan,0.52,0.587,0.293,0.253,0.348,0.462,0.387,0.434
NonSpecialCategory,"Tamil Nadu",0.586,0.637,0.285,0.355,0.57,0.719,0.48,0.57
NonSpecialCategory,"Uttar Pradesh",0.398,0.473,0.179,0.175,0.371,0.492,0.316,0.38
NonSpecialCategory,"West Bengal",0.6,0.65,0.21,0.252,0.455,0.575,0.422,0.492
"Special Category States","Himachal Pradesh",0.681,0.717,0.426,0.491,0.636,0.747,0.581,0.652
"Special Category States","Jammu & Kashmir",0.457,0.53,0.431,0.459,0.507,0.597,0.465,0.529
"Special Category States","NE (excluding Assam)",0.567,0.663,0.316,0.386,0.535,0.67,0.473,0.573
"Special Category States",Uttarakhand,0.465,0.53,0.179,0.302,0.371,0.638,0.339,0.49
"All India","All India",0.497,0.563,0.223,0.271,0.442,0.568,0.387,0.467
