"City Name","Type of Waste (organic, inorganic, wet, dry, mix)","Quantity (tpd)","Process technology - (Composting / Incineration / Landfill / Recycling / Windrow Composting / Anaerobic Digestion / Production of Refused Driven Fuel / Biomethanation / Plasma Pyrolosis)","Plant location (address)","Plant capacity (TPD)","Waste to Energy initiative (Y/N)","Power generated by Waste-to-Energy initiative (in MW)"
Rajkot,Wet,0.485,Composting,"Alap Green",0.485,NO,NA
Rajkot,Wet,5,Composting,"Compost plant at Raiya garbage station",5,NO,NA
Rajkot,Dry,20,Composting,"MRF At Raiyadhar",20,YES,NA
Rajkot,Wet,0.4,Composting,"Race course garden & hotel restaurant, canteen",0.4,NO,NA
Rajkot,Wet,0.4,Composting,"Jubilee Garden",0.4,NO,NA
Rajkot,Wet,0.35,Composting,"Kalpana Chavla Garden, Race course",0.35,NO,NA
Rajkot,Wet,0.175,Composting,"Narsinh Mehta garden",0.175,NO,NA
Rajkot,Wet,0.25,Composting,"Garden at Tatya Tope, Airport",0.25,NO,NA
Rajkot,Wet,0.2,Composting,"Vasundhara Society",0.2,NO,NA
Rajkot,Wet,0.2,Composting,"Jubeli garden & vegetable market",0.2,NO,NA
Rajkot,Wet,0.4,Composting,"Race course Garden",0.4,NO,NA
Rajkot,Wet,5,Composting,"Compost plant at jubeli garden",5,NO,NA
Rajkot,Wet,0.225,Composting,"Shakti Society",0.225,NO,NA
Rajkot,"Both Dry/Wet",460,Composting,"Nakravadi Processing Plant",460,NO,NA
Rajkot,Dry,10,Composting,"MRF Center At Nakravadi",10,YES,NA
Rajkot,Wet,0.15,Composting,"Parul Smruti van Garden, Ashram Road",0.15,NO,NA
Rajkot,Wet,0.1,Composting,"Govind Baug Vegetable market",0.1,NO,NA
Rajkot,Wet,0.75,Composting,"Garden at Praduman Park",0.75,NO,NA
Rajkot,Wet,0.5,Composting,"Praduman Park Randarada Nursery",0.5,NO,NA
Rajkot,Dry,20,Composting,"MRF Ar KSD garbage station",20,YES,NA
Rajkot,Wet,6,Composting,"Bio-Gas Plant Swami Narayan Gurukul",6,NO,NA
Rajkot,Wet,0.1,Composting,"Laxminagar hawkers Zone",0.1,NO,NA
Rajkot,Wet,0.285,Composting,"Silver Stone",0.285,NO,NA
Rajkot,Wet,0.4,Composting,"Silver Stone Garden",0.4,NO,NA
Rajkot,Wet,0.1,Composting,"Satellite garden",0.1,NO,NA
Rajkot,Wet,0.1,Composting,"Sadhu Vasvani Vegetable Market",0.1,NO,NA
Rajkot,Wet,0.175,Composting,"Parijat Society",0.175,NO,NA
Rajkot,Wet,0.15,Composting,"Garden at Vishnu Vihar",0.15,NO,NA
Rajkot,Wet,0.15,Composting,"Garden at Vimal Nagar",0.15,NO,NA
Rajkot,Wet,0.3,Composting,"Praduman Green",0.3,NO,NA
Rajkot,Wet,0.25,Composting,"Satyasai Bunglo Garden",0.25,NO,NA
Rajkot,Wet,0.2,Composting,"Ravalnagar Senier citizen Park",0.2,NO,NA
Rajkot,Wet,0.2,Composting,"Opposite Of Mangal Pande Garden",0.2,NO,NA
Rajkot,Wet,0.135,Composting,"Om residency",0.135,NO,NA
Rajkot,Wet,0.3,Composting,"Govindratna Bunglo Garden",0.3,NO,NA
Rajkot,Wet,0.575,Composting,Gokuldham,0.575,NO,NA
Rajkot,Wet,0.225,Composting,"Swashray Society",0.225,NO,NA
Rajkot,Wet,0.2,Composting,"Atika Garden",0.2,NO,NA
Rajkot,Wet,0.3,Composting,"Umakant Udhyognagar",0.3,NO,NA
Rajkot,Wet,0.1,Composting,"Gundawadi Vegetable Market",0.1,NO,NA
Rajkot,Wet,0.2,Composting,"Jilla Garden-1",0.2,NO,NA
Rajkot,Wet,0.25,Composting,"Jilla Garden -2",0.25,NO,NA
Rajkot,Wet,0.5,Composting,"Garden at Ajidem Campus",0.5,NO,NA
Rajkot,Wet,0.5,Composting,"Garden at Ajidem Vanikaran",0.5,NO,NA
Rajkot,Wet,0.2,Composting,"Aajidem Pankhighar",0.2,NO,NA
Rajkot,Wet,0.5,Composting,"Aajidem Vanikaran",0.5,NO,NA
Rajkot,Wet,0.3,Composting,"Aajidem Hil garden",0.3,NO,NA
Rajkot,Wet,5,Composting,"Bio-methenation plant at 80 feet road",5,NO,NA
Rajkot,Wet,0.1,Composting,"Hudako Vegetable Market",0.1,NO,NA
Rajkot,Wet,0.1,Composting,"Devpara Vegetable Market",0.1,NO,NA
Rajkot,Wet,0.25,Composting,"Raghuvir society",0.25,NO,NA
Rajkot,Wet,0.2,Composting,"Radha Krishna",0.2,NO,NA
Rajkot,Wet,5,Bio-methanation,"RMC central store",5,YES,"300 K.W."
