"Session No.","Name of Member",Subject,"Reply From Ministry","Reply Date","Made Date","Ministry Concerned",S.No.
233,"Shri Vivek Gupta","NEED FOR MORE CENTRAL PROGRAMMES FOR COMPLETE ERADICATION OF LEPROSY","No Reply",NULL,25-11-14,"HEALTH AND FAMILY WELFARE",1
233,"Smt. Vijila Sathyananth","DEMAND FOR CENTRAL ALLOCATION FOR FLOOD WATER CANAL IN TIRUNELVELI DISTRICT IN TAMIL NADU","Final Reply",26-10-15,25-11-14,"WATER RESOURCES",2
233,"Shri K.C. Tyagi","DEMAND TO INVESTIGATE INCIDENTS OF DUPING BUYERS BY BUILDERS IN N.C.R. AND TAKE STRICT ACTION AGAINST BUILDERS INVOLVED IN MALPRACTICES","Final Reply",22-12-14,25-11-14,"URBAN DEVELOPMENT",3
233,"Shri Shantaram Naik","DEMAND FOR GIVING CONCESSION IN LUGGAGE CHARGES SEAFARERS IN ALL AIRLINES.","Final Reply",12-10-15,25-11-14,"CIVIL AVIATION",4
233,"Shri T.K. Rangarajan","DEMAND TO CELEBRATE CLASSICAL LANGUAGES WEEK INSTEAD OF SANSKRIT WEEK","Final Reply",10-06-15,25-11-14,"HUMAN RESOURCE DEVELOPMENT",5
233,"Chaudhary Munvvar Saleem","DEMAND FOR TAKING STRICT ACTION AGAINST PEOPLE MAKING CLAIMS OF EDUCATION OF TERRORISM IN MADARSAS AND GIVING A FACTUAL STATEMENT IN REGARD THERETO","Final Reply",09-12-14,25-11-14,"HOME AFFAIRS",6
233,"Shri Bhupinder Singh","DEMAND FOR CREATING A PERMANENT MECHANISM TO DEAL WITH RECURRING INCIDENTS OF DEVASTATING CYCLONES IN COUNTRY","Final Reply",19-02-15,25-11-14,"HOME AFFAIRS",7
233,"Dr. T.N. Seema","DEMAND FOR WITHDRAWING CIRCULAR REGARDING IMPOSITION OF SERVICE TAX ON REMITTANCES BY NRIs","No Reply",NULL,25-11-14,FINANCE,8
233,"Shri K.T.S. Tulsi","CONCERN OVER ISSUE OF COMPULSORY VOTING IN LOCAL BODIES IN STATE OF GUJARAT","No Reply",NULL,25-11-14,"LAW AND JUSTICE",9
233,"Shri Dilip Kumar Tirkey","DEMAND FOR OPENING BRANCHES OF NATIONALISED BANKS IN ALL VILLAGE PANCHAYATS IN ODISHA","No Reply",NULL,25-11-14,FINANCE,10
233,"Dr. V. Maitreyan","DEMAND FOR ALLOCATION OF TRANSMISSION CAPACITY UNDER LONG-TERM ACCESS BY POWER GRID CORPORATION OF INDIA LIMITED FROM WESTERN AND EASTERN REGIONS FOR TAMIL NADU","No Reply",NULL,26-11-14,POWER,11
233,"Shri Tapan Kumar Sen","DEMAND FOR WITHHOLDING ONGOING PROCESS OF PRIVATISATION OF INTEGRATED CHILD DEVELOPMENT SCHEME","Final Reply",18-12-14,26-11-14,"WOMEN AND CHILD DEVELOPMENT",12
233,"Shri Paul Manoj Pandian","DEMAND FOR REOPENING RAILWAY STATION AT KAVALKINARU IN TIRUNELVELI DISTRICT OF TAMIL NADU","No Reply",NULL,26-11-14,RAILWAYS,13
233,"Shri S. Thangavelu","DEMAND FOR CREATION OF A NEW RAILWAY DIVISION AT TIRUNELVELI IN TAMIL NADU","Final Reply",28-10-15,26-11-14,RAILWAYS,14
233,"Shri T. Rathinavel","DEMAND FOR TAKING STEPS FOR SAFE RETURN OF TAMIL FISHERMEN FROM SAUDI ARABIA","No Reply",NULL,26-11-14,"EXTERNAL AFFAIRS",15
233,"Shri Mansukh L. Mandaviya","DEMAND TO ISSUE A POSTAL STAMP IN MEMORY OF LATE SHRI GAURISHANKAR GOVARDHAN JOSHI","No Reply",NULL,26-11-14,"COMMUNICATIONS AND INFORMATION TECHNOLOGY",16
233,"Shri P. Rajeeve","DEMAND FOR WITHDRAWING RBI CIRCULAR LIMITING NUMBER OF WITHDRAWALS FROM BANK DEPOSITS IN COUNTRY","No Reply",NULL,27-11-14,FINANCE,17
233,"Shri Ananda Bhaskar Rapolu","DEMAND FOR ESTABLISHING A SAINIK SCHOOL IN TELANGANA","Final Reply",02-01-15,27-11-14,DEFENCE,18
233,"Smt. Wansuk Syiem","DEMAND FOR GIVING FINANCIAL PACKAGE FOR REHABILITATION WORKS IN FLASH FLOOD HIT AREAS OF GARO HILLS IN MEGHALAYA","Final Reply",18-02-15,27-11-14,"HOME AFFAIRS",19
233,"Shri Ambeth Rajan","DEMAND FOR PROVIDING SPECIAL CARE TO STUDENTS BELONGING TO SCs/STs CATEGORY AT PRIMARY LEVEL IN SCHOOLS","No Reply",NULL,27-11-14,"HUMAN RESOURCE DEVELOPMENT",20
233,"Shri Mahendra Singh Mahra","DEMAND FOR INSTALLING MOBILE PHONE TOWERS OF HIGH POWER IN BORDER REGIONS OF THE COUNTRY PARTICULARLY IN PITHORAGARH AND CHAMPAWAT DISTRICTS IN UTTARAKHAND","Final Reply",10-02-15,27-11-14,"COMMUNICATIONS AND INFORMATION TECHNOLOGY",21
233,"Smt. Kanimozhi","DEMAND FOR PROVIDING RELIEF MEASURES TO FARMERS AFFECTED BY FLOODS IN TAMIL NADU","Final Reply",14-12-14,27-11-14,AGRICULTURE,22
233,"Shri Balwinder Singh Bhunder","DEMAND FOR MAKING PUBLIC NAMES OF VICTIMS OF 1984 RIOTS AT RAILWAY STATIONS AND TRAINS AND GIVING THEM COMPENSATION","No Reply",NULL,27-11-14,RAILWAYS,23
233,"Shri K.N. Balagopal","DEMAND FOR ENHANCING BUDGET ALLOCATION OF JAWAHAR NAVODAYA VIDYALAYAS","No Reply",NULL,27-11-14,"HUMAN RESOURCE DEVELOPMENT",24
233,"Shri A.U. Singh Deo","DEMAND FOR MAKING PROVISIONS TO STOP GIVING GOVERNMENT OR CONSTITUTIONAL POSTS TO SUPREME COURT JUDGES AFTER RETIREMENT","Final Reply",06-01-15,27-11-14,"LAW AND JUSTICE",25
233,"Shri Tarun Vijay","DEMAND FOR NAMING SAINIK SCHOOLS AFTER PARAM VIR CHAKRA WINNING SOLDIERS","No Reply",NULL,27-11-14,DEFENCE,26
233,"Shri Anil Desai","DEMAND FOR TAKING STEPS FOR VIDEO RECORDING AND LIVE TELECAST OF COURT PROCEEDINGS IN THE COUNTRY","No Reply",NULL,27-11-14,"LAW AND JUSTICE",27
233,"Shri Pankaj Bora","DEMAND FOR TAKING CONTINGENCY MEASURES TO PROTECT PEOPLE FROM POLLUTED AIR IN DELHI","No Reply",NULL,27-11-14,"ENVIRONMENT AND FORESTS",28
233,"Shri M.P. Achuthan","DEMAND FOR SETTLING LONG-PENDING DEMANDS OF BANK EMPLOYEES FOR WAGE REVISION","No Reply",NULL,27-11-14,FINANCE,29
233,"Shri Motilal Vora","DEMAND FOR TAKING STEPS TO PROVIDE SCHOOL BUILDING TO ARMY SCHOOL, MENDRAKALA AT AMBIKAPUR IN CHHATTISGARH","Final Reply",15-01-15,27-11-14,DEFENCE,30
233,"Shri Palvai Govardhan Reddy","DEMAND FOR WITHDRAWAL OF ORDER RENAMING DOMESTIC TERMINAL OF RAJIV GANDHI INTERNATIONAL AIRPORT AFTER N.T. RAMA RAO","No Reply",NULL,27-11-14,"CIVIL AVIATION",31
233,"Shri Vishambhar Prasad Nishad","DEMAND FOR GIVING SPECIAL PACKAGE TO RESOLVE THE PROBLEM OF IRRIGATION IN BUNDELKHAND REGION OF UTTAR PRADESH","No Reply",NULL,28-11-14,FINANCE,32
233,"Shri Mansukh L. Mandaviya","DEMAND FOR ALLOWING REGIONAL LANGUAGES IN HIGH COURTS","Final Reply",06-01-15,01-12-14,"LAW AND JUSTICE",33
233,"Shri K.T.S. Tulsi","DEMAND FOR LEGALISING SPORTS BETTING IN THE COUNTRY","No Reply",NULL,01-12-14,"HOME AFFAIRS",34
233,"Shri A. K. Selvaraj","DEMAND FOR STOPPING CONSTRUCTION OF MEKEDATU RESERVOIRS ON THE RIVER CAUVERY AND SET UP CAUVERY MANAGEMENT BOARD AND THE CAUVERY WATER REGULATION COMMITTEE","Final Reply",19-01-15,01-12-14,"WATER RESOURCES",35
233,"Smt. Vijila Sathyananth","DEMAND FOR SHATABDI EXPRESS BETWEEN THIRUVANANTHAPURAM AND CHENNAI WITH LIMITED STOPS","No Reply",NULL,01-12-14,RAILWAYS,36
233,"Shri Ronald Sapa Tlau","DEMAND FOR ALTERNATIVE ARRANGEMENTS FOR TRANSPORTING RICE TO EASE IMPENDING FOOD CRISIS IN MIZORAM","Final Reply",11-12-14,01-12-14,"CONSUMER AFFAIRS, FOOD AND PUBLIC DISTRIBUTION",37
233,"Prof. M.V. Rajeev Gowda","REQUEST FOR TAKING IMMEDIATE STEPS TO FILL VACANT GOVERNMENT POSITIONS IN THE COUNTRY","Final Reply",09-03-15,01-12-14,"PERSONNEL, PUBLIC GRIEVANCES AND PENSIONS",38
233,"Smt. Wansuk Syiem","DEMAND FOR GRANTING STATUS OF AUTONOMY TO NORTH EAST INDIRA GANDHI REGIONAL INSTITUTE OF HEALTH & MEDICAL SCIENCES IN SHILLONG","No Reply",NULL,01-12-14,"HEALTH AND FAMILY WELFARE",39
233,"Shri Bhupinder Singh","NEED TO MAKE EFFORTS FOR A DEMOCRATIC SECULAR FEDERAL WORLD GOVERNMENT TO SECURE HUMAN RIGHTS FOR ALL","Final Reply",30-04-15,01-12-14,"HOME AFFAIRS",40
233,"Shri Basawaraj Patil","DEMAND FOR PROVIDING FACILITIES IN E.S.I. HOSPITAL AND MEDICAL COLLEGE AT GULBERGA TO GIVE MEDICAL SERVICES TO PEOPLE IN HYDERABAD-KARNATAKA REGION","No Reply",NULL,01-12-14,"LABOUR AND EMPLOYMENT",41
233,"Chaudhary Munvvar Saleem","DEMAND FOR GIVING COMPENSATION TO INNNOCENT MUSLIM YOUTH RECENTLY AQUITTED OF CHARGES OF TERRORISM IN KURLA, MUMBAI, AND TO BRING COMMUNAL VIOLENCE BILL","No Reply",NULL,01-12-14,"HOME AFFAIRS",42
233,"Dr. V. Maitreyan","DEMAND FOR INCLUSION OF SRIRANGAM IN NATIONAL HERITAGE CITY DEVELOPMENT AND AUGMENTATION YOJANA","No Reply",NULL,01-12-14,TOURISM,43
233,"Shri Balwinder Singh Bhunder","DEMAND FOR GIVING INFORMATION ABOUT ARMY PERSONNEL BELONGING TO SIKH COMMUNITY KILLED DURING 1984 RIOTS","Final Reply",15-02-15,08-12-14,DEFENCE,44
233,"Smt. Manorama D. Sharama","CONCERN OVER GOVERNMENT'S ANNOUNCEMENT TO START KAILASH MANSAROVER YATRA FROM NATHULA IN SIKKIM","Final Reply",24-12-14,08-12-14,"EXTERNAL AFFAIRS",45
233,"Dr. T.N. Seema","DEMAND FOR ENSURING ADEQUATE SUPPLY OF HIV TESTING KITS TO ALL STATES IN COUNTRY","No Reply",NULL,08-12-14,"HEALTH AND FAMILY WELFARE",46
233,"Shri Dilip Kumar Tirkey","DEMAND FOR TAKING STEPS TO PROVIDE PROPER INFRASTRUCTURE FOR ORGANIZATION OF NAVKALEVAR FESTIVAL IN ODISHA IN JUNE, 2015","No Reply",NULL,08-12-14,"ROAD TRANSPORT & HIGHWAYS",47
233,"Shri K.N. Balagopal","DEMAND FOR SETTING UP A REGULATORY MECHANISM FOR E-COMMERCE IN THE COUNTRY","Final Reply",13-01-15,08-12-14,"CONSUMER AFFAIRS, FOOD AND PUBLIC DISTRIBUTION",48
233,"Smt. Wansuk Syiem","DEMAND FOR CENTRAL INTERVENTION TO PREVENT RECURRENCE OF RACIAL ATTACKS ON PEOPLE FROM NORTH-EAST IN DELHI AND N.C.R.","Final Reply",27-01-15,08-12-14,"HOME AFFAIRS",49
233,"Smt. Jharna Das Baidya","DEMAND FOR TAKING STRICT ACTION AGAINST PEOPLE INDULGING IN PRACTICE OF UNTOUCHABILITY IN THE COUNTRY","No Reply",NULL,08-12-14,"SOCIAL JUSTICE AND EMPOWERMENT",50
233,"Shri Narendra Budania","DEMAND FOR TAKING EFFECTIVE MEASURES FOR PROTECTION OF NATIONAL BIRD PEACOCK.","No Reply",NULL,08-12-14,"ENVIRONMENT AND FORESTS",51
233,"Shri P. Rajeeve","DEMAND FOR MAKING PUBLIC ALL STUDIES CONDUCTED BY GOVERNMENT ON THE COST AND BENEFIT OF REGIONAL COMPREHENSIVE ECONOMIC PARTNERSHIP (RCEP)","No Reply",NULL,09-12-14,"COMMERCE AND INDUSTRY",52
233,"Shri Paul Manoj Pandian","DEMAND FOR TAKING EARLY STEPS TO SET UP ALL-INDIA INSTITUTE OF MEDICAL SCIENCES IN TAMIL NADU","No Reply",NULL,09-12-14,"HEALTH AND FAMILY WELFARE",53
233,"Shri Mahendra Singh Mahra","DEMAND FOR EARLY IMPLEMENTATION OF AGREEMENT BETWEEN GURILLA ORGANISATIONS OF UTTARAKHAND AND CENTRAL GOVERNMENT","Final Reply",31-03-15,09-12-14,"HOME AFFAIRS",54
233,"Shri T. Rathinavel","NEED FOR ADDRESSING INADEQUACIES IN MODIFIED DIRECT BENEFIT TRANSFER SCHEME OF L.P.G.","Final Reply",09-01-15,09-12-14,"PETROLEUM AND NATURAL GAS",55
233,"Dr. R. Lakshmanan","DEMAND FOR EXPEDITING ESTABLISHMENT OF MULTI-DISCIPLINARY RESEARCH UNITS (MRUs) IN MEDICAL COLLEGES ACROSS THE COUNTRY","No Reply",NULL,09-12-14,"HEALTH AND FAMILY WELFARE",56
233,"Smt. Gundu Sudharani","DEMAND FOR TAKING EFFECTIVE MEASURES TO CHECK INCREASING INCIDENTS OF SUICIDES BY FARMERS IN TELANGANA","Final Reply",14-01-15,09-12-14,FINANCE,57
233,"Shri Devender Goud T.","DEMAND FOR INCREASING NUMBER OF JUNIOR RESEARCH FELLOWSHIPS FOR OBCs UNDER RAJIV GANDHI NATIONAL FELLOWSHIP SCHEME","No Reply",NULL,09-12-14,"HUMAN RESOURCE DEVELOPMENT",58
233,"Shri Prabhat Jha","DEMAND FOR REMEMBERING AND GIVING RECOGNITION TO SOLDIERS OF ARMED FORCES FOR THEIR HEROIC DEEDS AGAINST TERRORISM","Final Reply",03-02-15,09-12-14,"HOME AFFAIRS",59
233,"Shri K.C. Tyagi","DEMAND FOR ELABORATING MEASURES UNDER SKILL DEVELOPMENT PROGRAMME BEING STARTED BY GOVERNMENT","No Reply",NULL,09-12-14,"Skill Development and Entrepreneurship",60
233,"Shri Derek O Brien","NEED TO TAKE URGENT MEASURES TO ENSURE ISSUANCE OF GORKHA CERTIFICATES TO CHRISTIAN GORKHA MINORITIES","Final Reply",30-09-15,09-12-14,"HOME AFFAIRS",61
233,"Shri Ahmed Patel","NEED TO CONTROL AND ELIMINATE THE SICKLE CELL ANAEMIA","No Reply",NULL,09-12-14,"HEALTH AND FAMILY WELFARE",62
233,"Shri C.P. Narayanan","NEED FOR TAKING STEPS TO ENSURE ACCESS TO EDUCATION FOR CHILDREN OF WEAKER SECTIONS IN COUNTRY.","No Reply",NULL,09-12-14,"HUMAN RESOURCE DEVELOPMENT",63
233,"Shri Ananda Bhaskar Rapolu","NEED TO TAKE STEPS FOR LAYING GHANAPUR-KODAKANDLA-SURYAPET RAILWAY LINE IN TELANGANA","No Reply",NULL,09-12-14,RAILWAYS,64
233,"Shri Tiruchi Siva","DEMAND TO TAKE NECESSARY STEPS FOR DECLARING THIRUKKURAL AS NATIONAL TEXT","No Reply",NULL,09-12-14,CULTURE,65
233,"Smt. Kahkashan Perween","DEMAND FOR ADOPTING MODERN TECHNIQUE FOR SAFE DISPOSAL OF FLY ASH FROM NTPC POWER PLANTS AT KAHALGAON IN BHAGALPUR DISTRICT IN BIHAR","No Reply",NULL,10-12-14,POWER,66
233,"Dr. V. Maitreyan","DEMAND FOR RESTORING REGION-WISE RECRUITMENT ON DOMICILE BASIS BY STAFF SELECTION COMMISSION","Final Reply",19-01-15,10-12-14,"PERSONNEL, PUBLIC GRIEVANCES AND PENSIONS",67
233,"Dr. Sanjay Sinh","DEMAND FOR ESTABLISHING INDUSTRIES IN NORTH-EASTERN STATES TO CREATE EMPLOYMENT OPPORTUNITES FOR YOUTH","No Reply",NULL,10-12-14,"DEVELOPMENT OF NORTH EASTERN REGION",68
233,"Shri Pankaj Bora","DEMAND FOR TAKING IMMEDIATE STEPS TO REMOVE RISKS POSED BY CONSTRUCTION OF DAM ON RIVER BRAHMAPUTRA IN TIBET BY CHINA","No Reply",NULL,10-12-14,"EXTERNAL AFFAIRS",69
233,"Shri Shantaram Naik","DEMAND FOR TRIAL OF CASES AGAINST FAKE GODMEN BY FAST TRACK COURTS","No Reply",NULL,10-12-14,"LAW AND JUSTICE",70
233,"Shri Lal Sinh Vadodia","DEMAND TO CREATE A SEPARATE MINISTRY FOR HOLISTIC DEVELOPMENT OF KHADI AND VILLAGE INDUSTRIES IN THE COUNTRY","No Reply",NULL,10-12-14,"Micro, Small and Medium Enterprises",71
233,"Shri Ambeth Rajan","DEMAND TO MAKE ONE TIME ARRANGEMENT FOR INCLUSION OR EXCLUSION OF SC/ST CASTES IN THEIR RESPECTIVE LISTS","Final Reply",16-01-15,10-12-14,"SOCIAL JUSTICE AND EMPOWERMENT",72
233,"Smt. Sasikala Pushpa","DEMAND TO ANNOUNCE ZONE-WISE UNIT COST (L-VALUE) FOR SUGARCANE FOR SUGAR SEASONS FROM 2004-05 TO 2008-09","Final Reply",06-04-15,10-12-14,"CONSUMER AFFAIRS, FOOD AND PUBLIC DISTRIBUTION",73
233,"Shri Arvind Kumar Singh","DEMAND FOR ORDERING CBI INQUIRY INTO ALLEGED IRREGULARITIES IN DRAW OF FLATS OF DDA HOUSING SCHEME, 2014","No Reply",NULL,10-12-14,"URBAN DEVELOPMENT",74
233,"Smt. Vijila Sathyananth","DEMAND FOR INTRODUCING LEGISLATION TO INCLUDE DALIT CHRISTIANS IN SCHEDULED CASTES LIST","No Reply",NULL,10-12-14,"SOCIAL JUSTICE AND EMPOWERMENT",75
233,"Shri Bhupinder Singh","DEMAND FOR TAKING INITIATIVES TO REALIZE OBJECTIVES ENSHRINED IN ARTICLE 1 OF THE UNIVERSAL DECLARATION OF HUMAN RIGHTS","No Reply",NULL,10-12-14,"HOME AFFAIRS",76
233,"Shri Md. Nadimul Haque","NEED FOR ALLOCATING FUNDS FOR URBAN DEVELOPMENT PROJECTS IN WEST BENGAL","Final Reply",16-02-15,10-12-14,"URBAN DEVELOPMENT",77
233,"Shri Tarun Vijay","NEED TO SET UP INFRASTRUCTURE IN MANIPUR TO MAKE THE STATE AN INTERNATIONAL KNOWLEDGE HUB","No Reply",NULL,10-12-14,"DEVELOPMENT OF NORTH EASTERN REGION",78
233,"Shri Vishambhar Prasad Nishad","NEED TO GIVE SPECIAL PACKAGE TO PROVIDE SAFE DRINKING WATER IN CERTAIN DISTRICTS OF BUNDELKHAND IN UTTAR PRADESH","No Reply",NULL,10-12-14,FINANCE,79
233,"Smt. Kanimozhi","DEMAND FOR SETTING UP NEW SPACE LAUNCH SITE AT KULASEKARAPATINAM IN TUTICORIN DISTRICT IN TAMIL NADU","No Reply",NULL,10-12-14,SPACE,80
233,"Shri D. Bandyopadhyay","DEMAND FOR TIMELY COMPLETION OF PENDING PROJECTS ON NATIONAL HIGHWAYS IN WEST BENGAL","No Reply",NULL,10-12-14,"ROAD TRANSPORT & HIGHWAYS",81
233,"Chaudhary Munvvar Saleem","DEMAND FOR BRINGING EQUALITY AND FACILITIES IN PROVIDING HEALTH SERVICES TO BOTH RICH AND POOR","No Reply",NULL,10-12-14,"HEALTH AND FAMILY WELFARE",82
233,"Shri Majeed Memon","DEMAND FOR IMPLEMENTATION OF JUSTICE USHA MEHRA COMMISSION'S RECOMMENDATION REGARDING POLICING IN PUBLIC TRANSPORT","No Reply",NULL,12-12-14,"HOME AFFAIRS",83
233,"Smt. Kanak Lata Singh","DEMAND FOR RESTORING OLD SYSTEM OF MONITORING STANDARDS OF ITIs WITHOUT IMPOSING ANY FEE ON STUDENTS IN THE COUNTRY","No Reply",NULL,12-12-14,"HUMAN RESOURCE DEVELOPMENT",84
233,"Smt. Vijila Sathyananth","DEMAND FOR EASING PROCEDURE TO SANCTION EDUCATIONAL LOANS TO COLLEGE-GOING STUDENTS IN COUNTRY","No Reply",NULL,19-12-14,FINANCE,85
233,"Chaudhary Munvvar Saleem","DEMAND FOR MAKING A TIME-BOUND PLAN FOR REMOVING HAZARDOUS SUBSTANCES LIKE ARSENIC FROM UNDERGROUND WATER","No Reply",NULL,19-12-14,"DRINKING WATER AND SANITATION",86
233,"Shri Tiruchi Siva","CONCERN OVER CONSTRUCTION OF DAMS AT MEKEDATU ACROSS CAUVERY RIVER IN KARNATAKA VIOLATING SUPREME COURT VERDICT","Final Reply",19-01-15,19-12-14,"Water resources, River Development and Ganga Rejuvenation",87
233,"Shri Paul Manoj Pandian","DEMAND FOR TAKING STEPS TO ENABLE USE OF TAMIL IN HIGH COURT OF MADRAS","Final Reply",29-01-15,19-12-14,"LAW AND JUSTICE",88
233,"Smt. Kahkashan Perween","DEMAND FOR TAKING ACTION TO CARRY OUT REPAIR WORKS ON GANDHI SETU IN BIHAR","Final Reply",29-04-15,19-12-14,"ROAD TRANSPORT & HIGHWAYS",89
233,"Smt. Manorama D. Sharama","DEMAND FOR CENTRAL ASSISTANCE FOR CONSTRUCTION OF A DAM ON SAUNG RIVER TO PROVIDE DRINKING WATER IN DEHARADUN, UTTARAKHAND","Final Reply",20-01-15,19-12-14,"Water resources, River Development and Ganga Rejuvenation",90
233,"Shri Dilip Kumar Tirkey","DEMAND FOR OPENING A CENTRAL TRIBAL UNIVERSITY IN ODISHA AND MAKING ARRANGEMENTS TO GIVE FREE HIGHER EDUCATION TO TRIBAL CHILDREN","No Reply",NULL,19-12-14,"HUMAN RESOURCE DEVELOPMENT",91
233,"Shri Bhupinder Singh","DEMAND FOR ACCORDING SPECIAL CATEGORY STATUS TO STATE OF ODISHA","No Reply",NULL,19-12-14,PLANNING,92
233,"Shri K. R. Arjunan","DEMAND FOR MORE ALLOCATION OF KEROSENE FROM CENTRAL POOL TO TAMIL NADU","Final Reply",16-03-15,19-12-14,"CONSUMER AFFAIRS, FOOD AND PUBLIC DISTRIBUTION",93
233,"Shri Avinash Pande","DEMAND FOR TAKING IMMEDIATE MEASURES TO PROVIDE SELF-DEFENCE ARTICLE TO WOMEN TO PROTECT THEM FROM HEINOUS CRIMES","Final Reply",06-11-15,19-12-14,"HOME AFFAIRS",94
