Sl.No,"Name of State/ Region","Mining during period","Trader during period","Exporter during period","Storage during period","End User during period",Total
1,"ANDHRA PRADESH",1181,866,106,201,241,2595
2,"ARUNACHAL PRADESH",3,0,0,0,1,4
3,ASSAM,6,4,0,3,12,25
4,BIHAR,9,4,0,1,13,27
5,CHANDIGARH,4,1,0,0,1,6
6,CHHATTISGARH,201,312,27,88,139,767
7,"DADRA & NAGAR HAVELI",0,0,1,1,4,6
8,"DAMAN & DIU",1,1,0,1,1,4
9,DELHI,28,64,24,16,58,190
10,GOA,127,336,92,127,29,711
11,GUJARAT,592,498,43,291,428,1852
12,HARYANA,15,11,4,3,38,71
13,"HIMACHAL PRADESH",37,7,0,4,11,59
14,"JAMMU & KASHMIR",54,2,0,1,14,71
15,JHARKHAND,139,212,16,122,93,582
16,KARNATAKA,393,421,85,85,231,1215
17,KERALA,60,30,10,6,36,142
18,"MADHYA PRADESH",479,265,9,72,175,1000
19,MAHARASHTRA,177,556,107,153,388,1381
20,MEGHALAYA,16,2,2,0,8,28
21,ORISSA,172,592,163,194,363,1484
22,PONDICHERRY,4,10,1,4,4,23
23,PUNJAB,1,12,2,4,31,50
24,RAJASTHAN,1971,817,24,173,486,3471
25,"TAMIL NADU",452,441,79,96,297,1365
26,TRIPURA,0,0,0,0,1,1
27,"UTTAR PRADESH",64,53,15,14,99,245
28,UTTARANCHAL,84,13,1,8,20,126
29,"WEST BENGAL",105,366,123,91,292,977
Total,Total,6375,5896,934,1759,3514,18478
