STATE/UT,YEAR,GENDER,"Upto 10 years","10-15 years","15-18 years","18-30 years","30-50 years","Above 50 years",Total
"Andhra Pradesh",2001,Male,35,59,88,827,952,215,2176
"Andhra Pradesh",2001,Female,38,15,43,269,175,67,607
"Andhra Pradesh",2001,Total,73,74,131,1096,1127,282,2783
"Arunachal Pradesh",2001,Male,0,0,0,31,32,4,67
"Arunachal Pradesh",2001,Female,0,0,0,10,4,2,16
"Arunachal Pradesh",2001,Total,0,0,0,41,36,6,83
Assam,2001,Male,17,30,169,577,368,67,1228
Assam,2001,Female,4,8,23,45,37,11,128
Assam,2001,Total,21,38,192,622,405,78,1356
Bihar,2001,Male,2,2,156,1484,1406,227,3277
Bihar,2001,Female,0,0,40,191,123,12,366
Bihar,2001,Total,2,2,196,1675,1529,239,3643
Chhattisgarh,2001,Male,30,12,30,341,553,142,1108
Chhattisgarh,2001,Female,38,14,38,214,182,63,549
Chhattisgarh,2001,Total,68,26,68,555,735,205,1657
Goa,2001,Male,1,0,0,11,10,2,24
Goa,2001,Female,0,0,0,4,8,1,13
Goa,2001,Total,1,0,0,15,18,3,37
Gujarat,2001,Male,50,11,18,335,416,87,917
Gujarat,2001,Female,57,9,8,132,131,26,363
Gujarat,2001,Total,107,20,26,467,547,113,1280
Haryana,2001,Male,24,11,47,291,264,38,675
Haryana,2001,Female,12,1,15,67,42,6,143
Haryana,2001,Total,36,12,62,358,306,44,818
"Himachal Pradesh",2001,Male,3,0,1,29,42,8,83
"Himachal Pradesh",2001,Female,1,1,1,11,19,6,39
"Himachal Pradesh",2001,Total,4,1,2,40,61,14,122
"Jammu & Kashmir",2001,Male,8,37,160,385,468,167,1225
"Jammu & Kashmir",2001,Female,2,13,27,68,53,24,187
"Jammu & Kashmir",2001,Total,10,50,187,453,521,191,1412
Jharkhand,2001,Male,4,3,121,470,482,136,1216
Jharkhand,2001,Female,0,0,39,126,102,24,291
Jharkhand,2001,Total,4,3,160,596,584,160,1507
Karnataka,2001,Male,42,9,36,450,434,130,1101
Karnataka,2001,Female,38,13,24,250,201,51,577
Karnataka,2001,Total,80,22,60,700,635,181,1678
Kerala,2001,Male,27,8,9,88,146,55,333
Kerala,2001,Female,36,5,8,25,58,24,156
Kerala,2001,Total,63,13,17,113,204,79,489
"Madhya Pradesh",2001,Male,32,25,129,693,854,70,1803
"Madhya Pradesh",2001,Female,41,13,37,281,219,31,622
"Madhya Pradesh",2001,Total,73,38,166,974,1073,101,2425
Maharashtra,2001,Male,113,28,39,740,743,219,1882
Maharashtra,2001,Female,76,28,41,555,290,78,1068
Maharashtra,2001,Total,189,56,80,1295,1033,297,2950
Manipur,2001,Male,0,0,8,137,70,10,225
Manipur,2001,Female,2,0,0,2,3,1,8
Manipur,2001,Total,2,0,8,139,73,11,233
Meghalaya,2001,Male,0,0,0,112,50,1,163
Meghalaya,2001,Female,0,0,0,4,2,0,6
Meghalaya,2001,Total,0,0,0,116,52,1,169
Mizoram,2001,Male,0,0,3,8,6,2,19
Mizoram,2001,Female,0,0,0,9,3,0,12
Mizoram,2001,Total,0,0,3,17,9,2,31
Nagaland,2001,Male,0,1,3,64,36,3,107
Nagaland,2001,Female,0,0,2,0,0,0,2
Nagaland,2001,Total,0,1,5,64,36,3,109
Odisha,2001,Male,0,2,43,350,304,46,745
Odisha,2001,Female,0,0,13,140,81,26,260
Odisha,2001,Total,0,2,56,490,385,72,1005
Punjab,2001,Male,7,9,35,268,222,43,584
Punjab,2001,Female,3,1,21,90,77,11,203
Punjab,2001,Total,10,10,56,358,299,54,787
Rajasthan,2001,Male,10,14,32,389,481,101,1027
Rajasthan,2001,Female,8,4,15,108,81,32,248
Rajasthan,2001,Total,18,18,47,497,562,133,1275
Sikkim,2001,Male,1,0,0,7,3,2,13
Sikkim,2001,Female,0,0,0,1,5,0,6
Sikkim,2001,Total,1,0,0,8,8,2,19
"Tamil Nadu",2001,Male,3,8,136,391,463,136,1137
"Tamil Nadu",2001,Female,5,8,113,174,191,34,525
"Tamil Nadu",2001,Total,8,16,249,565,654,170,1662
Tripura,2001,Male,0,6,15,90,100,20,231
Tripura,2001,Female,0,0,2,3,2,2,9
Tripura,2001,Total,0,6,17,93,102,22,240
Uttarakhand,2001,Male,2,3,3,52,184,27,271
Uttarakhand,2001,Female,2,2,1,72,29,4,110
Uttarakhand,2001,Total,4,5,4,124,213,31,381
"Uttar Pradesh",2001,Male,29,93,189,3098,2726,722,6857
"Uttar Pradesh",2001,Female,10,65,103,626,417,102,1323
"Uttar Pradesh",2001,Total,39,158,292,3724,3143,824,8180
"West Bengal",2001,Male,1,2,2,676,552,82,1315
"West Bengal",2001,Female,0,0,1,213,132,12,358
"West Bengal",2001,Total,1,2,3,889,684,94,1673
"A&N Islands",2001,Male,0,1,0,3,3,0,7
"A&N Islands",2001,Female,0,0,0,4,2,0,6
"A&N Islands",2001,Total,0,1,0,7,5,0,13
Chandigarh,2001,Male,0,0,0,4,5,1,10
Chandigarh,2001,Female,0,0,0,1,1,3,5
Chandigarh,2001,Total,0,0,0,5,6,4,15
"D&N Haveli",2001,Male,0,0,0,1,2,0,3
"D&N Haveli",2001,Female,0,0,0,0,0,0,0
"D&N Haveli",2001,Total,0,0,0,1,2,0,3
"Delhi UT",2001,Male,13,10,12,231,128,28,422
"Delhi UT",2001,Female,12,2,9,74,41,14,152
"Delhi UT",2001,Total,25,12,21,305,169,42,574
Lakshadweep,2001,Male,0,0,0,0,0,0,0
Lakshadweep,2001,Female,1,1,0,0,0,0,2
Lakshadweep,2001,Total,1,1,0,0,0,0,2
Puducherry,2001,Male,0,0,0,5,7,3,15
Puducherry,2001,Female,0,0,1,5,4,0,10
Puducherry,2001,Total,0,0,1,10,11,3,25
"Andhra Pradesh",2002,Male,7,3,10,949,826,194,1989
"Andhra Pradesh",2002,Female,5,17,3,371,185,81,662
"Andhra Pradesh",2002,Total,12,20,13,1320,1011,275,2651
"Arunachal Pradesh",2002,Male,0,0,0,31,26,0,57
"Arunachal Pradesh",2002,Female,0,0,0,3,1,0,4
"Arunachal Pradesh",2002,Total,0,0,0,34,27,0,61
Assam,2002,Male,2,0,0,763,356,21,1142
Assam,2002,Female,0,0,0,64,43,4,111
Assam,2002,Total,2,0,0,827,399,25,1253
Bihar,2002,Male,4,3,3,1874,1395,155,3434
Bihar,2002,Female,3,0,2,242,144,6,397
Bihar,2002,Total,7,3,5,2116,1539,161,3831
Chhattisgarh,2002,Male,19,5,2,153,357,80,616
Chhattisgarh,2002,Female,5,2,2,111,82,26,228
Chhattisgarh,2002,Total,24,7,4,264,439,106,844
Goa,2002,Male,1,0,1,9,7,6,24
Goa,2002,Female,0,0,0,1,2,4,7
Goa,2002,Total,1,0,1,10,9,10,31
Gujarat,2002,Male,72,16,31,723,702,189,1733
Gujarat,2002,Female,57,25,11,252,182,67,594
Gujarat,2002,Total,129,41,42,975,884,256,2327
Haryana,2002,Male,4,8,4,336,271,32,655
Haryana,2002,Female,2,3,1,97,47,6,156
Haryana,2002,Total,6,11,5,433,318,38,811
"Himachal Pradesh",2002,Male,3,1,2,36,43,13,98
"Himachal Pradesh",2002,Female,2,0,2,19,10,1,34
"Himachal Pradesh",2002,Total,5,1,4,55,53,14,132
"Jammu & Kashmir",2002,Male,0,0,2,493,562,87,1144
"Jammu & Kashmir",2002,Female,0,0,0,71,85,7,163
"Jammu & Kashmir",2002,Total,0,0,2,564,647,94,1307
Jharkhand,2002,Male,2,1,2,495,444,238,1182
Jharkhand,2002,Female,1,1,1,140,107,56,306
Jharkhand,2002,Total,3,2,3,635,551,294,1488
Karnataka,2002,Male,11,3,4,480,480,131,1109
Karnataka,2002,Female,7,0,3,346,214,25,595
Karnataka,2002,Total,18,3,7,826,694,156,1704
Kerala,2002,Male,20,4,5,87,133,50,299
Kerala,2002,Female,44,5,2,31,46,27,155
Kerala,2002,Total,64,9,7,118,179,77,454
"Madhya Pradesh",2002,Male,6,7,67,891,743,144,1858
"Madhya Pradesh",2002,Female,2,5,7,258,194,71,537
"Madhya Pradesh",2002,Total,8,12,74,1149,937,215,2395
Maharashtra,2002,Male,81,27,27,716,899,275,2025
Maharashtra,2002,Female,75,27,18,475,293,78,966
Maharashtra,2002,Total,156,54,45,1191,1192,353,2991
Manipur,2002,Male,0,0,0,123,80,5,208
Manipur,2002,Female,0,0,0,7,6,1,14
Manipur,2002,Total,0,0,0,130,86,6,222
Meghalaya,2002,Male,0,0,2,76,78,3,159
Meghalaya,2002,Female,1,0,0,3,20,1,25
Meghalaya,2002,Total,1,0,2,79,98,4,184
Mizoram,2002,Male,0,0,0,15,3,2,20
Mizoram,2002,Female,0,0,0,8,1,0,9
Mizoram,2002,Total,0,0,0,23,4,2,29
Nagaland,2002,Male,0,2,7,71,24,1,105
Nagaland,2002,Female,0,0,0,1,2,0,3
Nagaland,2002,Total,0,2,7,72,26,1,108
Odisha,2002,Male,2,2,0,378,372,48,802
Odisha,2002,Female,3,0,0,201,117,25,346
Odisha,2002,Total,5,2,0,579,489,73,1148
Punjab,2002,Male,3,3,2,245,334,44,631
Punjab,2002,Female,1,2,2,74,57,5,141
Punjab,2002,Total,4,5,4,319,391,49,772
Rajasthan,2002,Male,5,1,2,432,531,92,1063
Rajasthan,2002,Female,10,1,1,131,102,16,261
Rajasthan,2002,Total,15,2,3,563,633,108,1324
Sikkim,2002,Male,0,0,2,4,7,0,13
Sikkim,2002,Female,0,0,0,0,0,0,0
Sikkim,2002,Total,0,0,2,4,7,0,13
"Tamil Nadu",2002,Male,11,4,2,512,543,197,1269
"Tamil Nadu",2002,Female,18,8,2,259,165,66,518
"Tamil Nadu",2002,Total,29,12,4,771,708,263,1787
Tripura,2002,Male,0,0,0,95,72,22,189
Tripura,2002,Female,0,0,0,10,2,0,12
Tripura,2002,Total,0,0,0,105,74,22,201
"Uttar Pradesh",2002,Male,29,134,227,2824,2378,493,6085
"Uttar Pradesh",2002,Female,7,57,84,724,508,73,1453
"Uttar Pradesh",2002,Total,36,191,311,3548,2886,566,7538
Uttarakhand,2002,Male,0,2,1,77,169,19,268
Uttarakhand,2002,Female,0,2,2,23,37,3,67
Uttarakhand,2002,Total,0,4,3,100,206,22,335
"West Bengal",2002,Male,0,0,0,664,465,52,1181
"West Bengal",2002,Female,3,0,0,188,72,9,272
"West Bengal",2002,Total,3,0,0,852,537,61,1453
"A&N Islands",2002,Male,0,0,0,4,4,2,10
"A&N Islands",2002,Female,0,0,1,2,4,0,7
"A&N Islands",2002,Total,0,0,1,6,8,2,17
Chandigarh,2002,Male,2,0,0,9,10,1,22
Chandigarh,2002,Female,1,0,0,3,3,2,9
Chandigarh,2002,Total,3,0,0,12,13,3,31
"D&N Haveli",2002,Male,0,0,0,2,7,1,10
"D&N Haveli",2002,Female,0,0,0,0,1,0,1
"D&N Haveli",2002,Total,0,0,0,2,8,1,11
"Daman & Diu",2002,Male,0,0,0,3,3,0,6
"Daman & Diu",2002,Female,0,0,0,2,0,0,2
"Daman & Diu",2002,Total,0,0,0,5,3,0,8
"Delhi UT",2002,Male,8,8,8,243,118,26,411
"Delhi UT",2002,Female,6,3,2,69,36,14,130
"Delhi UT",2002,Total,14,11,10,312,154,40,541
Lakshadweep,2002,Male,0,0,0,0,0,0,0
Lakshadweep,2002,Female,0,0,0,0,0,0,0
Lakshadweep,2002,Total,0,0,0,0,0,0,0
Puducherry,2002,Male,1,0,0,6,12,1,20
Puducherry,2002,Female,1,0,0,1,8,1,11
Puducherry,2002,Total,2,0,0,7,20,2,31
"Andhra Pradesh",2003,Male,17,31,43,992,887,207,2177
"Andhra Pradesh",2003,Female,8,8,12,378,257,74,737
"Andhra Pradesh",2003,Total,25,39,55,1370,1144,281,2914
"Arunachal Pradesh",2003,Male,0,0,0,64,13,0,77
"Arunachal Pradesh",2003,Female,0,0,0,0,0,0,0
"Arunachal Pradesh",2003,Total,0,0,0,64,13,0,77
Assam,2003,Male,2,0,0,571,460,55,1088
Assam,2003,Female,0,0,0,68,31,4,103
Assam,2003,Total,2,0,0,639,491,59,1191
Bihar,2003,Male,2,2,3,1637,1536,199,3379
Bihar,2003,Female,3,0,2,235,147,6,393
Bihar,2003,Total,5,2,5,1872,1683,205,3772
Chhattisgarh,2003,Male,16,8,2,228,262,65,581
Chhattisgarh,2003,Female,9,4,1,84,88,30,216
Chhattisgarh,2003,Total,25,12,3,312,350,95,797
Goa,2003,Male,0,0,0,6,12,2,20
Goa,2003,Female,0,0,0,5,5,4,14
Goa,2003,Total,0,0,0,11,17,6,34
Gujarat,2003,Male,32,5,13,297,379,82,808
Gujarat,2003,Female,29,1,3,160,130,33,356
Gujarat,2003,Total,61,6,16,457,509,115,1164
Haryana,2003,Male,2,1,12,308,243,31,597
Haryana,2003,Female,1,1,7,93,41,8,151
Haryana,2003,Total,3,2,19,401,284,39,748
"Himachal Pradesh",2003,Male,5,2,1,31,53,4,96
"Himachal Pradesh",2003,Female,0,0,1,12,16,5,34
"Himachal Pradesh",2003,Total,5,2,2,43,69,9,130
"Jammu & Kashmir",2003,Male,0,0,0,375,559,79,1013
"Jammu & Kashmir",2003,Female,0,0,0,57,42,3,102
"Jammu & Kashmir",2003,Total,0,0,0,432,601,82,1115
Jharkhand,2003,Male,5,2,1,506,487,85,1086
Jharkhand,2003,Female,2,1,1,177,185,30,396
Jharkhand,2003,Total,7,3,2,683,672,115,1482
Karnataka,2003,Male,41,11,50,399,439,111,1051
Karnataka,2003,Female,50,12,21,249,154,39,525
Karnataka,2003,Total,91,23,71,648,593,150,1576
Kerala,2003,Male,7,1,2,92,151,56,309
Kerala,2003,Female,15,3,3,28,55,22,126
Kerala,2003,Total,22,4,5,120,206,78,435
"Madhya Pradesh",2003,Male,25,21,60,790,773,104,1773
"Madhya Pradesh",2003,Female,16,4,39,194,151,50,454
"Madhya Pradesh",2003,Total,41,25,99,984,924,154,2227
Maharashtra,2003,Male,63,22,23,717,826,304,1955
Maharashtra,2003,Female,79,22,18,533,274,70,996
Maharashtra,2003,Total,142,44,41,1250,1100,374,2951
Manipur,2003,Male,0,0,0,109,56,9,174
Manipur,2003,Female,1,0,0,8,2,0,11
Manipur,2003,Total,1,0,0,117,58,9,185
Meghalaya,2003,Male,1,0,11,60,90,3,165
Meghalaya,2003,Female,0,0,2,4,3,1,10
Meghalaya,2003,Total,1,0,13,64,93,4,175
Mizoram,2003,Male,1,0,4,11,20,1,37
Mizoram,2003,Female,0,0,0,5,4,0,9
Mizoram,2003,Total,1,0,4,16,24,1,46
Nagaland,2003,Male,0,0,0,65,20,0,85
Nagaland,2003,Female,0,0,0,5,1,0,6
Nagaland,2003,Total,0,0,0,70,21,0,91
Odisha,2003,Male,5,4,10,363,322,65,769
Odisha,2003,Female,3,0,3,178,128,21,333
Odisha,2003,Total,8,4,13,541,450,86,1102
Punjab,2003,Male,9,3,6,249,271,56,594
Punjab,2003,Female,3,2,2,89,61,18,175
Punjab,2003,Total,12,5,8,338,332,74,769
Rajasthan,2003,Male,11,4,3,437,456,102,1013
Rajasthan,2003,Female,2,3,3,123,106,34,271
Rajasthan,2003,Total,13,7,6,560,562,136,1284
Sikkim,2003,Male,0,0,1,5,2,2,10
Sikkim,2003,Female,1,0,0,4,1,0,6
Sikkim,2003,Total,1,0,1,9,3,2,16
"Tamil Nadu",2003,Male,4,4,15,357,534,197,1111
"Tamil Nadu",2003,Female,7,7,25,239,182,83,543
"Tamil Nadu",2003,Total,11,11,40,596,716,280,1654
Tripura,2003,Male,0,0,0,117,84,30,231
Tripura,2003,Female,0,0,0,18,5,0,23
Tripura,2003,Total,0,0,0,135,89,30,254
"Uttar Pradesh",2003,Male,27,87,206,2011,1542,412,4285
"Uttar Pradesh",2003,Female,8,58,86,427,345,75,999
"Uttar Pradesh",2003,Total,35,145,292,2438,1887,487,5284
Uttarakhand,2003,Male,0,0,1,87,127,16,231
Uttarakhand,2003,Female,0,0,2,28,30,2,62
Uttarakhand,2003,Total,0,0,3,115,157,18,293
"West Bengal",2003,Male,1,0,2,606,506,52,1167
"West Bengal",2003,Female,2,2,2,186,95,10,297
"West Bengal",2003,Total,3,2,4,792,601,62,1464
"A&N Islands",2003,Male,0,0,0,6,5,1,12
"A&N Islands",2003,Female,1,0,0,2,5,1,9
"A&N Islands",2003,Total,1,0,0,8,10,2,21
Chandigarh,2003,Male,0,1,0,5,9,0,15
Chandigarh,2003,Female,1,1,0,3,0,1,6
Chandigarh,2003,Total,1,2,0,8,9,1,21
"D&N Haveli",2003,Male,0,0,0,3,4,1,8
"D&N Haveli",2003,Female,0,0,0,1,1,1,3
"D&N Haveli",2003,Total,0,0,0,4,5,2,11
"Daman & Diu",2003,Male,0,0,0,0,3,3,6
"Daman & Diu",2003,Female,0,0,0,0,0,0,0
"Daman & Diu",2003,Total,0,0,0,0,3,3,6
"Delhi UT",2003,Male,11,10,12,210,103,25,371
"Delhi UT",2003,Female,8,6,7,44,43,23,131
"Delhi UT",2003,Total,19,16,19,254,146,48,502
Lakshadweep,2003,Male,0,0,0,0,0,0,0
Lakshadweep,2003,Female,0,0,0,0,0,0,0
Lakshadweep,2003,Total,0,0,0,0,0,0,0
Puducherry,2003,Male,1,0,0,8,10,3,22
Puducherry,2003,Female,0,1,0,3,2,2,8
Puducherry,2003,Total,1,1,0,11,12,5,30
"Andhra Pradesh",2004,Male,22,15,15,856,855,222,1985
"Andhra Pradesh",2004,Female,13,10,14,301,254,63,655
"Andhra Pradesh",2004,Total,35,25,29,1157,1109,285,2640
"Arunachal Pradesh",2004,Male,0,0,0,36,26,3,65
"Arunachal Pradesh",2004,Female,0,0,0,0,2,0,2
"Arunachal Pradesh",2004,Total,0,0,0,36,28,3,67
Assam,2004,Male,1,0,0,636,425,68,1130
Assam,2004,Female,0,0,0,55,25,4,84
Assam,2004,Total,1,0,0,691,450,72,1214
Bihar,2004,Male,2,9,4,1906,1424,178,3523
Bihar,2004,Female,2,4,0,269,140,10,425
Bihar,2004,Total,4,13,4,2175,1564,188,3948
Chhattisgarh,2004,Male,15,6,23,235,288,91,658
Chhattisgarh,2004,Female,5,5,7,96,124,32,269
Chhattisgarh,2004,Total,20,11,30,331,412,123,927
Goa,2004,Male,1,0,0,8,13,3,25
Goa,2004,Female,0,1,0,7,4,5,17
Goa,2004,Total,1,1,0,15,17,8,42
Gujarat,2004,Male,31,5,6,315,393,79,829
Gujarat,2004,Female,53,2,6,157,97,25,340
Gujarat,2004,Total,84,7,12,472,490,104,1169
Haryana,2004,Male,0,1,20,278,244,40,583
Haryana,2004,Female,0,0,2,100,51,6,159
Haryana,2004,Total,0,1,22,378,295,46,742
"Himachal Pradesh",2004,Male,2,3,0,30,34,16,85
"Himachal Pradesh",2004,Female,1,0,3,7,10,4,25
"Himachal Pradesh",2004,Total,3,3,3,37,44,20,110
"Jammu & Kashmir",2004,Male,0,0,0,438,374,70,882
"Jammu & Kashmir",2004,Female,1,0,0,58,36,12,107
"Jammu & Kashmir",2004,Total,1,0,0,496,410,82,989
Jharkhand,2004,Male,5,2,1,507,489,85,1089
Jharkhand,2004,Female,2,1,1,179,186,30,399
Jharkhand,2004,Total,7,3,2,686,675,115,1488
Karnataka,2004,Male,24,3,2,432,433,112,1006
Karnataka,2004,Female,23,0,2,313,172,51,561
Karnataka,2004,Total,47,3,4,745,605,163,1567
Kerala,2004,Male,24,2,3,68,131,62,290
Kerala,2004,Female,16,6,2,26,58,29,137
Kerala,2004,Total,40,8,5,94,189,91,427
"Madhya Pradesh",2004,Male,7,18,96,826,715,224,1886
"Madhya Pradesh",2004,Female,1,4,18,262,158,51,494
"Madhya Pradesh",2004,Total,8,22,114,1088,873,275,2380
Maharashtra,2004,Male,56,18,36,653,806,204,1773
Maharashtra,2004,Female,69,10,16,523,299,87,1004
Maharashtra,2004,Total,125,28,52,1176,1105,291,2777
Manipur,2004,Male,0,0,0,117,52,9,178
Manipur,2004,Female,0,0,0,8,6,1,15
Manipur,2004,Total,0,0,0,125,58,10,193
Meghalaya,2004,Male,0,0,0,97,51,1,149
Meghalaya,2004,Female,0,0,1,6,1,0,8
Meghalaya,2004,Total,0,0,1,103,52,1,157
Mizoram,2004,Male,0,0,0,13,13,5,31
Mizoram,2004,Female,0,0,0,2,1,1,4
Mizoram,2004,Total,0,0,0,15,14,6,35
Nagaland,2004,Male,0,0,0,28,28,0,56
Nagaland,2004,Female,0,0,0,8,9,0,17
Nagaland,2004,Total,0,0,0,36,37,0,73
Odisha,2004,Male,1,1,3,389,341,45,780
Odisha,2004,Female,1,3,0,221,114,18,357
Odisha,2004,Total,2,4,3,610,455,63,1137
Punjab,2004,Male,10,4,9,250,275,60,608
Punjab,2004,Female,13,4,2,84,74,17,194
Punjab,2004,Total,23,8,11,334,349,77,802
Rajasthan,2004,Male,4,4,5,422,443,127,1005
Rajasthan,2004,Female,4,2,2,146,99,34,287
Rajasthan,2004,Total,8,6,7,568,542,161,1292
Sikkim,2004,Male,1,0,0,2,8,2,13
Sikkim,2004,Female,2,0,0,2,0,1,5
Sikkim,2004,Total,3,0,0,4,8,3,18
"Tamil Nadu",2004,Male,32,7,4,372,447,189,1051
"Tamil Nadu",2004,Female,34,6,0,240,157,56,493
"Tamil Nadu",2004,Total,66,13,4,612,604,245,1544
Tripura,2004,Male,0,2,2,97,65,16,182
Tripura,2004,Female,0,1,0,27,10,6,44
Tripura,2004,Total,0,3,2,124,75,22,226
"Uttar Pradesh",2004,Male,60,147,223,2224,2146,464,5264
"Uttar Pradesh",2004,Female,56,71,124,613,451,86,1401
"Uttar Pradesh",2004,Total,116,218,347,2837,2597,550,6665
Uttarakhand,2004,Male,2,0,0,108,90,20,220
Uttarakhand,2004,Female,2,0,0,22,18,5,47
Uttarakhand,2004,Total,4,0,0,130,108,25,267
"West Bengal",2004,Male,0,0,0,518,439,51,1008
"West Bengal",2004,Female,1,1,0,218,191,14,425
"West Bengal",2004,Total,1,1,0,736,630,65,1433
"A&N Islands",2004,Male,1,0,0,2,5,2,10
"A&N Islands",2004,Female,0,0,0,0,5,0,5
"A&N Islands",2004,Total,1,0,0,2,10,2,15
Chandigarh,2004,Male,0,0,1,5,6,2,14
Chandigarh,2004,Female,2,0,0,3,3,0,8
Chandigarh,2004,Total,2,0,1,8,9,2,22
"D&N Haveli",2004,Male,0,0,1,3,4,1,9
"D&N Haveli",2004,Female,2,0,0,0,0,0,2
"D&N Haveli",2004,Total,2,0,1,3,4,1,11
"Daman & Diu",2004,Male,0,0,0,1,1,0,2
"Daman & Diu",2004,Female,0,0,0,1,0,0,1
"Daman & Diu",2004,Total,0,0,0,2,1,0,3
"Delhi UT",2004,Male,20,14,15,170,134,32,385
"Delhi UT",2004,Female,14,7,7,51,30,16,125
"Delhi UT",2004,Total,34,21,22,221,164,48,510
Lakshadweep,2004,Male,0,0,0,0,0,0,0
Lakshadweep,2004,Female,0,0,0,0,0,0,0
Lakshadweep,2004,Total,0,0,0,0,0,0,0
Puducherry,2004,Male,1,0,0,11,8,2,22
Puducherry,2004,Female,0,0,0,1,2,0,3
Puducherry,2004,Total,1,0,0,12,10,2,25
"Andhra Pradesh",2005,Male,24,14,21,953,949,245,2206
"Andhra Pradesh",2005,Female,14,7,7,324,302,68,722
"Andhra Pradesh",2005,Total,38,21,28,1277,1251,313,2928
"Arunachal Pradesh",2005,Male,0,0,0,58,20,2,80
"Arunachal Pradesh",2005,Female,0,0,0,1,0,0,1
"Arunachal Pradesh",2005,Total,0,0,0,59,20,2,81
Assam,2005,Male,0,4,9,672,372,72,1129
Assam,2005,Female,0,0,0,42,19,4,65
Assam,2005,Total,0,4,9,714,391,76,1194
Bihar,2005,Male,5,8,10,1850,983,173,3029
Bihar,2005,Female,9,2,3,310,102,16,442
Bihar,2005,Total,14,10,13,2160,1085,189,3471
Chhattisgarh,2005,Male,7,8,7,280,337,88,727
Chhattisgarh,2005,Female,4,6,5,125,148,35,323
Chhattisgarh,2005,Total,11,14,12,405,485,123,1050
Goa,2005,Male,0,1,0,7,23,4,35
Goa,2005,Female,3,0,0,7,3,1,14
Goa,2005,Total,3,1,0,14,26,5,49
Gujarat,2005,Male,41,9,10,293,320,84,757
Gujarat,2005,Female,29,8,2,125,151,31,346
Gujarat,2005,Total,70,17,12,418,471,115,1103
Haryana,2005,Male,6,7,17,286,286,67,669
Haryana,2005,Female,3,1,4,80,40,15,143
Haryana,2005,Total,9,8,21,366,326,82,812
"Himachal Pradesh",2005,Male,3,0,1,27,37,14,82
"Himachal Pradesh",2005,Female,3,0,3,13,16,1,36
"Himachal Pradesh",2005,Total,6,0,4,40,53,15,118
"Jammu & Kashmir",2005,Male,2,0,0,361,236,45,644
"Jammu & Kashmir",2005,Female,2,0,0,64,36,0,102
"Jammu & Kashmir",2005,Total,4,0,0,425,272,45,746
Jharkhand,2005,Male,5,23,69,390,749,114,1350
Jharkhand,2005,Female,0,6,44,62,45,16,173
Jharkhand,2005,Total,5,29,113,452,794,130,1523
Karnataka,2005,Male,22,0,3,473,459,131,1088
Karnataka,2005,Female,17,2,3,306,206,51,585
Karnataka,2005,Total,39,2,6,779,665,182,1673
Kerala,2005,Male,18,4,4,62,134,62,284
Kerala,2005,Female,36,7,0,25,49,30,147
Kerala,2005,Total,54,11,4,87,183,92,431
"Madhya Pradesh",2005,Male,25,20,60,771,795,229,1900
"Madhya Pradesh",2005,Female,10,15,20,248,179,56,528
"Madhya Pradesh",2005,Total,35,35,80,1019,974,285,2428
Maharashtra,2005,Male,77,26,26,634,777,225,1765
Maharashtra,2005,Female,77,17,19,488,312,67,980
Maharashtra,2005,Total,154,43,45,1122,1089,292,2745
Manipur,2005,Male,0,0,0,174,96,6,276
Manipur,2005,Female,1,1,1,12,4,0,19
Manipur,2005,Total,1,1,1,186,100,6,295
Meghalaya,2005,Male,2,1,3,49,60,4,119
Meghalaya,2005,Female,1,0,4,8,4,2,19
Meghalaya,2005,Total,3,1,7,57,64,6,138
Mizoram,2005,Male,0,0,0,13,13,5,31
Mizoram,2005,Female,0,0,0,2,1,1,4
Mizoram,2005,Total,0,0,0,15,14,6,35
Nagaland,2005,Male,0,0,0,35,36,3,74
Nagaland,2005,Female,0,0,0,13,2,2,17
Nagaland,2005,Total,0,0,0,48,38,5,91
Odisha,2005,Male,2,1,1,373,375,55,807
Odisha,2005,Female,1,2,3,162,126,32,326
Odisha,2005,Total,3,3,4,535,501,87,1133
Punjab,2005,Male,7,5,5,244,241,55,557
Punjab,2005,Female,4,4,1,87,78,13,187
Punjab,2005,Total,11,9,6,331,319,68,744
Rajasthan,2005,Male,7,7,16,399,426,95,950
Rajasthan,2005,Female,14,4,9,124,116,29,296
Rajasthan,2005,Total,21,11,25,523,542,124,1246
Sikkim,2005,Male,0,1,0,1,2,1,5
Sikkim,2005,Female,0,0,0,2,2,0,4
Sikkim,2005,Total,0,1,0,3,4,1,9
"Tamil Nadu",2005,Male,22,3,3,353,485,183,1049
"Tamil Nadu",2005,Female,32,7,0,199,159,65,462
"Tamil Nadu",2005,Total,54,10,3,552,644,248,1511
Tripura,2005,Male,0,0,0,42,42,10,94
Tripura,2005,Female,1,0,0,49,10,4,64
Tripura,2005,Total,1,0,0,91,52,14,158
"Uttar Pradesh",2005,Male,25,65,159,2425,1854,483,5011
"Uttar Pradesh",2005,Female,19,59,63,695,447,71,1354
"Uttar Pradesh",2005,Total,44,124,222,3120,2301,554,6365
Uttarakhand,2005,Male,2,2,0,102,103,28,237
Uttarakhand,2005,Female,2,0,0,25,25,1,53
Uttarakhand,2005,Total,4,2,0,127,128,29,290
"West Bengal",2005,Male,0,1,0,673,355,60,1089
"West Bengal",2005,Female,0,1,0,269,81,14,365
"West Bengal",2005,Total,0,2,0,942,436,74,1454
"A&N Islands",2005,Male,1,0,0,4,5,1,11
"A&N Islands",2005,Female,0,0,0,1,3,0,4
"A&N Islands",2005,Total,1,0,0,5,8,1,15
Chandigarh,2005,Male,2,0,0,6,7,0,15
Chandigarh,2005,Female,1,0,0,1,0,1,3
Chandigarh,2005,Total,3,0,0,7,7,1,18
"D&N Haveli",2005,Male,1,0,1,2,1,2,7
"D&N Haveli",2005,Female,0,0,0,0,0,0,0
"D&N Haveli",2005,Total,1,0,1,2,1,2,7
"Daman & Diu",2005,Male,0,1,0,4,0,0,5
"Daman & Diu",2005,Female,0,0,0,0,0,0,0
"Daman & Diu",2005,Total,0,1,0,4,0,0,5
"Delhi UT",2005,Male,10,9,4,197,130,25,375
"Delhi UT",2005,Female,7,3,3,87,43,15,158
"Delhi UT",2005,Total,17,12,7,284,173,40,533
Lakshadweep,2005,Male,0,0,0,0,0,0,0
Lakshadweep,2005,Female,0,0,0,1,0,0,1
Lakshadweep,2005,Total,0,0,0,1,0,0,1
Puducherry,2005,Male,0,0,0,3,7,0,10
Puducherry,2005,Female,0,0,0,5,1,3,9
Puducherry,2005,Total,0,0,0,8,8,3,19
Sikkim,2006,Male,0,0,4,2,5,3,14
Sikkim,2006,Female,0,0,0,3,3,1,7
Sikkim,2006,Total,0,0,4,5,8,4,21
Gujarat,2006,Male,46,13,10,347,365,67,848
Gujarat,2006,Female,34,4,3,150,146,29,366
Gujarat,2006,Total,80,17,13,497,511,96,1214
"Himachal Pradesh",2006,Male,3,0,0,37,51,7,98
"Himachal Pradesh",2006,Female,1,1,0,11,13,5,31
"Himachal Pradesh",2006,Total,4,1,0,48,64,12,129
Chandigarh,2006,Male,1,0,0,2,5,2,10
Chandigarh,2006,Female,0,0,0,0,1,3,4
Chandigarh,2006,Total,1,0,0,2,6,5,14
Puducherry,2006,Male,0,0,1,9,9,2,21
Puducherry,2006,Female,0,0,0,3,5,1,9
Puducherry,2006,Total,0,0,1,12,14,3,30
Haryana,2006,Male,0,8,19,314,354,48,743
Haryana,2006,Female,0,1,2,90,55,8,156
Haryana,2006,Total,0,9,21,404,409,56,899
Rajasthan,2006,Male,19,16,19,392,428,115,989
Rajasthan,2006,Female,11,6,6,113,83,30,249
Rajasthan,2006,Total,30,22,25,505,511,145,1238
Nagaland,2006,Male,4,1,4,74,32,0,115
Nagaland,2006,Female,0,0,0,3,3,2,8
Nagaland,2006,Total,4,1,4,77,35,2,123
Kerala,2006,Male,30,1,1,72,133,51,288
Kerala,2006,Female,35,3,2,30,41,27,138
Kerala,2006,Total,65,4,3,102,174,78,426
"Daman & Diu",2006,Male,0,0,0,3,2,0,5
"Daman & Diu",2006,Female,2,0,0,0,0,0,2
"Daman & Diu",2006,Total,2,0,0,3,2,0,7
Punjab,2006,Male,7,1,6,266,247,87,614
Punjab,2006,Female,3,5,4,120,81,24,237
Punjab,2006,Total,10,6,10,386,328,111,851
"Uttar Pradesh",2006,Male,23,98,149,2405,1707,453,4835
"Uttar Pradesh",2006,Female,11,63,82,408,306,57,927
"Uttar Pradesh",2006,Total,34,161,231,2813,2013,510,5762
"Arunachal Pradesh",2006,Male,0,0,0,40,20,0,60
"Arunachal Pradesh",2006,Female,0,0,0,0,0,0,0
"Arunachal Pradesh",2006,Total,0,0,0,40,20,0,60
Meghalaya,2006,Male,1,0,5,75,62,3,146
Meghalaya,2006,Female,1,0,0,7,3,0,11
Meghalaya,2006,Total,2,0,5,82,65,3,157
"Tamil Nadu",2006,Male,15,7,2,286,439,154,903
"Tamil Nadu",2006,Female,33,9,4,206,181,82,515
"Tamil Nadu",2006,Total,48,16,6,492,620,236,1418
Maharashtra,2006,Male,84,24,27,726,814,291,1966
Maharashtra,2006,Female,75,14,27,482,321,76,995
Maharashtra,2006,Total,159,38,54,1208,1135,367,2961
Bihar,2006,Male,1,1,5,1651,1075,103,2836
Bihar,2006,Female,2,1,2,282,118,8,413
Bihar,2006,Total,3,2,7,1933,1193,111,3249
"D&N Haveli",2006,Male,1,0,0,1,3,1,6
"D&N Haveli",2006,Female,0,0,0,2,1,0,3
"D&N Haveli",2006,Total,1,0,0,3,4,1,9
"Madhya Pradesh",2006,Male,34,22,54,700,722,288,1820
"Madhya Pradesh",2006,Female,14,14,22,200,186,74,510
"Madhya Pradesh",2006,Total,48,36,76,900,908,362,2330
"A&N Islands",2006,Male,0,0,0,1,1,2,4
"A&N Islands",2006,Female,0,0,0,0,1,0,1
"A&N Islands",2006,Total,0,0,0,1,2,2,5
Tripura,2006,Male,1,2,0,49,65,14,131
Tripura,2006,Female,0,0,0,22,8,4,34
Tripura,2006,Total,1,2,0,71,73,18,165
"Delhi UT",2006,Male,18,10,16,208,88,20,360
"Delhi UT",2006,Female,12,2,8,75,23,8,128
"Delhi UT",2006,Total,30,12,24,283,111,28,488
"Andhra Pradesh",2006,Male,12,11,4,1045,812,312,2196
"Andhra Pradesh",2006,Female,16,9,11,322,306,80,744
"Andhra Pradesh",2006,Total,28,20,15,1367,1118,392,2940
Chhattisgarh,2006,Male,8,5,14,268,366,101,762
Chhattisgarh,2006,Female,4,7,10,159,116,40,336
Chhattisgarh,2006,Total,12,12,24,427,482,141,1098
"West Bengal",2006,Male,1,0,2,546,394,52,995
"West Bengal",2006,Female,0,0,0,335,95,17,447
"West Bengal",2006,Total,1,0,2,881,489,69,1442
Odisha,2006,Male,0,4,9,368,360,42,783
Odisha,2006,Female,3,0,2,192,175,12,384
Odisha,2006,Total,3,4,11,560,535,54,1167
Goa,2006,Male,0,0,1,8,13,8,30
Goa,2006,Female,0,0,1,4,2,3,10
Goa,2006,Total,0,0,2,12,15,11,40
Assam,2006,Male,0,4,7,648,391,81,1131
Assam,2006,Female,0,0,0,43,31,2,76
Assam,2006,Total,0,4,7,691,422,83,1207
Lakshadweep,2006,Male,0,0,0,0,0,0,0
Lakshadweep,2006,Female,0,0,0,0,0,0,0
Lakshadweep,2006,Total,0,0,0,0,0,0,0
Uttarakhand,2006,Male,0,2,5,79,134,10,230
Uttarakhand,2006,Female,2,0,1,17,33,2,55
Uttarakhand,2006,Total,2,2,6,96,167,12,285
Jharkhand,2006,Male,11,17,71,474,480,225,1278
Jharkhand,2006,Female,1,1,38,83,58,33,214
Jharkhand,2006,Total,12,18,109,557,538,258,1492
Karnataka,2006,Male,28,10,6,463,482,100,1089
Karnataka,2006,Female,30,3,2,294,195,64,588
Karnataka,2006,Total,58,13,8,757,677,164,1677
"Jammu & Kashmir",2006,Male,2,0,2,287,258,16,565
"Jammu & Kashmir",2006,Female,0,1,5,37,32,1,76
"Jammu & Kashmir",2006,Total,2,1,7,324,290,17,641
Manipur,2006,Male,0,2,4,122,85,16,229
Manipur,2006,Female,0,0,1,5,2,1,9
Manipur,2006,Total,0,2,5,127,87,17,238
Mizoram,2006,Male,0,0,0,17,5,0,22
Mizoram,2006,Female,0,0,0,3,0,0,3
Mizoram,2006,Total,0,0,0,20,5,0,25
Meghalaya,2007,Male,0,3,7,36,52,9,107
Meghalaya,2007,Female,2,0,0,3,2,0,7
Meghalaya,2007,Total,2,3,7,39,54,9,114
Jharkhand,2007,Male,0,12,5,550,711,102,1380
Jharkhand,2007,Female,2,1,5,87,115,27,237
Jharkhand,2007,Total,2,13,10,637,826,129,1617
Bihar,2007,Male,12,23,41,1451,1012,152,2691
Bihar,2007,Female,4,0,15,237,120,14,390
Bihar,2007,Total,16,23,56,1688,1132,166,3081
Assam,2007,Male,0,1,1,766,421,97,1286
Assam,2007,Female,0,0,0,51,37,0,88
Assam,2007,Total,0,1,1,817,458,97,1374
"Daman & Diu",2007,Male,1,1,0,3,2,4,11
"Daman & Diu",2007,Female,0,0,0,1,0,0,1
"Daman & Diu",2007,Total,1,1,0,4,2,4,12
Puducherry,2007,Male,1,0,1,17,5,1,25
Puducherry,2007,Female,1,0,0,4,3,2,10
Puducherry,2007,Total,2,0,1,21,8,3,35
Manipur,2007,Male,1,1,4,140,121,8,275
Manipur,2007,Female,0,0,2,8,8,2,20
Manipur,2007,Total,1,1,6,148,129,10,295
Gujarat,2007,Male,38,10,13,289,451,99,900
Gujarat,2007,Female,33,5,5,117,126,28,314
Gujarat,2007,Total,71,15,18,406,577,127,1214
"Himachal Pradesh",2007,Male,3,2,1,31,46,14,97
"Himachal Pradesh",2007,Female,2,1,1,15,14,2,35
"Himachal Pradesh",2007,Total,5,3,2,46,60,16,132
Kerala,2007,Male,17,8,1,54,115,57,252
Kerala,2007,Female,22,1,4,34,52,28,141
Kerala,2007,Total,39,9,5,88,167,85,393
Maharashtra,2007,Male,92,24,27,654,723,259,1779
Maharashtra,2007,Female,73,15,19,521,297,89,1014
Maharashtra,2007,Total,165,39,46,1175,1020,348,2793
Sikkim,2007,Male,0,0,0,3,2,1,6
Sikkim,2007,Female,0,1,0,2,0,0,3
Sikkim,2007,Total,0,1,0,5,2,1,9
Mizoram,2007,Male,0,0,1,15,7,2,25
Mizoram,2007,Female,0,1,1,11,5,0,18
Mizoram,2007,Total,0,1,2,26,12,2,43
"Tamil Nadu",2007,Male,18,6,2,346,507,228,1107
"Tamil Nadu",2007,Female,31,8,3,261,215,86,604
"Tamil Nadu",2007,Total,49,14,5,607,722,314,1711
Nagaland,2007,Male,0,0,1,42,58,3,104
Nagaland,2007,Female,1,0,1,9,3,0,14
Nagaland,2007,Total,1,0,2,51,61,3,118
Chandigarh,2007,Male,0,0,0,7,7,0,14
Chandigarh,2007,Female,2,0,0,3,0,1,6
Chandigarh,2007,Total,2,0,0,10,7,1,20
Uttarakhand,2007,Male,3,1,5,111,53,18,191
Uttarakhand,2007,Female,2,3,0,53,12,7,77
Uttarakhand,2007,Total,5,4,5,164,65,25,268
Tripura,2007,Male,0,4,2,33,44,17,100
Tripura,2007,Female,3,0,2,19,18,8,50
Tripura,2007,Total,3,4,4,52,62,25,150
Goa,2007,Male,0,0,0,3,11,4,18
Goa,2007,Female,2,0,0,6,4,4,16
Goa,2007,Total,2,0,0,9,15,8,34
"Uttar Pradesh",2007,Male,37,97,102,2050,1619,378,4283
"Uttar Pradesh",2007,Female,24,63,74,382,288,68,899
"Uttar Pradesh",2007,Total,61,160,176,2432,1907,446,5182
Punjab,2007,Male,7,8,6,266,247,67,601
Punjab,2007,Female,3,5,4,120,75,18,225
Punjab,2007,Total,10,13,10,386,322,85,826
Haryana,2007,Male,19,20,29,332,322,53,775
Haryana,2007,Female,14,8,9,84,45,7,167
Haryana,2007,Total,33,28,38,416,367,60,942
"Madhya Pradesh",2007,Male,48,27,34,697,741,217,1764
"Madhya Pradesh",2007,Female,33,7,11,253,183,64,551
"Madhya Pradesh",2007,Total,81,34,45,950,924,281,2315
"A&N Islands",2007,Male,0,0,0,3,4,2,9
"A&N Islands",2007,Female,0,0,0,3,2,1,6
"A&N Islands",2007,Total,0,0,0,6,6,3,15
"Andhra Pradesh",2007,Male,19,8,29,874,828,206,1964
"Andhra Pradesh",2007,Female,26,16,10,415,352,67,886
"Andhra Pradesh",2007,Total,45,24,39,1289,1180,273,2850
"D&N Haveli",2007,Male,1,0,0,1,4,0,6
"D&N Haveli",2007,Female,0,0,0,2,2,0,4
"D&N Haveli",2007,Total,1,0,0,3,6,0,10
Chhattisgarh,2007,Male,10,11,14,281,315,156,787
Chhattisgarh,2007,Female,3,4,3,100,129,71,310
Chhattisgarh,2007,Total,13,15,17,381,444,227,1097
"West Bengal",2007,Male,1,2,2,527,417,57,1006
"West Bengal",2007,Female,7,0,3,441,175,21,647
"West Bengal",2007,Total,8,2,5,968,592,78,1653
"Arunachal Pradesh",2007,Male,0,0,0,41,23,1,65
"Arunachal Pradesh",2007,Female,0,0,0,3,0,0,3
"Arunachal Pradesh",2007,Total,0,0,0,44,23,1,68
"Jammu & Kashmir",2007,Male,0,0,0,170,140,16,326
"Jammu & Kashmir",2007,Female,0,0,0,26,12,2,40
"Jammu & Kashmir",2007,Total,0,0,0,196,152,18,366
"Delhi UT",2007,Male,14,5,20,205,112,28,384
"Delhi UT",2007,Female,10,3,5,71,25,13,127
"Delhi UT",2007,Total,24,8,25,276,137,41,511
Rajasthan,2007,Male,18,17,26,393,483,103,1040
Rajasthan,2007,Female,10,12,6,143,123,25,319
Rajasthan,2007,Total,28,29,32,536,606,128,1359
Odisha,2007,Male,4,10,11,395,405,38,863
Odisha,2007,Female,2,2,4,242,116,6,372
Odisha,2007,Total,6,12,15,637,521,44,1235
Karnataka,2007,Male,15,5,6,381,541,133,1081
Karnataka,2007,Female,17,4,6,289,148,41,505
Karnataka,2007,Total,32,9,12,670,689,174,1586
Lakshadweep,2007,Male,0,0,0,0,0,0,0
Lakshadweep,2007,Female,0,0,0,0,0,0,0
Lakshadweep,2007,Total,0,0,0,0,0,0,0
Gujarat,2009,Male,24,9,4,266,375,56,734
Gujarat,2009,Female,34,6,2,120,129,34,325
Gujarat,2009,Total,58,15,6,386,504,90,1059
Manipur,2009,Male,2,1,3,56,78,16,156
Manipur,2009,Female,2,1,1,5,7,2,18
Manipur,2009,Total,4,2,4,61,85,18,174
"Himachal Pradesh",2009,Male,0,1,2,31,46,14,94
"Himachal Pradesh",2009,Female,4,1,1,10,14,9,39
"Himachal Pradesh",2009,Total,4,2,3,41,60,23,133
"A&N Islands",2009,Male,2,0,0,3,5,0,10
"A&N Islands",2009,Female,1,0,0,3,4,0,8
"A&N Islands",2009,Total,3,0,0,6,9,0,18
Chandigarh,2009,Male,1,0,0,11,6,1,19
Chandigarh,2009,Female,0,0,0,1,2,0,3
Chandigarh,2009,Total,1,0,0,12,8,1,22
Kerala,2009,Male,25,7,1,60,109,58,260
Kerala,2009,Female,17,4,5,20,45,18,109
Kerala,2009,Total,42,11,6,80,154,76,369
Mizoram,2009,Male,0,0,0,8,20,0,28
Mizoram,2009,Female,0,0,0,3,0,0,3
Mizoram,2009,Total,0,0,0,11,20,0,31
"D&N Haveli",2009,Male,1,0,0,1,1,1,4
"D&N Haveli",2009,Female,0,0,0,3,3,0,6
"D&N Haveli",2009,Total,1,0,0,4,4,1,10
Maharashtra,2009,Male,63,11,20,681,721,216,1712
Maharashtra,2009,Female,79,15,18,490,294,104,1000
Maharashtra,2009,Total,142,26,38,1171,1015,320,2712
Punjab,2009,Male,18,15,20,251,312,42,658
Punjab,2009,Female,15,6,8,92,68,14,203
Punjab,2009,Total,33,21,28,343,380,56,861
Uttarakhand,2009,Male,1,1,1,72,56,13,144
Uttarakhand,2009,Female,1,1,0,38,10,1,51
Uttarakhand,2009,Total,2,2,1,110,66,14,195
Odisha,2009,Male,1,0,8,336,343,118,806
Odisha,2009,Female,3,1,0,215,201,40,460
Odisha,2009,Total,4,1,8,551,544,158,1266
Sikkim,2009,Male,2,0,0,7,4,1,14
Sikkim,2009,Female,1,0,0,3,2,0,6
Sikkim,2009,Total,3,0,0,10,6,1,20
Goa,2009,Male,2,0,0,8,13,3,26
Goa,2009,Female,1,0,1,14,12,3,31
Goa,2009,Total,3,0,1,22,25,6,57
"Arunachal Pradesh",2009,Male,0,0,0,30,28,0,58
"Arunachal Pradesh",2009,Female,0,0,0,1,0,0,1
"Arunachal Pradesh",2009,Total,0,0,0,31,28,0,59
"Tamil Nadu",2009,Male,36,8,5,364,611,246,1270
"Tamil Nadu",2009,Female,45,6,5,214,224,93,587
"Tamil Nadu",2009,Total,81,14,10,578,835,339,1857
"Jammu & Kashmir",2009,Male,1,0,3,98,104,10,216
"Jammu & Kashmir",2009,Female,0,0,0,26,16,4,46
"Jammu & Kashmir",2009,Total,1,0,3,124,120,14,262
Nagaland,2009,Male,0,0,0,21,18,1,40
Nagaland,2009,Female,0,0,0,9,0,0,9
Nagaland,2009,Total,0,0,0,30,18,1,49
"Daman & Diu",2009,Male,0,0,0,1,3,0,4
"Daman & Diu",2009,Female,0,0,0,1,0,0,1
"Daman & Diu",2009,Total,0,0,0,2,3,0,5
"Madhya Pradesh",2009,Male,42,20,25,672,761,257,1777
"Madhya Pradesh",2009,Female,18,11,11,277,231,77,625
"Madhya Pradesh",2009,Total,60,31,36,949,992,334,2402
Tripura,2009,Male,6,2,0,34,42,7,91
Tripura,2009,Female,4,3,3,22,21,4,57
Tripura,2009,Total,10,5,3,56,63,11,148
Chhattisgarh,2009,Male,24,9,27,231,349,117,757
Chhattisgarh,2009,Female,15,2,7,124,134,44,326
Chhattisgarh,2009,Total,39,11,34,355,483,161,1083
Haryana,2009,Male,2,4,9,331,357,83,786
Haryana,2009,Female,0,2,2,96,106,15,221
Haryana,2009,Total,2,6,11,427,463,98,1007
Puducherry,2009,Male,0,0,0,13,14,2,29
Puducherry,2009,Female,1,0,0,3,5,1,10
Puducherry,2009,Total,1,0,0,16,19,3,39
Rajasthan,2009,Male,16,16,36,424,473,124,1089
Rajasthan,2009,Female,13,8,8,150,114,35,328
Rajasthan,2009,Total,29,24,44,574,587,159,1417
"Uttar Pradesh",2009,Male,33,89,85,1816,1347,354,3724
"Uttar Pradesh",2009,Female,38,56,71,443,266,81,955
"Uttar Pradesh",2009,Total,71,145,156,2259,1613,435,4679
Meghalaya,2009,Male,0,2,3,69,25,7,106
Meghalaya,2009,Female,0,0,3,16,2,1,22
Meghalaya,2009,Total,0,2,6,85,27,8,128
"West Bengal",2009,Male,3,3,6,708,660,88,1468
"West Bengal",2009,Female,2,5,4,409,248,25,693
"West Bengal",2009,Total,5,8,10,1117,908,113,2161
"Andhra Pradesh",2009,Male,12,12,22,668,777,184,1675
"Andhra Pradesh",2009,Female,18,6,7,379,299,91,800
"Andhra Pradesh",2009,Total,30,18,29,1047,1076,275,2475
Karnataka,2009,Male,12,14,5,363,558,121,1073
Karnataka,2009,Female,16,9,7,335,246,66,679
Karnataka,2009,Total,28,23,12,698,804,187,1752
Lakshadweep,2009,Male,0,0,0,0,0,0,0
Lakshadweep,2009,Female,0,0,0,0,0,0,0
Lakshadweep,2009,Total,0,0,0,0,0,0,0
"Delhi UT",2009,Male,17,17,28,243,117,23,445
"Delhi UT",2009,Female,13,4,2,48,41,18,126
"Delhi UT",2009,Total,30,21,30,291,158,41,571
Assam,2009,Male,0,0,4,784,398,40,1226
Assam,2009,Female,0,0,0,62,35,0,97
Assam,2009,Total,0,0,4,846,433,40,1323
Bihar,2009,Male,13,21,51,1419,878,125,2507
Bihar,2009,Female,9,5,27,439,174,18,672
Bihar,2009,Total,22,26,78,1858,1052,143,3179
Jharkhand,2009,Male,3,1,5,609,736,81,1435
Jharkhand,2009,Female,1,1,0,119,72,8,201
Jharkhand,2009,Total,4,2,5,728,808,89,1636
Maharashtra,2010,Male,91,18,20,670,753,238,1790
Maharashtra,2010,Female,78,16,14,552,303,84,1047
Maharashtra,2010,Total,169,34,34,1222,1056,322,2837
Punjab,2010,Male,10,3,12,277,336,65,703
Punjab,2010,Female,11,6,6,107,91,21,242
Punjab,2010,Total,21,9,18,384,427,86,945
Mizoram,2010,Male,0,0,1,8,23,8,40
Mizoram,2010,Female,0,0,1,0,6,1,8
Mizoram,2010,Total,0,0,2,8,29,9,48
"A&N Islands",2010,Male,0,0,0,2,3,0,5
"A&N Islands",2010,Female,0,0,2,0,3,0,5
"A&N Islands",2010,Total,0,0,2,2,6,0,10
"Himachal Pradesh",2010,Male,2,0,3,31,52,17,105
"Himachal Pradesh",2010,Female,3,0,0,11,12,2,28
"Himachal Pradesh",2010,Total,5,0,3,42,64,19,133
Kerala,2010,Male,23,3,1,60,137,55,279
Gujarat,2008,Male,23,6,8,312,378,78,805
Gujarat,2008,Female,24,3,2,137,145,29,340
Gujarat,2008,Total,47,9,10,449,523,107,1145
Sikkim,2008,Male,0,0,2,1,3,0,6
Sikkim,2008,Female,0,0,0,3,0,0,3
Sikkim,2008,Total,0,0,2,4,3,0,9
"A&N Islands",2008,Male,0,0,0,2,2,2,6
"A&N Islands",2008,Female,0,2,0,0,0,0,2
"A&N Islands",2008,Total,0,2,0,2,2,2,8
Lakshadweep,2008,Male,0,0,0,0,0,0,0
Lakshadweep,2008,Female,0,0,0,0,1,0,1
Lakshadweep,2008,Total,0,0,0,0,1,0,1
Chhattisgarh,2008,Male,13,12,29,282,358,112,806
Chhattisgarh,2008,Female,10,7,27,129,150,40,363
Chhattisgarh,2008,Total,23,19,56,411,508,152,1169
Manipur,2008,Male,3,4,3,132,95,12,249
Manipur,2008,Female,2,0,0,9,8,0,19
Manipur,2008,Total,5,4,3,141,103,12,268
"Tamil Nadu",2008,Male,43,5,0,364,554,234,1200
"Tamil Nadu",2008,Female,45,3,4,233,246,93,624
"Tamil Nadu",2008,Total,88,8,4,597,800,327,1824
"Uttar Pradesh",2008,Male,30,69,119,1927,1383,331,3859
"Uttar Pradesh",2008,Female,30,55,73,360,257,65,840
"Uttar Pradesh",2008,Total,60,124,192,2287,1640,396,4699
Puducherry,2008,Male,1,0,0,12,11,3,27
Puducherry,2008,Female,0,0,0,5,1,2,8
Puducherry,2008,Total,1,0,0,17,12,5,35
Punjab,2008,Male,7,4,6,266,247,66,596
Punjab,2008,Female,3,5,7,120,67,17,219
Punjab,2008,Total,10,9,13,386,314,83,815
"West Bengal",2008,Male,1,5,9,735,662,149,1561
"West Bengal",2008,Female,1,0,5,175,53,16,250
"West Bengal",2008,Total,2,5,14,910,715,165,1811
Goa,2008,Male,0,0,0,10,17,6,33
Goa,2008,Female,2,1,0,8,4,5,20
Goa,2008,Total,2,1,0,18,21,11,53
"Arunachal Pradesh",2008,Male,0,0,0,40,29,2,71
"Arunachal Pradesh",2008,Female,0,0,0,0,1,0,1
"Arunachal Pradesh",2008,Total,0,0,0,40,30,2,72
Haryana,2008,Male,4,6,8,307,360,100,785
Haryana,2008,Female,3,5,5,97,63,12,185
Haryana,2008,Total,7,11,13,404,423,112,970
Uttarakhand,2008,Male,1,0,2,139,46,25,213
Uttarakhand,2008,Female,0,0,0,29,16,3,48
Uttarakhand,2008,Total,1,0,2,168,62,28,261
Kerala,2008,Male,14,5,0,62,116,54,251
Kerala,2008,Female,25,5,0,24,51,23,128
Kerala,2008,Total,39,10,0,86,167,77,379
"D&N Haveli",2008,Male,0,0,0,0,3,2,5
"D&N Haveli",2008,Female,0,1,0,0,2,1,4
"D&N Haveli",2008,Total,0,1,0,0,5,3,9
Chandigarh,2008,Male,0,0,0,7,3,1,11
Chandigarh,2008,Female,0,0,0,3,2,1,6
Chandigarh,2008,Total,0,0,0,10,5,2,17
Assam,2008,Male,0,1,0,790,477,55,1323
Assam,2008,Female,0,0,0,61,42,0,103
Assam,2008,Total,0,1,0,851,519,55,1426
"Himachal Pradesh",2008,Male,3,1,4,27,49,10,94
"Himachal Pradesh",2008,Female,1,2,3,10,16,4,36
"Himachal Pradesh",2008,Total,4,3,7,37,65,14,130
Mizoram,2008,Male,0,0,0,23,10,0,33
Mizoram,2008,Female,0,0,0,1,1,0,2
Mizoram,2008,Total,0,0,0,24,11,0,35
Maharashtra,2008,Male,54,32,20,700,859,262,1927
Maharashtra,2008,Female,62,11,21,541,341,73,1049
Maharashtra,2008,Total,116,43,41,1241,1200,335,2976
Meghalaya,2008,Male,0,0,0,54,48,9,111
Meghalaya,2008,Female,0,0,0,11,4,0,15
Meghalaya,2008,Total,0,0,0,65,52,9,126
"Andhra Pradesh",2008,Male,11,14,55,855,776,221,1932
"Andhra Pradesh",2008,Female,25,7,9,411,296,82,830
"Andhra Pradesh",2008,Total,36,21,64,1266,1072,303,2762
Jharkhand,2008,Male,2,0,6,726,624,73,1431
Jharkhand,2008,Female,2,0,1,115,123,25,266
Jharkhand,2008,Total,4,0,7,841,747,98,1697
Odisha,2008,Male,4,2,3,276,369,51,705
Odisha,2008,Female,2,2,0,257,237,47,545
Odisha,2008,Total,6,4,3,533,606,98,1250
Karnataka,2008,Male,58,11,18,428,532,129,1176
Karnataka,2008,Female,49,17,14,272,229,43,624
Karnataka,2008,Total,107,28,32,700,761,172,1800
Tripura,2008,Male,4,7,3,21,55,13,103
Tripura,2008,Female,3,2,1,36,17,4,63
Tripura,2008,Total,7,9,4,57,72,17,166
"Madhya Pradesh",2008,Male,11,55,11,695,815,248,1835
"Madhya Pradesh",2008,Female,11,13,6,235,187,64,516
"Madhya Pradesh",2008,Total,22,68,17,930,1002,312,2351
"Delhi UT",2008,Male,21,8,15,139,254,36,473
"Delhi UT",2008,Female,4,1,2,63,39,7,116
"Delhi UT",2008,Total,25,9,17,202,293,43,589
Bihar,2008,Male,25,11,48,1401,921,96,2502
Bihar,2008,Female,12,8,12,436,151,18,637
Bihar,2008,Total,37,19,60,1837,1072,114,3139
Nagaland,2008,Male,0,0,0,81,57,3,141
Nagaland,2008,Female,0,0,0,5,1,0,6
Nagaland,2008,Total,0,0,0,86,58,3,147
"Daman & Diu",2008,Male,0,0,0,0,2,0,2
"Daman & Diu",2008,Female,0,0,0,0,0,0,0
"Daman & Diu",2008,Total,0,0,0,0,2,0,2
Rajasthan,2008,Male,13,18,36,398,467,101,1033
Rajasthan,2008,Female,8,6,12,129,102,30,287
Rajasthan,2008,Total,21,24,48,527,569,131,1320
"Jammu & Kashmir",2008,Male,0,0,0,94,126,16,236
"Jammu & Kashmir",2008,Female,0,0,0,13,15,2,30
"Jammu & Kashmir",2008,Total,0,0,0,107,141,18,266
"Delhi UT",2010,Male,6,8,14,238,167,25,458
"Delhi UT",2010,Female,4,3,4,55,39,14,119
"Delhi UT",2010,Total,10,11,18,293,206,39,577
Nagaland,2010,Male,0,0,0,19,16,7,42
Nagaland,2010,Female,0,0,0,1,1,3,5
Nagaland,2010,Total,0,0,0,20,17,10,47
Rajasthan,2010,Male,15,14,33,437,513,103,1115
Rajasthan,2010,Female,14,8,9,130,113,32,306
Rajasthan,2010,Total,29,22,42,567,626,135,1421
Sikkim,2010,Male,1,0,0,1,4,3,9
Sikkim,2010,Female,1,1,0,3,3,0,8
Sikkim,2010,Total,2,1,0,4,7,3,17
"Madhya Pradesh",2010,Male,34,27,40,732,813,244,1890
"Madhya Pradesh",2010,Female,21,13,9,246,202,60,551
"Madhya Pradesh",2010,Total,55,40,49,978,1015,304,2441
Karnataka,2010,Male,18,3,4,481,511,130,1147
Karnataka,2010,Female,27,3,5,377,262,57,731
Karnataka,2010,Total,45,6,9,858,773,187,1878
Chhattisgarh,2010,Male,19,8,31,231,314,105,708
Chhattisgarh,2010,Female,13,5,19,127,153,40,357
Chhattisgarh,2010,Total,32,13,50,358,467,145,1065
"Jammu & Kashmir",2010,Male,0,0,0,91,95,19,205
"Jammu & Kashmir",2010,Female,1,0,0,15,11,3,30
"Jammu & Kashmir",2010,Total,1,0,0,106,106,22,235
Bihar,2010,Male,16,30,82,1491,887,194,2700
Bihar,2010,Female,10,14,50,370,187,31,662
Bihar,2010,Total,26,44,132,1861,1074,225,3362
Kerala,2010,Female,16,6,0,24,53,27,126
Kerala,2010,Total,39,9,1,84,190,82,405
Manipur,2010,Male,0,2,0,26,46,8,82
Manipur,2010,Female,0,0,0,5,13,1,19
Manipur,2010,Total,0,2,0,31,59,9,101
Chandigarh,2010,Male,1,0,0,5,11,3,20
Chandigarh,2010,Female,0,0,0,1,0,1,2
Chandigarh,2010,Total,1,0,0,6,11,4,22
Gujarat,2010,Male,27,14,7,312,365,89,814
Gujarat,2010,Female,19,4,0,131,93,21,268
Gujarat,2010,Total,46,18,7,443,458,110,1082
"West Bengal",2010,Male,0,5,4,635,794,84,1522
"West Bengal",2010,Female,2,3,2,542,308,36,893
"West Bengal",2010,Total,2,8,6,1177,1102,120,2415
"Arunachal Pradesh",2010,Male,0,0,0,53,20,0,73
"Arunachal Pradesh",2010,Female,0,0,0,2,0,0,2
"Arunachal Pradesh",2010,Total,0,0,0,55,20,0,75
Tripura,2010,Male,0,1,0,36,43,16,96
Tripura,2010,Female,0,1,0,24,30,8,63
Tripura,2010,Total,0,2,0,60,73,24,159
Goa,2010,Male,0,0,0,9,17,2,28
Goa,2010,Female,0,0,1,5,1,0,7
Goa,2010,Total,0,0,1,14,18,2,35
"Daman & Diu",2010,Male,0,0,0,4,1,0,5
"Daman & Diu",2010,Female,0,0,0,0,0,0,0
"Daman & Diu",2010,Total,0,0,0,4,1,0,5
Puducherry,2010,Male,0,0,0,10,12,8,30
Puducherry,2010,Female,0,0,0,3,1,0,4
Puducherry,2010,Total,0,0,0,13,13,8,34
Meghalaya,2010,Male,0,0,1,64,53,8,126
Meghalaya,2010,Female,1,0,0,5,3,2,11
Meghalaya,2010,Total,1,0,1,69,56,10,137
"Tamil Nadu",2010,Male,25,8,7,414,598,227,1279
"Tamil Nadu",2010,Female,38,5,9,236,241,100,629
"Tamil Nadu",2010,Total,63,13,16,650,839,327,1908
Lakshadweep,2010,Male,0,0,0,0,0,0,0
Lakshadweep,2010,Female,0,0,0,0,0,0,0
Lakshadweep,2010,Total,0,0,0,0,0,0,0
Uttarakhand,2010,Male,0,1,0,66,52,13,132
Uttarakhand,2010,Female,0,0,2,25,11,6,44
Uttarakhand,2010,Total,0,1,2,91,63,19,176
Haryana,2010,Male,4,6,8,367,381,65,831
Haryana,2010,Female,2,4,6,99,88,14,213
Haryana,2010,Total,6,10,14,466,469,79,1044
Jharkhand,2010,Male,4,2,1,895,529,65,1496
Jharkhand,2010,Female,0,0,1,141,102,12,256
Jharkhand,2010,Total,4,2,2,1036,631,77,1752
Assam,2010,Male,0,0,10,712,369,46,1137
Assam,2010,Female,0,0,0,51,35,0,86
Assam,2010,Total,0,0,10,763,404,46,1223
"Andhra Pradesh",2010,Male,7,16,13,962,591,325,1914
"Andhra Pradesh",2010,Female,15,12,6,235,213,143,624
"Andhra Pradesh",2010,Total,22,28,19,1197,804,468,2538
"Uttar Pradesh",2010,Male,76,52,79,1937,1165,288,3597
"Uttar Pradesh",2010,Female,62,30,47,421,243,56,859
"Uttar Pradesh",2010,Total,138,82,126,2358,1408,344,4456
"D&N Haveli",2010,Male,0,0,0,0,5,0,5
"D&N Haveli",2010,Female,0,0,0,1,0,0,1
"D&N Haveli",2010,Total,0,0,0,1,5,0,6
Odisha,2010,Male,5,0,1,304,401,72,783
Odisha,2010,Female,5,0,1,262,236,32,536
Odisha,2010,Total,10,0,2,566,637,104,1319
"A&N Islands",2011,Male,0,1,0,1,2,2,6
Chandigarh,2011,Male,0,0,1,11,7,1,20
Sikkim,2011,Male,0,0,0,2,5,2,9
Maharashtra,2011,Male,78,16,30,685,826,252,1887
Mizoram,2011,Male,0,1,0,2,12,2,17
"Himachal Pradesh",2011,Male,2,1,0,30,55,15,103
"Tamil Nadu",2011,Male,41,9,15,440,610,200,1315
"Andhra Pradesh",2011,Male,35,5,7,583,934,271,1835
Punjab,2011,Male,14,10,8,269,266,56,623
Gujarat,2011,Male,30,6,9,376,347,58,826
"Delhi UT",2011,Female,11,1,14,69,28,15,138
"Madhya Pradesh",2011,Female,21,8,8,286,262,94,679
Kerala,2011,Female,25,3,3,22,51,33,137
"Arunachal Pradesh",2011,Female,0,0,0,4,1,0,5
Puducherry,2011,Female,0,0,0,2,1,0,3
"Daman & Diu",2011,Female,0,0,0,1,0,3,4
"Jammu & Kashmir",2011,Female,1,1,0,19,9,3,33
Chhattisgarh,2011,Female,12,7,11,126,135,67,358
Karnataka,2011,Female,41,4,14,345,283,76,763
Uttarakhand,2011,Female,0,0,0,32,12,1,45
Meghalaya,2011,Female,0,0,0,5,6,1,12
Goa,2011,Female,1,0,0,6,3,1,11
"West Bengal",2011,Female,1,7,3,419,251,149,830
Assam,2011,Female,0,0,0,64,31,0,95
"Andhra Pradesh",2011,Total,56,14,31,1017,1303,387,2808
Punjab,2011,Total,21,12,8,382,369,74,866
Gujarat,2011,Total,61,7,12,520,453,91,1144
"D&N Haveli",2011,Total,1,0,1,8,3,1,14
Lakshadweep,2011,Total,0,0,0,0,0,0,0
Rajasthan,2011,Total,32,16,27,624,627,135,1461
Manipur,2011,Total,2,3,1,35,50,7,98
"Delhi UT",2011,Total,23,12,30,281,188,35,569
"Madhya Pradesh",2011,Total,51,32,44,1039,1032,357,2555
Kerala,2011,Total,49,4,4,69,160,109,395
"Arunachal Pradesh",2011,Total,0,0,0,42,22,1,65
Puducherry,2011,Total,0,0,0,12,15,7,34
"Daman & Diu",2011,Total,0,0,0,2,1,3,6
"Jammu & Kashmir",2011,Total,3,1,7,63,85,21,180
Chhattisgarh,2011,Total,28,21,27,375,464,195,1110
Karnataka,2011,Total,73,6,35,790,787,229,1920
Uttarakhand,2011,Total,2,4,3,95,67,20,191
Meghalaya,2011,Total,1,4,3,66,83,13,170
Goa,2011,Total,1,1,0,21,20,6,49
"West Bengal",2011,Total,7,11,28,1122,901,198,2267
Assam,2011,Total,0,0,8,805,442,48,1303
Bihar,2011,Total,28,35,61,1712,1190,172,3198
Odisha,2011,Total,7,1,10,610,761,88,1477
"Uttar Pradesh",2011,Total,96,93,137,2660,1662,383,5031
Nagaland,2011,Total,0,1,4,11,23,8,47
Jharkhand,2011,Total,0,1,31,1057,620,92,1801
Haryana,2011,Total,5,4,7,482,516,111,1125
Tripura,2011,Total,13,0,0,74,64,12,163
"D&N Haveli",2011,Male,1,0,1,6,3,1,12
Lakshadweep,2011,Male,0,0,0,0,0,0,0
Rajasthan,2011,Male,19,10,17,484,508,91,1129
Manipur,2011,Male,1,2,1,30,45,6,85
"Delhi UT",2011,Male,12,11,16,212,160,20,431
"Madhya Pradesh",2011,Male,30,24,36,753,770,263,1876
Kerala,2011,Male,24,1,1,47,109,76,258
"Arunachal Pradesh",2011,Male,0,0,0,38,21,1,60
Puducherry,2011,Male,0,0,0,10,14,7,31
"Daman & Diu",2011,Male,0,0,0,1,1,0,2
"Jammu & Kashmir",2011,Male,2,0,7,44,76,18,147
Chhattisgarh,2011,Male,16,14,16,249,329,128,752
Karnataka,2011,Male,32,2,21,445,504,153,1157
Uttarakhand,2011,Male,2,4,3,63,55,19,146
Meghalaya,2011,Male,1,4,3,61,77,12,158
Goa,2011,Male,0,1,0,15,17,5,38
"West Bengal",2011,Male,6,4,25,703,650,49,1437
Assam,2011,Male,0,0,8,741,411,48,1208
Bihar,2011,Male,18,26,40,1322,1033,155,2594
Odisha,2011,Male,4,0,9,356,553,60,982
"Uttar Pradesh",2011,Male,52,49,70,2149,1363,308,3991
Nagaland,2011,Male,0,0,3,9,21,8,41
Jharkhand,2011,Male,0,1,28,917,521,79,1546
Haryana,2011,Male,2,3,6,402,428,84,925
Tripura,2011,Male,12,0,0,27,49,11,99
"A&N Islands",2011,Female,0,0,0,5,3,1,9
Chandigarh,2011,Female,0,0,2,1,2,0,5
Sikkim,2011,Female,0,0,0,1,4,0,5
Maharashtra,2011,Female,63,18,21,538,292,102,1034
Mizoram,2011,Female,0,0,0,1,7,1,9
"Himachal Pradesh",2011,Female,3,1,2,12,7,7,32
"Tamil Nadu",2011,Female,49,3,19,233,220,101,625
"Andhra Pradesh",2011,Female,21,9,24,434,369,116,973
Punjab,2011,Female,7,2,0,113,103,18,243
Gujarat,2011,Female,31,1,3,144,106,33,318
"D&N Haveli",2011,Female,0,0,0,2,0,0,2
Lakshadweep,2011,Female,0,0,0,0,0,0,0
Rajasthan,2011,Female,13,6,10,140,119,44,332
Manipur,2011,Female,1,1,0,5,5,1,13
Bihar,2011,Female,10,9,21,390,157,17,604
Odisha,2011,Female,3,1,1,254,208,28,495
"Uttar Pradesh",2011,Female,44,44,67,511,299,75,1040
Nagaland,2011,Female,0,1,1,2,2,0,6
Jharkhand,2011,Female,0,0,3,140,99,13,255
Haryana,2011,Female,3,1,1,80,88,27,200
Tripura,2011,Female,1,0,0,47,15,1,64
"A&N Islands",2011,Total,0,1,0,6,5,3,15
Chandigarh,2011,Total,0,0,3,12,9,1,25
Sikkim,2011,Total,0,0,0,3,9,2,14
Maharashtra,2011,Total,141,34,51,1223,1118,354,2921
Mizoram,2011,Total,0,1,0,3,19,3,26
"Himachal Pradesh",2011,Total,5,2,2,42,62,22,135
"Tamil Nadu",2011,Total,90,12,34,673,830,301,1940
Maharashtra,2012,Male,67,22,27,653,792,248,1809
Maharashtra,2012,Female,92,17,13,493,311,87,1013
Maharashtra,2012,Total,159,39,40,1146,1103,335,2822
Punjab,2012,Male,14,13,12,249,273,84,645
Punjab,2012,Female,8,3,4,90,109,30,244
Punjab,2012,Total,22,16,16,339,382,114,889
Chandigarh,2012,Male,1,0,1,9,3,1,15
Chandigarh,2012,Female,0,0,1,0,5,0,6
Chandigarh,2012,Total,1,0,2,9,8,1,21
Kerala,2012,Male,14,5,2,61,127,60,269
Kerala,2012,Female,15,8,2,21,47,27,120
Kerala,2012,Total,29,13,4,82,174,87,389
"Andhra Pradesh",2012,Male,18,10,22,519,830,247,1646
"Andhra Pradesh",2012,Female,40,12,16,419,476,116,1079
"Andhra Pradesh",2012,Total,58,22,38,938,1306,363,2725
Gujarat,2012,Male,18,6,4,348,338,131,845
Gujarat,2012,Female,37,1,2,123,122,21,306
Gujarat,2012,Total,55,7,6,471,460,152,1151
Manipur,2012,Male,1,0,1,16,56,11,85
Manipur,2012,Female,1,1,2,2,9,1,16
Manipur,2012,Total,2,1,3,18,65,12,101
Mizoram,2012,Male,0,0,0,9,14,4,27
Mizoram,2012,Female,1,0,0,0,1,1,3
Mizoram,2012,Total,1,0,0,9,15,5,30
Karnataka,2012,Male,33,13,20,403,534,153,1156
Karnataka,2012,Female,42,7,20,315,318,62,764
Karnataka,2012,Total,75,20,40,718,852,215,1920
Rajasthan,2012,Male,12,5,13,445,486,107,1068
Rajasthan,2012,Female,12,7,6,187,140,41,393
Rajasthan,2012,Total,24,12,19,632,626,148,1461
Lakshadweep,2012,Male,0,0,0,0,0,0,0
Lakshadweep,2012,Female,0,0,0,0,0,0,0
Lakshadweep,2012,Total,0,0,0,0,0,0,0
"Himachal Pradesh",2012,Male,2,3,4,31,38,8,86
"Himachal Pradesh",2012,Female,2,2,0,14,8,1,27
"Himachal Pradesh",2012,Total,4,5,4,45,46,9,113
"A&N Islands",2012,Male,1,0,0,3,4,2,10
"A&N Islands",2012,Female,1,0,0,3,2,1,7
"A&N Islands",2012,Total,2,0,0,6,6,3,17
"Tamil Nadu",2012,Male,26,11,15,396,664,286,1398
"Tamil Nadu",2012,Female,33,11,11,198,243,126,622
"Tamil Nadu",2012,Total,59,22,26,594,907,412,2020
"Madhya Pradesh",2012,Male,35,22,33,719,723,246,1778
"Madhya Pradesh",2012,Female,32,8,16,288,238,71,653
"Madhya Pradesh",2012,Total,67,30,49,1007,961,317,2431
Goa,2012,Male,2,0,0,9,9,9,29
Goa,2012,Female,0,1,0,4,9,4,18
Goa,2012,Total,2,1,0,13,18,13,47
Nagaland,2012,Male,0,1,2,43,28,5,79
Nagaland,2012,Female,1,0,1,1,1,0,4
Nagaland,2012,Total,1,1,3,44,29,5,83
Puducherry,2012,Male,0,0,0,5,13,4,22
Puducherry,2012,Female,0,0,0,2,4,2,8
Puducherry,2012,Total,0,0,0,7,17,6,30
"Daman & Diu",2012,Male,1,0,0,1,1,0,3
"Daman & Diu",2012,Female,0,0,0,1,0,0,1
"Daman & Diu",2012,Total,1,0,0,2,1,0,4
Assam,2012,Male,0,0,15,736,489,51,1291
Assam,2012,Female,0,0,0,56,21,0,77
Assam,2012,Total,0,0,15,792,510,51,1368
"D&N Haveli",2012,Male,0,1,0,3,1,0,5
"D&N Haveli",2012,Female,0,0,0,1,1,0,2
"D&N Haveli",2012,Total,0,1,0,4,2,0,7
Uttarakhand,2012,Male,1,0,6,68,43,23,141
Uttarakhand,2012,Female,2,1,1,52,12,8,76
Uttarakhand,2012,Total,3,1,7,120,55,31,217
Meghalaya,2012,Male,0,0,0,80,45,13,138
Meghalaya,2012,Female,0,0,0,3,0,1,4
Meghalaya,2012,Total,0,0,0,83,45,14,142
Bihar,2012,Male,11,17,47,1509,1059,175,2818
Bihar,2012,Female,12,15,33,486,213,27,786
Bihar,2012,Total,23,32,80,1995,1272,202,3604
Sikkim,2012,Male,0,0,0,3,0,0,3
Sikkim,2012,Female,0,1,2,0,1,0,4
Sikkim,2012,Total,0,1,2,3,1,0,7
"Delhi UT",2012,Male,10,6,14,195,152,32,409
"Delhi UT",2012,Female,6,1,8,68,32,16,131
"Delhi UT",2012,Total,16,7,22,263,184,48,540
"Arunachal Pradesh",2012,Male,0,0,0,42,21,0,63
"Arunachal Pradesh",2012,Female,0,0,0,7,3,0,10
"Arunachal Pradesh",2012,Total,0,0,0,49,24,0,73
"Jammu & Kashmir",2012,Male,2,0,0,32,66,5,105
"Jammu & Kashmir",2012,Female,1,0,0,12,13,1,27
"Jammu & Kashmir",2012,Total,3,0,0,44,79,6,132
Odisha,2012,Male,4,4,7,400,463,87,965
Odisha,2012,Female,7,5,8,344,235,32,631
Odisha,2012,Total,11,9,15,744,698,119,1596
"Uttar Pradesh",2012,Male,66,72,138,1762,1516,400,3954
"Uttar Pradesh",2012,Female,48,61,90,447,349,93,1088
"Uttar Pradesh",2012,Total,114,133,228,2209,1865,493,5042
Chhattisgarh,2012,Male,15,15,20,202,318,113,683
Chhattisgarh,2012,Female,11,14,12,120,113,46,316
Chhattisgarh,2012,Total,26,29,32,322,431,159,999
Haryana,2012,Male,7,5,17,330,388,78,825
Haryana,2012,Female,10,2,6,90,75,15,198
Haryana,2012,Total,17,7,23,420,463,93,1023
Jharkhand,2012,Male,0,4,47,767,626,71,1515
Jharkhand,2012,Female,1,0,7,123,89,7,227
Jharkhand,2012,Total,1,4,54,890,715,78,1742
"West Bengal",2012,Male,1,9,23,861,522,263,1679
"West Bengal",2012,Female,0,2,11,301,202,57,573
"West Bengal",2012,Total,1,11,34,1162,724,320,2252
Tripura,2012,Male,2,0,0,32,53,14,101
Tripura,2012,Female,0,0,0,15,7,1,23
Tripura,2012,Total,2,0,0,47,60,15,124
