Year/District,"Old Age Samman Allowance - No. of Beneficiaries","Old Age Samman Allowance - Amount Disbursed (` Lakh)","Widow Pension - No. of Beneficiaries","Widow Pension - Amount Disbursed (` Lakh)","Disabled Pension - No. of Beneficiaries","Disabled Pension - Amount Disbursed (` Lakh)","Ladli Pension Scheme - No. of Beneficiaries","Ladli Pension Scheme - Amount Disbursed (` Lakh)"
1980-81,11361,48.3,542,2,NA,NA,NA,NA
1990-91,831000,8465.35,139109,719.32,33508,167.97,NA,NA
1995-96,741290,8014,198892,1784.42,39190,395.68,NA,NA
2000-01,963849,22134.84,296107,6708.38,60247,1323.17,NA,NA
2005-06,940368,37419.96,375029,14237.62,98461,3590.08,NA,NA
2010-11,1386207,89914.77,506704,43572.92,134200,9209.96,24800,1424.99
2011-12,1322569,90784.16,530843,45400.01,136137,9181.87,25281,1428.81
2012-13,1290860,95878.32,548919,49162.31,134262,9672.31,25109,1546.36
2013-14,1354297,109684.23,576128,53480.89,136503,10637.49,25961,1532
Ambala,NA,NA,NA,NA,NA,NA,NA,NA
Panchkula,NA,NA,NA,NA,NA,NA,NA,NA
Yamunanagar,NA,NA,NA,NA,NA,NA,NA,NA
Kurukshetra,NA,NA,NA,NA,NA,NA,NA,NA
Kaithal,NA,NA,NA,NA,NA,NA,NA,NA
Karnal,NA,NA,NA,NA,NA,NA,NA,NA
Panipat,NA,NA,NA,NA,NA,NA,NA,NA
Sonipat,NA,NA,NA,NA,NA,NA,NA,NA
Rohtak,NA,NA,NA,NA,NA,NA,NA,NA
Jhajjar,NA,NA,NA,NA,NA,NA,NA,NA
Faridabad,NA,NA,NA,NA,NA,NA,NA,NA
Palwal,NA,NA,NA,NA,NA,NA,NA,NA
Gurgaon,NA,NA,NA,NA,NA,NA,NA,NA
Mewat,NA,NA,NA,NA,NA,NA,NA,NA
Rewari,NA,NA,NA,NA,NA,NA,NA,NA
Mahendragarh,NA,NA,NA,NA,NA,NA,NA,NA
Bhiwani,NA,NA,NA,NA,NA,NA,NA,NA
Jind,NA,NA,NA,NA,NA,NA,NA,NA
Hisar,NA,NA,NA,NA,NA,NA,NA,NA
Fatehabad,NA,NA,NA,NA,NA,NA,NA,NA
Sirsa,NA,NA,NA,NA,NA,NA,NA,NA
H.Q.,NA,NA,NA,NA,NA,NA,NA,NA
