"Data Item","Facility Type","Total No. of Facilities #","Facilities reporting nil performance - Numbers","Details of Maximum and Minimum Performing facilities - Performance","Details of Maximum and Minimum Performing facilities - Value Reported","Details of Maximum and Minimum Performing facilities - Sub-district","Details of Maximum and Minimum Performing facilities - Facility"
"Deliveries conducted at facility",CHC,4,0,Maximum,57,Gangolihat,"Gangolihat CHC"
"Deliveries conducted at facility",CHC,4,0,Minimum,10,Munsyari,Munsyari
"Deliveries conducted at facility",PHC,18,11,Maximum,42,Berinag,"PHC Berinag"
"Deliveries conducted at facility",PHC,18,11,Minimum,2,Bin,"PHC Egyardevi"
"Deliveries conducted at facility",SC,160,155,Maximum,3,Didihat,Haradkatiya
"Deliveries conducted at facility",SC,160,155,Minimum,1,Didihat,Jourasi
"Deliveries conducted at facility",SC,160,155,Minimum,1,Kanalichhina,Dewalthal
"Deliveries conducted at facility",SC,160,155,Minimum,1,Munakot,Jhulaghat
"IPD Attendance",DH,2,1,Maximum,232,Bin,"H G Pant District Female Hospital"
"IPD Attendance",DH,2,1,Minimum,232,Bin,"H G Pant District Female Hospital"
"IPD Attendance",CHC,4,0,Maximum,174,Dharchula,"CHC Dharchula"
"IPD Attendance",CHC,4,0,Minimum,22,Munsyari,Munsyari
"IPD Attendance",PHC,18,15,Maximum,123,Gangolihat,Chorpal
"IPD Attendance",PHC,18,15,Minimum,41,Didihat,"APHC Thal Goucher"
"OPD attendance (All)",DH,2,1,Maximum,1697,Bin,"H G Pant District Female Hospital"
"OPD attendance (All)",DH,2,1,Minimum,1697,Bin,"H G Pant District Female Hospital"
"OPD attendance (All)",CHC,4,0,Maximum,1862,Dharchula,"CHC Dharchula"
"OPD attendance (All)",CHC,4,0,Minimum,78,Gangolihat,"Gangolihat CHC"
"OPD attendance (All)",PHC,18,2,Maximum,1757,Berinag,"PHC Berinag"
"OPD attendance (All)",PHC,18,2,Minimum,27,Dharchula,Sosha
"OPD attendance (All)",SC,160,95,Maximum,98,Gangolihat,Bhuligao
"OPD attendance (All)",SC,160,95,Minimum,4,Kanalichhina,Algara
"Operation major (General and spinal anaesthesia)",DH,2,1,Maximum,14,Bin,"H G Pant District Female Hospital"
"Operation major (General and spinal anaesthesia)",DH,2,1,Minimum,14,Bin,"H G Pant District Female Hospital"
