"City Name","Zone Name","Ward Name","Ward No.","Total no. of Households"
Rajkot,"West Zone",1,1,27472
Rajkot,"Central Zone",2,2,21613
Rajkot,"Central Zone",3,3,28607
Rajkot,"East Zone",4,4,27131
Rajkot,"East Zone",5,5,19260
Rajkot,"East Zone",6,6,18897
Rajkot,"Central Zone",7,7,49134
Rajkot,"West Zone",8,8,26628
Rajkot,"West Zone",9,9,31992
Rajkot,"West Zone",10,10,30825
Rajkot,"West Zone",11,11,32536
Rajkot,"West Zone",12,12,33647
Rajkot,"Central Zone",13,13,25584
Rajkot,"Central Zone",14,14,23141
Rajkot,"East Zone",15,15,17131
Rajkot,"East Zone",16,16,16546
Rajkot,"Central Zone",17,17,19787
Rajkot,"East Zone",18,18,35751
