"City Name",Year,"Zone Name","Ward Name","No of Gumasta License","Amount  Gumasta License"
Ahmedabad,15-16,"Central Zone","Central Zone",2107,81200
Ahmedabad,15-16,"North Zone","North Zone",905,27880
Ahmedabad,15-16,"South Zone","South Zone",1591,47340
Ahmedabad,15-16,"East Zone","East Zone",2088,62740
Ahmedabad,15-16,"West Zone","West Zone",3727,107980
Ahmedabad,15-16,"New West Zone","New West Zone",905,121700
Ahmedabad,16-17,"Central Zone","Central Zone",3814,139790
Ahmedabad,16-17,"North Zone","North Zone",1929,55660
Ahmedabad,16-17,"South Zone","South Zone",2093,50920
Ahmedabad,16-17,"East Zone","East Zone",3049,76110
Ahmedabad,16-17,"West Zone","West Zone",4847,121560
Ahmedabad,16-17,"New West Zone","New West Zone",6256,152900
Ahmedabad,17-18,"Central Zone","Central Zone",4212,133330
Ahmedabad,17-18,"North Zone","North Zone",2390,63040
Ahmedabad,17-18,"South Zone","South Zone",2057,50900
Ahmedabad,17-18,"East Zone","East Zone",2773,63360
Ahmedabad,17-18,"West Zone","West Zone",4063,103900
Ahmedabad,17-18,"New West Zone","New West Zone",6324,163420
Ahmedabad,18-19,"Central Zone","Central Zone",1783,57120
Ahmedabad,18-19,"North Zone","North Zone",1230,28500
Ahmedabad,18-19,"South Zone","South Zone",1059,27220
Ahmedabad,18-19,"East Zone","East Zone",1548,35120
Ahmedabad,18-19,"West Zone","West Zone",2837,71100
Ahmedabad,18-19,"New West Zone","New West Zone",3632,81020
