StateName,DistrictName,BlockName,GramPanchayatName,IHHLTotalAsPerDetails,IHHLTotalAch,Date
"Arunachal Pradesh","WEST SIANG","ALONG EAST",BERU,46,46,"6/1/2018 12:00:00 AM"
"Arunachal Pradesh","WEST SIANG","ALONG EAST",BEYE,49,49,"6/1/2018 12:00:00 AM"
"Arunachal Pradesh","WEST SIANG","ALONG EAST",DEGO,46,46,"6/1/2018 12:00:00 AM"
"Arunachal Pradesh","WEST SIANG","ALONG EAST",DOJI-JELLY,58,58,"6/1/2018 12:00:00 AM"
"Arunachal Pradesh","WEST SIANG","ALONG EAST",EYI,66,66,"6/1/2018 12:00:00 AM"
"Arunachal Pradesh","WEST SIANG","ALONG EAST",JIRDIN,71,71,"6/1/2018 12:00:00 AM"
"Arunachal Pradesh","WEST SIANG","ALONG EAST",KOMBO-PAPAK,42,42,"6/1/2018 12:00:00 AM"
"Arunachal Pradesh","WEST SIANG","ALONG EAST",KOMBO-POMTE,61,61,"6/1/2018 12:00:00 AM"
"Arunachal Pradesh","WEST SIANG","ALONG EAST","LOGUM JINI(LOWER)",50,50,"6/1/2018 12:00:00 AM"
"Arunachal Pradesh","WEST SIANG","ALONG EAST","LOGUM JINI(UPPER)",61,61,"6/1/2018 12:00:00 AM"
"Arunachal Pradesh","WEST SIANG","ALONG EAST",NGOMDIR-I,32,32,"6/1/2018 12:00:00 AM"
"Arunachal Pradesh","WEST SIANG","ALONG EAST",NGOMDIR-II,30,30,"6/1/2018 12:00:00 AM"
