"City Name","Zone Name","Ward Name","Ward No.","Facility Name","Type  (Hospital / Nursing Home / Lab)"," Class : (Public / Private)","Level (Primary / Secondary / Tertiary)","Pharmacy Available : Yes/No","Number of Beds in Emergency Wards ","Number of Beds in facility type","Number of Doctors / Physicians","Number of Nurses","Number of Midwives Professional ","Average Monthly Patient Footfall","Ambulance Service Available","Count of Ambulance"
Ahmedabad,South,Maninagar,37,"Sheth Lallubhai Gordhandas General Hospital(LG Hospital)",Hospital,Public,Tertiary,Yes,25,1150,185,350,NA,55000,No,NA
Ahmedabad,"WEST ZONE",NAVRANGPURA,20,"Nagri EYE HOSPITAL","EYE HOSPITAL",PUBLIC,TERTIARY,YES,NA,100,10,28,NA,11700,No,NA
Ahmedabad,"North Zone",Saraspur,21,"Shardaben Hospital",Hospital,Public,Tertiary,Yes,10,620,75,195,22,44500,No,NA
Ahmedabad,CENTRAL,ELLISBRIDGE,NA,"VS HOSPITAL",HOSPITAL,PUBLIC,TERTIARY,YES,48,1155,19,344,NA,60000,No,NA
Ahmedabad,"East Zone",Khokhra,44,"AMC Dental College & Hospital","DENTAL HOSPITAL",Trust,Tertiary,No,0,10,67,20,NA,15000,No,NA
Ahmedabad,CENTRAL,ELLISBRIDGE,NA,SVP,HOSPITAL,PUBLIC,Tertiary,YES,60,1440,700,1500,NA,NA,NA,NA
