S.No.,"Division/ Seat No.","Name of Member",Session,"From Date","To Date",State,"Total Sittings","No of days member signed the register"
1,0,"Dr. Karan Singh",231,2014-06-09T15:14:28Z,2014-06-11T15:14:28Z,Delhi,3,3
2,0,"Dr. Abhishek Manu Singhvi",231,2014-06-09T15:14:28Z,2014-06-11T15:14:28Z,Rajasthan,3,2
3,0,"Dr. Bhalchandra Mungekar",231,2014-06-09T15:14:28Z,2014-06-11T15:14:28Z,NOM.,3,3
4,0,"Dr. E.M. Sudarsana Natchiappan",231,2014-06-09T15:14:28Z,2014-06-11T15:14:28Z,Tamilnadu,3,3
5,0,"Dr. K. Chiranjeevi",231,2014-06-09T15:14:28Z,2014-06-11T15:14:28Z,"Andhra Pradesh",3,2
6,0,"Dr. K.V.P. Ramachandra Rao",231,2014-06-09T15:14:28Z,2014-06-11T15:14:28Z,Telngana,3,3
7,0,"Dr. M.S. Gill",231,2014-06-09T15:14:28Z,2014-06-11T15:14:28Z,Punjab,3,3
8,0,"Dr. Manmohan Singh",231,2014-06-09T15:14:28Z,2014-06-11T15:14:28Z,Assam,3,3
9,0,"Dr. Pradeep Kumar Balmuchu",231,2014-06-09T15:14:28Z,2014-06-11T15:14:28Z,"Jhar Khand",3,1
10,0,"Dr. Sanjay Sinh",231,2014-06-09T15:14:28Z,2014-06-11T15:14:28Z,Assam,3,3
11,0,"Dr. T. Subbarami Reddy",231,2014-06-09T15:14:28Z,2014-06-11T15:14:28Z,"Andhra Pradesh",3,3
12,0,"Dr. Vijaylaxmi Sadho",231,2014-06-09T15:14:28Z,2014-06-11T15:14:28Z,"Madhya Pradesh",3,3
13,0,"Haji Abdul Salam",231,2014-06-09T15:14:28Z,2014-06-11T15:14:28Z,Manipur,3,3
14,0,"Kumari Selja",231,2014-06-09T15:14:28Z,2014-06-11T15:14:28Z,Haryana,3,3
15,0,"Prof. Saif-ud-Din Soz",231,2014-06-09T15:14:28Z,2014-06-11T15:14:28Z,"Jammu & Kashmir",3,3
16,0,"Shri Anand Sharma",231,2014-06-09T15:14:28Z,2014-06-11T15:14:28Z,Rajasthan,3,2
17,0,"Shri Ashk Ali Tak",231,2014-06-09T15:14:28Z,2014-06-11T15:14:28Z,Rajasthan,3,3
18,0,"Shri Ashwani Kumar",231,2014-06-09T15:14:28Z,2014-06-11T15:14:28Z,Punjab,3,3
19,0,"Shri A.K. Antony",231,2014-06-09T15:14:28Z,2014-06-11T15:14:28Z,Kerla,3,3
20,0,"Shri Ahmed Patel",231,2014-06-09T15:14:28Z,2014-06-11T15:14:28Z,Gujrat,3,3
21,0,"Shri Ananda Bhaskar Rapolu",231,2014-06-09T15:14:28Z,2014-06-11T15:14:28Z,Telngana,3,3
22,0,"Shri Avinash Pande",231,2014-06-09T15:14:28Z,2014-06-11T15:14:28Z,Maharashtra,3,3
23,0,"Shri Bhubaneswar Kalita",231,2014-06-09T15:14:28Z,2014-06-11T15:14:28Z,Assam,3,3
24,0,"Shri Birender Singh",231,2014-06-09T15:14:28Z,2014-06-11T15:14:28Z,Haryana,3,3
25,0,"Shri Dhiraj Prasad Sahu",231,2014-06-09T15:14:28Z,2014-06-11T15:14:28Z,"Jhar Khand",3,3
26,0,"Shri Digvijaya Singh",231,2014-06-09T15:14:28Z,2014-06-11T15:14:28Z,"Madhya Pradesh",3,3
27,0,"Shri Husain Dalwai",231,2014-06-09T15:14:28Z,2014-06-11T15:14:28Z,Maharashtra,3,3
28,0,"Shri Jairam Ramesh",231,2014-06-09T15:14:28Z,2014-06-11T15:14:28Z,"Andhra Pradesh",3,3
29,0,"Shri Janardan Dwivedi",231,2014-06-09T15:14:28Z,2014-06-11T15:14:28Z,Delhi,3,3
30,0,"Shri Jesudasu Seelam",231,2014-06-09T15:14:28Z,2014-06-11T15:14:28Z,"Andhra Pradesh",3,3
31,0,"Shri Madhusudan Mistry",231,2014-06-09T15:14:28Z,2014-06-11T15:14:28Z,Gujrat,3,3
32,0,"Shri Mahendra Singh Mahra",231,2014-06-09T15:14:28Z,2014-06-11T15:14:28Z,"Uttra Khand",3,3
33,0,"Shri Mani Shankar Aiyar",231,2014-06-09T15:14:28Z,2014-06-11T15:14:28Z,NOM.,3,3
34,0,"Shri Mohd. Ali Khan",231,2014-06-09T15:14:28Z,2014-06-11T15:14:28Z,"Andhra Pradesh",3,3
35,0,"Shri Motilal Vora",231,2014-06-09T15:14:28Z,2014-06-11T15:14:28Z,Chhattisgarh,3,3
36,0,"Shri Murli Deora",231,2014-06-09T15:14:28Z,2014-06-11T15:14:28Z,Maharashtra,3,3
37,0,"Shri Narendra Budania",231,2014-06-09T15:14:28Z,2014-06-11T15:14:28Z,Rajasthan,3,3
38,0,"Shri Oscar Fernandes",231,2014-06-09T15:14:28Z,2014-06-11T15:14:28Z,Karnatka,3,3
39,0,"Shri P. Bhattacharya",231,2014-06-09T15:14:28Z,2014-06-11T15:14:28Z,"West Bengal",3,3
40,0,"Shri P. Kannan",231,2014-06-09T15:14:28Z,2014-06-11T15:14:28Z,Puducherry,3,3
41,0,"Shri Palvai Govardhan Reddy",231,2014-06-09T15:14:28Z,2014-06-11T15:14:28Z,Telngana,3,3
42,0,"Shri Pankaj Bora",231,2014-06-09T15:14:28Z,2014-06-11T15:14:28Z,Assam,3,3
43,0,"Shri Pramod Tiwari",231,2014-06-09T15:14:28Z,2014-06-11T15:14:28Z,"Uttar Pradesh",3,3
44,0,"Shri Praveen Rashtrapal",231,2014-06-09T15:14:28Z,2014-06-11T15:14:28Z,Gujrat,3,3
45,0,"Shri Rajeev Shukla",231,2014-06-09T15:14:28Z,2014-06-11T15:14:28Z,Maharashtra,3,3
46,0,"Shri Ranjib Biswal",231,2014-06-09T15:14:28Z,2014-06-11T15:14:28Z,Odisha,3,3
47,0,"Shri Santiuse Kujur",231,2014-06-09T15:14:28Z,2014-06-11T15:14:28Z,Assam,3,3
48,0,"Shri Satish Sharma",231,2014-06-09T15:14:28Z,2014-06-11T15:14:28Z,"Uttar Pradesh",3,2
49,0,"Shri Satyavrat Chaturvedi",231,2014-06-09T15:14:28Z,2014-06-11T15:14:28Z,"Madhya Pradesh",3,3
50,0,"Shri Shadi Lal Batra",231,2014-06-09T15:14:28Z,2014-06-11T15:14:28Z,Haryana,3,3
51,0,"Shri Shantaram Naik",231,2014-06-09T15:14:29Z,2014-06-11T15:14:29Z,GOA,3,3
52,0,"Shri V. Hanumantha Rao",231,2014-06-09T15:14:29Z,2014-06-11T15:14:29Z,Telngana,3,3
53,0,"Shri Vayalar Ravi",231,2014-06-09T15:14:29Z,2014-06-11T15:14:29Z,Kerla,3,3
54,0,"Shri Vijay Jawaharlal Darda",231,2014-06-09T15:14:29Z,2014-06-11T15:14:29Z,Maharashtra,3,3
55,0,"Smt. Ambika Soni",231,2014-06-09T15:14:29Z,2014-06-11T15:14:29Z,Punjab,3,2
56,0,"Smt. Mohsina Kidwai",231,2014-06-09T15:14:29Z,2014-06-11T15:14:29Z,Chhattisgarh,3,3
57,0,"Smt. Naznin Faruque",231,2014-06-09T15:14:29Z,2014-06-11T15:14:29Z,Assam,3,3
58,0,"Smt. Rajani Patil",231,2014-06-09T15:14:29Z,2014-06-11T15:14:29Z,Maharashtra,3,3
59,0,"Smt. Renuka Chowdhury",231,2014-06-09T15:14:29Z,2014-06-11T15:14:29Z,"Andhra Pradesh",3,3
60,0,"Smt. Viplove Thakur",231,2014-06-09T15:14:29Z,2014-06-11T15:14:29Z,"Himanchal Pradesh",3,3
61,0,"Smt. Wansuk Syiem",231,2014-06-09T15:14:29Z,2014-06-11T15:14:29Z,Meghalya,3,3
62,1,"Shri Arun Jaitley",231,2014-06-09T15:14:29Z,2014-06-11T15:14:29Z,Gujrat,3,M
63,5,"Dr. C.P. Thakur",231,2014-06-09T15:14:29Z,2014-06-11T15:14:29Z,Bihar,3,3
64,6,"Dr. Prabhakar Kore",231,2014-06-09T15:14:29Z,2014-06-11T15:14:29Z,Karnatka,3,3
65,7,"Shri Mukhtar Abbas Naqvi",231,2014-06-09T15:14:29Z,2014-06-11T15:14:29Z,"Uttar Pradesh",3,3
66,8,"Shri Kaptan Singh Solanki",231,2014-06-09T15:14:29Z,2014-06-11T15:14:29Z,"Madhya Pradesh",3,3
67,9,"Shri Prabhat Jha",231,2014-06-09T15:14:29Z,2014-06-11T15:14:29Z,"Madhya Pradesh",3,3
68,10,"Shri Anil Madhav Dave",231,2014-06-09T15:14:29Z,2014-06-11T15:14:29Z,"Madhya Pradesh",3,2
69,11,"Dr. Chandan Mitra",231,2014-06-09T15:14:29Z,2014-06-11T15:14:29Z,"Madhya Pradesh",3,3
70,12,"Shri Nand Kumar Sai",231,2014-06-09T15:14:29Z,2014-06-11T15:14:29Z,Chhattisgarh,3,3
71,13,"Shri Tarun Vijay",231,2014-06-09T15:14:29Z,2014-06-11T15:14:29Z,"Uttra Khand",3,3
72,14,"Shri Aayanur Manjunatha",231,2014-06-09T15:14:29Z,2014-06-11T15:14:29Z,Karnatka,3,3
73,15,"Smt. Kusum Rai",231,2014-06-09T15:14:29Z,2014-06-11T15:14:29Z,"Uttar Pradesh",3,3
74,16,"Shri Shankarbhai N. Vegad",231,2014-06-09T15:14:29Z,2014-06-11T15:14:29Z,Gujrat,3,3
75,18,"Shri Ajay Sancheti",231,2014-06-09T15:14:29Z,2014-06-11T15:14:29Z,Maharashtra,3,3
76,19,"Shri Ranvijay Singh Judev",231,2014-06-09T15:14:29Z,2014-06-11T15:14:29Z,Chhattisgarh,3,3
77,20,"Shri Chunibhai Kanjibhai Gohel",231,2014-06-09T15:14:29Z,2014-06-11T15:14:29Z,Gujrat,3,3
78,21,"Shri Shambhuprasad Baldevdasji Tundiya",231,2014-06-09T15:14:29Z,2014-06-11T15:14:29Z,Gujrat,3,3
79,22,"Shri Lal Sinh Vadodia",231,2014-06-09T15:14:29Z,2014-06-11T15:14:29Z,Gujrat,3,2
80,23,"Shri Ram Narain Dudi",231,2014-06-09T15:14:29Z,2014-06-11T15:14:29Z,Rajasthan,3,3
81,24,"Shri M. Venkaiah Naidu",231,2014-06-09T15:14:29Z,2014-06-11T15:14:29Z,Karnatka,3,M
82,25,"Shri Ravi Shankar Prasad",231,2014-06-09T15:14:29Z,2014-06-11T15:14:29Z,Bihar,3,M
83,26,"Shri Thaawar Chand Gehlot",231,2014-06-09T15:14:29Z,2014-06-11T15:14:29Z,"Madhya Pradesh",3,M
84,27,"Dr. Najma A. Heptulla",231,2014-06-09T15:14:29Z,2014-06-11T15:14:29Z,"Madhya Pradesh",3,M
85,28,"Smt. Smriti Zubin Irani",231,2014-06-09T15:14:29Z,2014-06-11T15:14:29Z,Gujrat,3,M
86,29,"Shri Dharmendra Pradhan",231,2014-06-09T15:14:29Z,2014-06-11T15:14:29Z,Bihar,3,M
87,30,"Shri Piyush Goyal",231,2014-06-09T15:14:29Z,2014-06-11T15:14:29Z,Maharashtra,3,M
88,31,"Shri Vinay Katiyar",231,2014-06-09T15:14:29Z,2014-06-11T15:14:29Z,"Uttar Pradesh",3,3
89,32,"Shri M. Rama Jois",231,2014-06-09T15:14:29Z,2014-06-11T15:14:29Z,Karnatka,3,3
90,33,"Shri Satyanarayan Jatiya",231,2014-06-09T15:14:29Z,2014-06-11T15:14:29Z,"Madhya Pradesh",3,3
91,34,"Shri Avinash Rai Khanna",231,2014-06-09T15:14:29Z,2014-06-11T15:14:29Z,Punjab,3,3
92,35,"Shri V.P. Singh Badnore",231,2014-06-09T15:14:29Z,2014-06-11T15:14:29Z,Rajasthan,3,3
93,36,"Sardar Sukhdev Singh Dhindsa",231,2014-06-09T15:14:29Z,2014-06-11T15:14:29Z,Punjab,3,3
94,37,"Shri C.M. Ramesh",231,2014-06-09T15:14:29Z,2014-06-11T15:14:29Z,Telngana,3,3
95,38,"Shri Sanjay Raut",231,2014-06-09T15:14:29Z,2014-06-11T15:14:29Z,Maharashtra,3,3
96,39,"Shri Jagat Prakash Nadda",231,2014-06-09T15:14:29Z,2014-06-11T15:14:29Z,"Himanchal Pradesh",3,3
97,40,"Shri Vijay Goel",231,2014-06-09T15:14:29Z,2014-06-11T15:14:29Z,Rajasthan,3,3
98,41,"Smt. Bimla Kashyap Sood",231,2014-06-09T15:14:29Z,2014-06-11T15:14:29Z,"Himanchal Pradesh",3,3
99,42,"Smt. Gundu Sudharani",231,2014-06-09T15:14:29Z,2014-06-11T15:14:29Z,Telngana,3,2
100,43,"Shri Balwinder Singh Bhunder",231,2014-06-09T15:14:29Z,2014-06-11T15:14:29Z,Punjab,3,3
101,44,"Shri Naresh Gujral",231,2014-06-09T15:14:29Z,2014-06-11T15:14:29Z,Punjab,3,3
102,45,"Shri Rajkumar Dhoot",231,2014-06-09T15:14:29Z,2014-06-11T15:14:29Z,Maharashtra,3,3
103,46,"Shri Bhupender Yadav",231,2014-06-09T15:14:29Z,2014-06-11T15:14:29Z,Rajasthan,3,3
104,47,"Shri Dilipbhai Pandya",231,2014-06-09T15:14:29Z,2014-06-11T15:14:29Z,Gujrat,3,3
105,48,"Dr. Bhushan Lal Jangde",231,2014-06-09T15:14:29Z,2014-06-11T15:14:29Z,Chhattisgarh,3,3
106,49,"Shri Ramdas Athawale",231,2014-06-09T15:14:29Z,2014-06-11T15:14:29Z,Maharashtra,3,3
107,50,"Shri Parimal Nathwani",231,2014-06-09T15:14:29Z,2014-06-11T15:14:29Z,"Jhar Khand",3,3
108,51,"Shri Rajeev Chandrasekhar",231,2014-06-09T15:14:29Z,2014-06-11T15:14:29Z,Karnatka,3,3
109,53,"Shri K. Selvaraj",231,2014-06-09T15:14:29Z,2014-06-11T15:14:29Z,Tamilnadu,3,3
110,54,"Shri Basawaraj Patil",231,2014-06-09T15:14:29Z,2014-06-11T15:14:29Z,Karnatka,3,3
111,55,"Shri Rangasayee Ramakrishna",231,2014-06-09T15:14:29Z,2014-06-11T15:14:29Z,Karnatka,3,2
112,56,"Shri Mansukh L. Mandaviya",231,2014-06-09T15:14:29Z,2014-06-11T15:14:29Z,Gujrat,3,1
113,59,"Smt. Thota Seetharama Lakshmi",231,2014-06-09T15:14:29Z,2014-06-11T15:14:29Z,"Andhra Pradesh",3,3
114,60,"Shri Y. S. Chowdary",231,2014-06-09T15:14:29Z,2014-06-11T15:14:29Z,"Andhra Pradesh",3,3
115,61,"Shri Lalhming Liana",231,2014-06-09T15:14:29Z,2014-06-11T15:14:29Z,Mizoram,3,3
116,62,"Shri K. R. Arjunan",231,2014-06-09T15:14:29Z,2014-06-11T15:14:29Z,Tamilnadu,3,3
117,63,"Smt. Vijila Sathyananth",231,2014-06-09T15:14:29Z,2014-06-11T15:14:29Z,Tamilnadu,3,3
118,64,"Shri Narayan Lal Panchariya",231,2014-06-09T15:14:29Z,2014-06-11T15:14:29Z,Rajasthan,3,3
119,66,"Shri Anil Desai",231,2014-06-09T15:14:29Z,2014-06-11T15:14:29Z,Maharashtra,3,3
120,68,"Shri Ram Kumar Kashyap",231,2014-06-09T15:14:29Z,2014-06-11T15:14:29Z,Haryana,3,3
121,69,"Shri Ranbir Singh Parjapati",231,2014-06-09T15:14:29Z,2014-06-11T15:14:29Z,Haryana,3,3
122,70,"Shri Garikapati Mohan Rao",231,2014-06-09T15:14:29Z,2014-06-11T15:14:29Z,Telngana,3,3
123,73,"Shri Hishey Lachungpa",231,2014-06-09T15:14:29Z,2014-06-11T15:14:29Z,Sikkim,3,2
124,74,"Shri A.V. Swamy",231,2014-06-09T15:14:29Z,2014-06-11T15:14:29Z,Odisha,3,3
125,75,"Dr. V. Maitreyan",231,2014-06-09T15:14:29Z,2014-06-11T15:14:29Z,Tamilnadu,3,3
126,76,"Shri Devender Goud T.",231,2014-06-09T15:14:29Z,2014-06-11T15:14:29Z,"Andhra Pradesh",3,3
127,77,"Shri Mukul Roy",231,2014-06-09T15:14:29Z,2014-06-11T15:14:29Z,"West Bengal",3,2
128,78,"Shri Sharad Pawar",231,2014-06-09T15:14:29Z,2014-06-11T15:14:29Z,Maharashtra,3,3
129,79,"Shri Sukhendu Sekhar Roy",231,2014-06-09T15:14:29Z,2014-06-11T15:14:29Z,"West Bengal",3,3
130,80,"Shri S. Muthukaruppan",231,2014-06-09T15:14:29Z,2014-06-11T15:14:29Z,Tamilnadu,3,3
131,81,"Shri Kalpataru Das",231,2014-06-09T15:14:29Z,2014-06-11T15:14:29Z,Odisha,3,3
132,83,"Smt. Kanimozhi",231,2014-06-09T15:14:29Z,2014-06-11T15:14:29Z,Tamilnadu,3,3
133,84,"Smt. Sasikala Pushpa",231,2014-06-09T15:14:29Z,2014-06-11T15:14:29Z,Tamilnadu,3,3
134,86,"Shri Tiruchi Siva",231,2014-06-09T15:14:29Z,2014-06-11T15:14:29Z,Tamilnadu,3,3
135,87,"Shri Mithun Chakraborty",231,2014-06-09T15:14:29Z,2014-06-11T15:14:29Z,"West Bengal",3,2
136,88,"Shri Derek O Brien",231,2014-06-09T15:14:29Z,2014-06-11T15:14:29Z,"West Bengal",3,3
137,89,"Dr. Mahendra Prasad",231,2014-06-09T15:14:29Z,2014-06-11T15:14:29Z,Bihar,3,3
138,90,"Shri T. Rathinavel",231,2014-06-09T15:14:29Z,2014-06-11T15:14:29Z,Tamilnadu,3,3
139,91,"Dr. R. Lakshmanan",231,2014-06-09T15:14:29Z,2014-06-11T15:14:29Z,Tamilnadu,3,3
140,92,"Shri Baishnab Parida",231,2014-06-09T15:14:29Z,2014-06-11T15:14:29Z,Odisha,3,3
141,93,"Dr. K.P. Ramalingam",231,2014-06-09T15:14:29Z,2014-06-11T15:14:29Z,Tamilnadu,3,3
142,94,"Shri D.P. Tripathi",231,2014-06-09T15:14:29Z,2014-06-11T15:14:29Z,Maharashtra,3,3
143,95,"Shri K.C. Tyagi",231,2014-06-09T15:14:29Z,2014-06-11T15:14:29Z,Bihar,3,3
144,96,"Dr. Kanwar Deep Singh",231,2014-06-09T15:14:29Z,2014-06-11T15:14:29Z,"West Bengal",3,3
145,97,"Shri H.K. Dua",231,2014-06-09T15:14:29Z,2014-06-11T15:14:29Z,NOM.,3,3
146,98,"Ms. Anu Aga",231,2014-06-09T15:14:29Z,2014-06-11T15:14:29Z,NOM.,3,3
147,100,"Dr. Ashok S. Ganguly",231,2014-06-09T15:14:29Z,2014-06-11T15:14:29Z,NOM.,3,3
148,101,"Shri Javed Akhtar",231,2014-06-09T15:14:29Z,2014-06-11T15:14:29Z,NOM.,3,2
149,102,"Smt. B. Jayashree",231,2014-06-09T15:14:29Z,2014-06-11T15:14:29Z,NOM.,3,3
150,106,"Shri Paul Manoj Pandian",231,2014-06-09T15:14:29Z,2014-06-11T15:14:29Z,Tamilnadu,3,3
151,107,"Shri A. W. Rabi Bernard",231,2014-06-09T15:14:29Z,2014-06-11T15:14:29Z,Tamilnadu,3,3
152,108,"Shri Majeed Memon",231,2014-06-09T15:14:29Z,2014-06-11T15:14:29Z,Maharashtra,3,3
153,109,"Shri K.T.S. Tulsi",231,2014-06-09T15:14:29Z,2014-06-11T15:14:29Z,NOM.,3,3
154,110,"Shri K. Parasaran",231,2014-06-09T15:14:29Z,2014-06-11T15:14:29Z,NOM.,3,3
155,111,"Prof. Mrinal Miri",231,2014-06-09T15:14:29Z,2014-06-11T15:14:29Z,NOM.,3,2
156,112,"Shri D. Bandyopadhyay",231,2014-06-09T15:14:29Z,2014-06-11T15:14:29Z,"West Bengal",3,3
157,113,"Shri Jogendranath Chowdhury",231,2014-06-09T15:14:29Z,2014-06-11T15:14:29Z,"West Bengal",3,3
158,114,"Shri Srinjoy Bose",231,2014-06-09T15:14:29Z,2014-06-11T15:14:29Z,"West Bengal",3,2
159,115,"Smt. Sarojini Hembram",231,2014-06-09T15:14:29Z,2014-06-11T15:14:29Z,Odisha,3,3
160,118,"Shri Sanjay Dattatraya Kakade",231,2014-06-09T15:14:29Z,2014-06-11T15:14:29Z,Maharashtra,3,2
161,119,"Smt. Vandana Chavan",231,2014-06-09T15:14:29Z,2014-06-11T15:14:29Z,Maharashtra,3,3
162,120,"Shri Ishwarlal Shankarlal Jain",231,2014-06-09T15:14:29Z,2014-06-11T15:14:29Z,Maharashtra,3,3
163,121,"Shri S. Thangavelu",231,2014-06-09T15:14:29Z,2014-06-11T15:14:29Z,Tamilnadu,3,3
164,123,"Shri Ahamed Hassan",231,2014-06-09T15:14:29Z,2014-06-11T15:14:29Z,"West Bengal",3,3
165,124,"Shri Vivek Gupta",231,2014-06-09T15:14:29Z,2014-06-11T15:14:29Z,"West Bengal",3,3
166,125,"Shri Md. Nadimul Haque",231,2014-06-09T15:14:29Z,2014-06-11T15:14:29Z,"West Bengal",3,3
167,126,"Shri Sitaram Yechury",231,2014-06-09T15:14:29Z,2014-06-11T15:14:29Z,"West Bengal",3,3
168,127,"Prof. Ram Gopal Yadav",231,2014-06-09T15:14:29Z,2014-06-11T15:14:29Z,"Uttar Pradesh",3,3
169,129,"Km. Mayawati",231,2014-06-09T15:14:29Z,2014-06-11T15:14:29Z,"Uttar Pradesh",3,3
170,130,"Shri P. Rajeeve",231,2014-06-09T15:14:29Z,2014-06-11T15:14:29Z,Kerla,3,3
171,131,"Shri Naresh Agrawal",231,2014-06-09T15:14:29Z,2014-06-11T15:14:29Z,"Uttar Pradesh",3,3
172,132,"Shri Ali Anwar Ansari",231,2014-06-09T15:14:29Z,2014-06-11T15:14:29Z,Bihar,3,3
173,133,"Shri D. Raja",231,2014-06-09T15:14:29Z,2014-06-11T15:14:29Z,Tamilnadu,3,3
174,134,"Shri Satish Chandra Misra",231,2014-06-09T15:14:29Z,2014-06-11T15:14:29Z,"Uttar Pradesh",3,3
175,135,"Shri Tapan Kumar Sen",231,2014-06-09T15:14:29Z,2014-06-11T15:14:29Z,"West Bengal",3,3
176,137,"Dr. Anil Kumar Sahani",231,2014-06-09T15:14:29Z,2014-06-11T15:14:29Z,Bihar,3,3
177,138,"Dr. Akhilesh Das Gupta",231,2014-06-09T15:14:29Z,2014-06-11T15:14:29Z,"Uttar Pradesh",3,3
178,139,"Shri Veer Singh",231,2014-06-09T15:14:29Z,2014-06-11T15:14:29Z,"Uttar Pradesh",3,3
179,140,"Shri Brajesh Pathak",231,2014-06-09T15:14:29Z,2014-06-11T15:14:29Z,"Uttar Pradesh",3,3
180,141,"Shri T.K. Rangarajan",231,2014-06-09T15:14:29Z,2014-06-11T15:14:29Z,Tamilnadu,3,3
181,142,"Shri Bashistha Narain Singh",231,2014-06-09T15:14:29Z,2014-06-11T15:14:29Z,Bihar,3,2
182,144,"Smt. Kanak Lata Singh",231,2014-06-09T15:14:29Z,2014-06-11T15:14:29Z,"Uttar Pradesh",3,3
183,145,"Shri Munquad Ali",231,2014-06-09T15:14:29Z,2014-06-11T15:14:29Z,"Uttar Pradesh",3,3
184,146,"Shri Rajaram",231,2014-06-09T15:14:29Z,2014-06-11T15:14:29Z,"Uttar Pradesh",3,3
185,147,"Shri Prem Chand Gupta",231,2014-06-09T15:14:29Z,2014-06-11T15:14:29Z,"Jhar Khand",3,3
186,148,"Shri Ram Nath Thakur",231,2014-06-09T15:14:29Z,2014-06-11T15:14:29Z,Bihar,3,3
187,149,"Shri Ramchandra Prasad Singh",231,2014-06-09T15:14:29Z,2014-06-11T15:14:29Z,Bihar,3,3
188,150,"Shri K.N. Balagopal",231,2014-06-09T15:14:29Z,2014-06-11T15:14:29Z,Kerla,3,3
189,151,"Smt. Jharna Das Baidya",231,2014-06-09T15:14:29Z,2014-06-11T15:14:29Z,Tripura,3,2
190,152,"Shri Darshan Singh Yadav",231,2014-06-09T15:14:29Z,2014-06-11T15:14:29Z,"Uttar Pradesh",3,3
191,154,"Shri Ambeth Rajan",231,2014-06-09T15:14:29Z,2014-06-11T15:14:29Z,"Uttar Pradesh",3,3
192,155,"Shri Brijlal Khabri",231,2014-06-09T15:14:29Z,2014-06-11T15:14:29Z,"Uttar Pradesh",3,3
193,156,"Shri Pyarimohan Mohapatra",231,2014-06-09T15:14:29Z,2014-06-11T15:14:29Z,Odisha,3,2
194,157,"Chaudhary Munavver Saleem",231,2014-06-09T15:14:29Z,2014-06-11T15:14:29Z,"Uttar Pradesh",3,1
195,158,"Shri Hari Bansh Narayan Singh",231,2014-06-09T15:14:29Z,2014-06-11T15:14:29Z,Bihar,3,3
196,159,"Dr. T.N. Seema",231,2014-06-09T15:14:29Z,2014-06-11T15:14:29Z,Kerla,3,2
197,161,"Shri M.P. Achuthan",231,2014-06-09T15:14:29Z,2014-06-11T15:14:29Z,Kerla,3,3
198,162,"Shri Khekiho Zhimomi",231,2014-06-09T15:14:29Z,2014-06-11T15:14:29Z,Nagaland,3,3
199,163,"Shri Jugul Kishore",231,2014-06-09T15:14:29Z,2014-06-11T15:14:29Z,"Uttar Pradesh",3,3
200,164,"Shri Avtar Singh Karimpuri",231,2014-06-09T15:14:29Z,2014-06-11T15:14:29Z,"Uttar Pradesh",3,3
201,165,"Dr. K. Keshava Rao",231,2014-06-09T15:14:29Z,2014-06-11T15:14:29Z,"Andhra Pradesh",3,2
202,166,"Shri C.P. Narayanan",231,2014-06-09T15:14:29Z,2014-06-11T15:14:29Z,Kerla,3,3
203,167,"Shri Ritabrata Banerjee",231,2014-06-09T15:14:29Z,2014-06-11T15:14:29Z,"West Bengal",3,3
204,168,"Shri Mohammed Adeeb",231,2014-06-09T15:14:29Z,2014-06-11T15:14:29Z,"Uttar Pradesh",3,3
205,169,"Smt. Kahkashan Perween",231,2014-06-09T15:14:29Z,2014-06-11T15:14:29Z,Bihar,3,3
206,171,"Shri Alok Tiwari",231,2014-06-09T15:14:29Z,2014-06-11T15:14:29Z,"Uttar Pradesh",3,3
207,172,"Shri Arvind Kumar Singh",231,2014-06-09T15:14:29Z,2014-06-11T15:14:29Z,"Uttar Pradesh",3,3
208,173,"Shri Sanjiv Kumar",231,2014-06-09T15:14:29Z,2014-06-11T15:14:29Z,"Jhar Khand",3,2
209,174,"Shri Salim Ansari",231,2014-06-09T15:14:29Z,2014-06-11T15:14:29Z,"Uttar Pradesh",3,3
210,175,"Shri Rajpal Singh Saini",231,2014-06-09T15:14:29Z,2014-06-11T15:14:29Z,"Uttar Pradesh",3,3
211,176,"Shri Narendra Kumar Kashyap",231,2014-06-09T15:14:29Z,2014-06-11T15:14:29Z,"Uttar Pradesh",3,3
212,199,"Shri Mohammad Shafi",231,2014-06-09T15:14:29Z,2014-06-11T15:14:29Z,"Jammu & Kashmir",3,3
213,207,"Shri Biswajit Daimary",231,2014-06-09T15:14:29Z,2014-06-11T15:14:29Z,Assam,3,3
214,217,"Shri Joy Abraham",231,2014-06-09T15:14:29Z,2014-06-11T15:14:29Z,Kerla,3,3
215,218,"Shri G. N. Ratanpuri",231,2014-06-09T15:14:29Z,2014-06-11T15:14:29Z,"Jammu & Kashmir",3,3
216,228,"Shri Ghulam Nabi Azad",231,2014-06-09T15:14:29Z,2014-06-11T15:14:29Z,"Jammu & Kashmir",3,2
217,229,"Prof. P.J. Kurien",231,2014-06-09T15:14:29Z,2014-06-11T15:14:29Z,Kerla,3,HDC
