"Sr. No","States and UTs"," Rural_in Rs. ","Urban_in Rs.",,,
1,"Andhra Pradesh",433.43,563.16,NA,NA,NA
2,"Arunachal Pradesh",547.14,618.45,NA,NA,NA
3,Assam,478,600.03,NA,NA,NA
4,Bihar,433.43,526.1799999999999,NA,NA,NA
5,Chhattisgarh,398.92,513.7,NA,NA,NA
6,Delhi,541.39,642.47,NA,NA,NA
7,Goa,608.76,671.15,NA,NA,NA
8,Gujarat,501.58,659.1799999999999,NA,NA,NA
9,Haryana,529.42,626.41,NA,NA,NA
10,"Himachal Pradesh",520.4,605.74,NA,NA,NA
11,"Jammu & Kashmir",522.3,602.89,NA,NA,NA
12,Jharkhand,404.79,531.35,NA,NA,NA
13,Karnataka,417.84,588.0599999999999,NA,NA,NA
14,Kerala,537.3099999999999,584.7,NA,NA,NA
15,"Madhya Pradesh",408.41,532.26,NA,NA,NA
16,Maharashtra,484.89,631.85,NA,NA,NA
17,Manipur,578.11,641.13,NA,NA,NA
18,Meghalaya,503.32,745.73,NA,NA,NA
19,Mizoram,639.27,699.75,NA,NA,NA
20,Nagaland,687.3,782.9299999999999,NA,NA,NA
21,Orissa,407.78,497.31,NA,NA,NA
22,Puducherry,385.45,506.17,NA,NA,NA
23,Punjab,543.51,642.51,NA,NA,NA
24,Rajasthan,478,568.15,NA,NA,NA
25,Sikkim,531.5,741.6799999999999,NA,NA,NA
26,Tamilnadu,441.69,559.77,NA,NA,NA
27,Tripura,450.49,555.79,NA,NA,NA
28,"Uttar Pradesh",435.14,532.12,NA,NA,NA
29,Uttaranchal,486.24,602.39,NA,NA,NA
30,"West Bengal",445.38,572.51,NA,NA,NA
0,"All India",446.68,578.8,NA,NA,NA
