"Data Item","Facility Type","Total No. of Facilities #","Facilities reporting nil performance - Numbers","Details of Maximum and Minimum Performing facilities - Performance","Details of Maximum and Minimum Performing facilities - Value Reported","Details of Maximum and Minimum Performing facilities - Sub-district","Details of Maximum and Minimum Performing facilities - Facility"
"Deliveries conducted at facility",DH,1,0,Maximum,31,"Thoubal Notional Block","Thoubal District Hospital"
"Deliveries conducted at facility",DH,1,0,Minimum,31,"Thoubal Notional Block","Thoubal District Hospital"
"Deliveries conducted at facility",CHC,5,1,Maximum,28,Thoubal,"Yairipok CHC"
"Deliveries conducted at facility",CHC,5,1,Minimum,5,Thoubal,"Heirok CHC"
"Deliveries conducted at facility",PHC,13,9,Maximum,15,Lilong,"Lilong PHC"
"Deliveries conducted at facility",PHC,13,9,Minimum,1,Kakching,"Serou PHC"
"IPD Attendance",DH,1,0,Maximum,289,"Thoubal Notional Block","Thoubal District Hospital"
"IPD Attendance",DH,1,0,Minimum,289,"Thoubal Notional Block","Thoubal District Hospital"
"IPD Attendance",CHC,5,1,Maximum,151,Kakching,"Kakching CHC"
"IPD Attendance",CHC,5,1,Minimum,34,Kakching,"Sugnu CHC"
"IPD Attendance",PHC,13,11,Maximum,36,Kakching,"Wangoo Laipham PHC"
"IPD Attendance",PHC,13,11,Minimum,15,Lilong,"Lilong PHC"
"OPD attendance (All)",DH,1,0,Maximum,5137,"Thoubal Notional Block","Thoubal District Hospital"
"OPD attendance (All)",DH,1,0,Minimum,5137,"Thoubal Notional Block","Thoubal District Hospital"
"OPD attendance (All)",CHC,5,0,Maximum,2206,Thoubal,"Yairipok CHC"
"OPD attendance (All)",CHC,5,0,Minimum,566,Lilong,"Lilong Haoreibi CHC"
"OPD attendance (All)",PHC,13,1,Maximum,915,Lilong,"Lilong PHC"
"OPD attendance (All)",PHC,13,1,Minimum,83,Thoubal,"Khongjom PHC"
"OPD attendance (All)",SC,51,6,Maximum,85,Kakching,"PHSC Keirak"
"OPD attendance (All)",SC,51,6,Minimum,2,Lilong,"PHSC Nungei"
"OPD attendance (All)",SC,51,6,Minimum,2,Thoubal,"PHSC Leirongthel Pitra"
"Operation major (General and spinal anaesthesia)",DH,1,0,Maximum,4,"Thoubal Notional Block","Thoubal District Hospital"
"Operation major (General and spinal anaesthesia)",DH,1,0,Minimum,4,"Thoubal Notional Block","Thoubal District Hospital"
"Operation minor (No or local anaesthesia)",DH,1,0,Maximum,450,"Thoubal Notional Block","Thoubal District Hospital"
"Operation minor (No or local anaesthesia)",DH,1,0,Minimum,450,"Thoubal Notional Block","Thoubal District Hospital"
"Operation minor (No or local anaesthesia)",CHC,5,1,Maximum,127,Kakching,"Kakching CHC"
"Operation minor (No or local anaesthesia)",CHC,5,1,Minimum,5,Kakching,"Sugnu CHC"
"Operation minor (No or local anaesthesia)",PHC,13,6,Maximum,11,Lilong,"Leisangthem PHC"
"Operation minor (No or local anaesthesia)",PHC,13,6,Maximum,11,Lilong,"Lilong PHC"
"Operation minor (No or local anaesthesia)",PHC,13,6,Minimum,1,Kakching,"Serou PHC"
