Year,"GDP at Current Prices (at Factor Cost)","Total Public Expenditure by all Sectors (Revenue AccountCenter+State)","Total Expenditure on Education & Training by Education Department (Rev Account)","Expenditure on Education by Education & other Department as %age of Public Expenditure Rev Account (States+Centre)","Total Expenditure on Education by Education & Other Department as %age of GDP"
2000-01,1991982,572160.14,82486.48,14.4,4.1
2001-02,2167745,619713.14,79865.71,12.9,3.7
2002-03,2338200,678548.31,85507.33,12.6,3.7
2003-04,2622216,743668.96,89079.25,12,3.4
2004-05,2971464,797345.74,96694.1,12.1,3.3
2005-06,3390503,889713.96,113228.71,12.7,3.3
2006-07,3953276,1033873.04,137383.99,13.3,3.5
2007-08,4582086,1191514.69,155797.27,13.1,3.4
2008-09,5303567,1495733.62,189068.84,12.6,3.6
2009-10,6108903,1734074.75,241256.02,13.9,4
2010-11,7248860,1997801.3,293478.23,14.7,4.1
2011-12,8391691,2249526.46,333930.38,14.84,3.98
2012-13,9388876,2619814.66,408421.71,15.6,4.4
2013-14,10472807,2951873.31,465142.8,15.76,4.44
